instance_id,rdf:type,oa:hasTarget,oa:hasBodyValue,prov:wasGeneratedBy
viewsari:annotation_24828,"oa:Annotation, prov:Entity",viewsari:textchunk_24828,"Giotto, his pupil",viewsari:cooccurrence_extraction_cim-gio_1
viewsari:annotation_24829,"oa:Annotation, prov:Entity",viewsari:textchunk_24829,"his son, many edifices of importance both in Italy and abroad, whereof I have not been able to find the architects, such as the Abbey of Monreale in Sicily, the Piscopio of Naples, the Certosa of Pavia, the Duomo of Milan, S. Pietro and S. Petronio in Bologna, and many others which are seen throughout all Italy, built at incredible cost. Having seen all these buildings for myself and studied them, and likewise many sculptures of those times, particularly in Ravenna, and not having ever found, I do not say any memorials of the masters, but even many times the date when they were built, I cannot but marvel at the rudeness and little desire for glory of the men of that age. But returning to our subject; after the buildings named above, there began at last to arise men of a more exalted spirit, who, if they did not find, sought at least to find something of the good. The first was Buono, of whom I know neither the country nor the surname, for the reason that in making record of himself",viewsari:cooccurrence_extraction_buo-ted_1
viewsari:annotation_24830,"oa:Annotation, prov:Entity",viewsari:textchunk_24830,Arnolfo there descended Filippo di Ser Brunellesco,viewsari:cooccurrence_extraction_bru-lap_1
viewsari:annotation_24831,"oa:Annotation, prov:Entity",viewsari:textchunk_24831,"Niccola, returning to Tuscany, found that Fuccio",viewsari:cooccurrence_extraction_fuc-pis_1
viewsari:annotation_24832,"oa:Annotation, prov:Entity",viewsari:textchunk_24832,his father Niccola,viewsari:cooccurrence_extraction_pis-pis_1_01
viewsari:annotation_24833,"oa:Annotation, prov:Entity",viewsari:textchunk_24833,"he having given better design and form to the art of painting) in the men of those times, used to seeing nothing save works done after the Greek manner, even so the works in mosaic of Andrea Tafi, who lived in the same times",viewsari:cooccurrence_extraction_cim-taf_1
viewsari:annotation_24834,"oa:Annotation, prov:Entity",viewsari:textchunk_24834,"Apollonio, to his",viewsari:cooccurrence_extraction_apo-taf_1
viewsari:annotation_24835,"oa:Annotation, prov:Entity",viewsari:textchunk_24835,he opened the way to good work to Giotto,viewsari:cooccurrence_extraction_gio-taf_1
viewsari:annotation_24836,"oa:Annotation, prov:Entity",viewsari:textchunk_24836,"the dead Giotto, he",viewsari:cooccurrence_extraction_gad-gio_1_01
viewsari:annotation_24837,"oa:Annotation, prov:Entity",viewsari:textchunk_24837,"his disciple Giotto, whose good work in painting was making their glory shine throughout all Italy, was one Margaritone, painter of Arezzo, who, with the others who in that unhappy century were holding the highest rank in painting, recognized that their works were little less than wholly obscuring his",viewsari:cooccurrence_extraction_cim-mar_1
viewsari:annotation_24838,"oa:Annotation, prov:Entity",viewsari:textchunk_24838,Lapo; but he,viewsari:cooccurrence_extraction_mar-ted_1
viewsari:annotation_24839,"oa:Annotation, prov:Entity",viewsari:textchunk_24839,"Lorenzo di Cione Ghiberti has left in writing, Giotto",viewsari:cooccurrence_extraction_ghi-gio_1
viewsari:annotation_24840,"oa:Annotation, prov:Entity",viewsari:textchunk_24840,his master Giotto,viewsari:cooccurrence_extraction_cap-gio_1
viewsari:annotation_24841,"oa:Annotation, prov:Entity",viewsari:textchunk_24841,"Giovanni and Niccola of Pisa, Agostino and Agnolo",viewsari:cooccurrence_extraction_agn-pis_1
viewsari:annotation_24842,"oa:Annotation, prov:Entity",viewsari:textchunk_24842,his brother Agnolo,viewsari:cooccurrence_extraction_agn-ago_1
viewsari:annotation_24843,"oa:Annotation, prov:Entity",viewsari:textchunk_24843,"Agostino, then, being engaged in working with Giovanni",viewsari:cooccurrence_extraction_ago-pis_1
viewsari:annotation_24844,"oa:Annotation, prov:Entity",viewsari:textchunk_24844,Agostino and Agnolo of Siena pleased him,viewsari:cooccurrence_extraction_ago-gio_1
viewsari:annotation_24845,"oa:Annotation, prov:Entity",viewsari:textchunk_24845,Agnolo of Siena pleased him,viewsari:cooccurrence_extraction_agn-gio_1
viewsari:annotation_24846,"oa:Annotation, prov:Entity",viewsari:textchunk_24846,Stefano than of Giotto,viewsari:cooccurrence_extraction_gio-ste_1
viewsari:annotation_24847,"oa:Annotation, prov:Entity",viewsari:textchunk_24847,his master,viewsari:cooccurrence_extraction_gio-san_1_01
viewsari:annotation_24848,"oa:Annotation, prov:Entity",viewsari:textchunk_24848,he imitated in such wise the manner of Giotto,viewsari:cooccurrence_extraction_gio-lau_1
viewsari:annotation_24849,"oa:Annotation, prov:Entity",viewsari:textchunk_24849,"Pietro was Bartolommeo Bologhini of Siena, who wrought many panels in Siena and other places in Italy",viewsari:cooccurrence_extraction_bol-lau_1
viewsari:annotation_24850,"oa:Annotation, prov:Entity",viewsari:textchunk_24850,"his being a Florentine, but only of Andrea",viewsari:cooccurrence_extraction_gad-pis_1
viewsari:annotation_24851,"oa:Annotation, prov:Entity",viewsari:textchunk_24851,his father,viewsari:cooccurrence_extraction_pis-pis_1_02
viewsari:annotation_24852,"oa:Annotation, prov:Entity",viewsari:textchunk_24852,he had himself,viewsari:cooccurrence_extraction_buf-taf_1
viewsari:annotation_24853,"oa:Annotation, prov:Entity",viewsari:textchunk_24853,him all that he,viewsari:cooccurrence_extraction_buf-gio_1
viewsari:annotation_24854,"oa:Annotation, prov:Entity",viewsari:textchunk_24854,"Giotto, that he",viewsari:cooccurrence_extraction_cav-gio_1
viewsari:annotation_24855,"oa:Annotation, prov:Entity",viewsari:textchunk_24855,"he made in the said S. Marco in Florence was the portrait of Pope Urban V from the life, with the heads of S. Peter and S. Paul; from which portrait Fra Giovanni da Fiesole",viewsari:cooccurrence_extraction_ang-cav_1
viewsari:annotation_24856,"oa:Annotation, prov:Entity",viewsari:textchunk_24856,Lippo finished what Simone,viewsari:cooccurrence_extraction_mem-mem_1
viewsari:annotation_24857,"oa:Annotation, prov:Entity",viewsari:textchunk_24857,"his Life, and Taddeo",viewsari:cooccurrence_extraction_gad-mem_1
viewsari:annotation_24858,"oa:Annotation, prov:Entity",viewsari:textchunk_24858,his master,viewsari:cooccurrence_extraction_gad-gad_1_01
viewsari:annotation_24859,"oa:Annotation, prov:Entity",viewsari:textchunk_24859,his master,viewsari:cooccurrence_extraction_mil-gad_1
viewsari:annotation_24860,"oa:Annotation, prov:Entity",viewsari:textchunk_24860,"Taddeo, then, adhered constantly to the manner of Giotto",viewsari:cooccurrence_extraction_gad-gio_1_02
viewsari:annotation_24861,"oa:Annotation, prov:Entity",viewsari:textchunk_24861,his brother Bernardo,viewsari:cooccurrence_extraction_orc-orc_1_01
viewsari:annotation_24862,"oa:Annotation, prov:Entity",viewsari:textchunk_24862,"Buffalmacco had done before. Wherefore, putting his",viewsari:cooccurrence_extraction_buf-orc_1
viewsari:annotation_24863,"oa:Annotation, prov:Entity",viewsari:textchunk_24863,"Andrea had a brother called Jacopo, who was engaged in sculpture, but with little profit",viewsari:cooccurrence_extraction_orc-orc_1_02
viewsari:annotation_24864,"oa:Annotation, prov:Entity",viewsari:textchunk_24864,Agnolo and Giovanni,viewsari:cooccurrence_extraction_gad-gad_1_02
viewsari:annotation_24865,"oa:Annotation, prov:Entity",viewsari:textchunk_24865,his father,viewsari:cooccurrence_extraction_gad-gad_1_03
viewsari:annotation_24866,"oa:Annotation, prov:Entity",viewsari:textchunk_24866,Giotto and Taddeo,viewsari:cooccurrence_extraction_gad-gio_2
viewsari:annotation_24867,"oa:Annotation, prov:Entity",viewsari:textchunk_24867,"Giotto and Taddeo and the other painters. Among these was one Jacopo di Casentino, who, being born, as it is read, of the family of Messer Cristoforo Landino of Pratovecchio, was apprenticed by a friar of the Casentino, then Prior at the Sasso della Vernia, to Taddeo Gaddi, while Taddeo was working in that convent, to the end that he",viewsari:cooccurrence_extraction_cas-gio_1
viewsari:annotation_24868,"oa:Annotation, prov:Entity",viewsari:textchunk_24868,"Taddeo their master, he",viewsari:cooccurrence_extraction_cas-gad_1
viewsari:annotation_24869,"oa:Annotation, prov:Entity",viewsari:textchunk_24869,"him, before he",viewsari:cooccurrence_extraction_are-cas_1
viewsari:annotation_24870,"oa:Annotation, prov:Entity",viewsari:textchunk_24870,"he showed to Spinello Aretino the principles of that art which was taught to him by Agnolo, and which Spinello taught afterwards to Bernardo Daddi, who, working in his",viewsari:cooccurrence_extraction_cas-dad_1
viewsari:annotation_24871,"oa:Annotation, prov:Entity",viewsari:textchunk_24871,"Spinello taught afterwards to Bernardo Daddi, who, working in his",viewsari:cooccurrence_extraction_are-dad_1
viewsari:annotation_24872,"oa:Annotation, prov:Entity",viewsari:textchunk_24872,himself the peer of Giotto,viewsari:cooccurrence_extraction_are-gio_1
viewsari:annotation_24873,"oa:Annotation, prov:Entity",viewsari:textchunk_24873,his leave of Antonio,viewsari:cooccurrence_extraction_sta-vin_1
viewsari:annotation_24874,"oa:Annotation, prov:Entity",viewsari:textchunk_24874,his hand in verses and words that are no less rude than the pictures. Having returned to his,viewsari:cooccurrence_extraction_bic-mon_1
viewsari:annotation_24875,"oa:Annotation, prov:Entity",viewsari:textchunk_24875,"Simone, painters of Bologna, and one Cristofano—I know not whether of Ferrara, or, as others say, of Modena",viewsari:cooccurrence_extraction_cri-sim_1
viewsari:annotation_24876,"oa:Annotation, prov:Entity",viewsari:textchunk_24876,"Jacopo and Simone, painters of Bologna, and one Cristofano—I know not whether of Ferrara, or, as others say, of Modena",viewsari:cooccurrence_extraction_ava-cri_1
viewsari:annotation_24877,"oa:Annotation, prov:Entity",viewsari:textchunk_24877,"Cristofano painted scenes on one side, from the Creation of Adam by God up to the death of Moses, Simone and Jacopo painted thirty scenes, from the Birth of Christ up to the Last Supper that He held with the Apostles, and Galasso",viewsari:cooccurrence_extraction_cri-gal_1
viewsari:annotation_24878,"oa:Annotation, prov:Entity",viewsari:textchunk_24878,Jacopo and Simone,viewsari:cooccurrence_extraction_ava-sim_1
viewsari:annotation_24879,"oa:Annotation, prov:Entity",viewsari:textchunk_24879,"Simone and Jacopo painted thirty scenes, from the Birth of Christ up to the Last Supper that He held with the Apostles, and Galasso",viewsari:cooccurrence_extraction_gal-sim_1
viewsari:annotation_24880,"oa:Annotation, prov:Entity",viewsari:textchunk_24880,"Jacopo painted thirty scenes, from the Birth of Christ up to the Last Supper that He held with the Apostles, and Galasso",viewsari:cooccurrence_extraction_ava-gal_1
viewsari:annotation_24881,"oa:Annotation, prov:Entity",viewsari:textchunk_24881,his master,viewsari:cooccurrence_extraction_ban-don_1
viewsari:annotation_24882,"oa:Annotation, prov:Entity",viewsari:textchunk_24882,"Giotto, to go with that wherein are the Sciences and Arts, formerly made, as it has been said, by Andrea Pisano. In the first Luca",viewsari:cooccurrence_extraction_gio-rob_1
viewsari:annotation_24883,"oa:Annotation, prov:Entity",viewsari:textchunk_24883,his with much more judgment and mastery than Luca,viewsari:cooccurrence_extraction_don-rob_1
viewsari:annotation_24884,"oa:Annotation, prov:Entity",viewsari:textchunk_24884,"Agostino, his",viewsari:cooccurrence_extraction_rob-rob_1_01
viewsari:annotation_24885,"oa:Annotation, prov:Entity",viewsari:textchunk_24885,his brother,viewsari:cooccurrence_extraction_rob-rob_1_02
viewsari:annotation_24886,"oa:Annotation, prov:Entity",viewsari:textchunk_24886,his brother,viewsari:cooccurrence_extraction_rob-rob_1_03
viewsari:annotation_24887,"oa:Annotation, prov:Entity",viewsari:textchunk_24887,Donato saw Paolo,viewsari:cooccurrence_extraction_don-ucc_1
viewsari:annotation_24888,"oa:Annotation, prov:Entity",viewsari:textchunk_24888,his father,viewsari:cooccurrence_extraction_ghi-ghi_1_01
viewsari:annotation_24889,"oa:Annotation, prov:Entity",viewsari:textchunk_24889,"his father Bartoluccio, he polished it with such love and patience that nothing could be executed or finished better. And when the time came for comparing the various works, his and those of the other masters were completely finished, and were given to the Guild of Merchants for judgment; but after all had been seen by the Consuls and by many other citizens, diverse opinions were expressed about them. Many foreigners had assembled in Florence, some painters, some sculptors, and others goldsmiths; and they were invited by the Consuls to give judgment on these works, together with the other men of that profession who lived in Florence. They numbered thirty-four in all, each well experienced in his own art. Now, although there were differences of opinion among them, some liking the manner of one man and some that of another, nevertheless they were agreed that Filippo di Ser Brunellesco and Lorenzo di Bartoluccio had composed and completed their scenes better and with a richer abundance of figures than Donato",viewsari:cooccurrence_extraction_don-ghi_1_01
viewsari:annotation_24890,"oa:Annotation, prov:Entity",viewsari:textchunk_24890,"his father Bartoluccio, he polished it with such love and patience that nothing could be executed or finished better. And when the time came for comparing the various works, his and those of the other masters were completely finished, and were given to the Guild of Merchants for judgment; but after all had been seen by the Consuls and by many other citizens, diverse opinions were expressed about them. Many foreigners had assembled in Florence, some painters, some sculptors, and others goldsmiths; and they were invited by the Consuls to give judgment on these works, together with the other men of that profession who lived in Florence. They numbered thirty-four in all, each well experienced in his own art. Now, although there were differences of opinion among them, some liking the manner of one man and some that of another, nevertheless they were agreed that Filippo di Ser Brunellesco and Lorenzo di Bartoluccio had composed and completed their scenes better and with a richer abundance of figures than Donato had done in his, although in that one, also, there was grand design. In that of Jacopo della Quercia the figures were good, but they had no delicacy, although they were made with design and diligence. The work of Francesco di Valdambrina had good heads and was well finished, but was confused in the composition. That of Simone da Colle",viewsari:cooccurrence_extraction_col-ghi_1_01
viewsari:annotation_24891,"oa:Annotation, prov:Entity",viewsari:textchunk_24891,"Donato, each of them being required to make one scene by himself, in competition with Lorenzo Ghiberti, Jacopo[17] della Fonte, Simone da Colle",viewsari:cooccurrence_extraction_col-don_1
viewsari:annotation_24892,"oa:Annotation, prov:Entity",viewsari:textchunk_24892,Andrea Pisano; but on seeing how greatly Lorenzo,viewsari:cooccurrence_extraction_ghi-pis_1
viewsari:annotation_24893,"oa:Annotation, prov:Entity",viewsari:textchunk_24893,"Lorenzo deserve to be praised, seeing that one day Michelagnolo Buonarroti",viewsari:cooccurrence_extraction_buo-ghi_1_01
viewsari:annotation_24894,"oa:Annotation, prov:Entity",viewsari:textchunk_24894,"Lorenzo had a son called Bonaccorso, who finished with his",viewsari:cooccurrence_extraction_ghi-ghi_1_02
viewsari:annotation_24895,"oa:Annotation, prov:Entity",viewsari:textchunk_24895,"he had been left with the secret of making castings in such a way as to make them come out delicate, and also with the knowledge and the method of perforating the metal in that manner which is seen in the works left by Lorenzo. The latter, besides the works by his own hand, bequeathed to his heirs many antiquities both in marble and in bronze, such as the bed of Polycletus",viewsari:cooccurrence_extraction_ghi-pol_1_01
viewsari:annotation_24896,"oa:Annotation, prov:Entity",viewsari:textchunk_24896,"his heirs many antiquities both in marble and in bronze, such as the bed of Polycletus",viewsari:cooccurrence_extraction_ghi-pol_1_02
viewsari:annotation_24897,"oa:Annotation, prov:Entity",viewsari:textchunk_24897,"Lorenzo. These drawings, with some by Giotto and by others, I had from Vittorio Ghiberti",viewsari:cooccurrence_extraction_ghi-ghi_1_03
viewsari:annotation_24898,"oa:Annotation, prov:Entity",viewsari:textchunk_24898,"his discipline: and since the doors of S. Giovanni were then being given their finish, he was put to labour on those figures, in company with many others, as it has been said above. And having, in this work, contracted a friendship with Masolino da Panicale",viewsari:cooccurrence_extraction_ghi-pan_1
viewsari:annotation_24899,"oa:Annotation, prov:Entity",viewsari:textchunk_24899,his father Spinello,viewsari:cooccurrence_extraction_are-spi_1
viewsari:annotation_24900,"oa:Annotation, prov:Entity",viewsari:textchunk_24900,"his hand at this, and had done something, solving this difficulty to some extent, yet Masaccio",viewsari:cooccurrence_extraction_mas-ucc_1
viewsari:annotation_24901,"oa:Annotation, prov:Entity",viewsari:textchunk_24901,"Filippo di Ser Brunellesco, hearing of his",viewsari:cooccurrence_extraction_bru-mas_1
viewsari:annotation_24902,"oa:Annotation, prov:Entity",viewsari:textchunk_24902,him his,viewsari:cooccurrence_extraction_bru-don_1
viewsari:annotation_24903,"oa:Annotation, prov:Entity",viewsari:textchunk_24903,"Donato, each of them being required to make one scene by himself, in competition with Lorenzo Ghiberti, Jacopo[17] della Fonte, Simone da Colle, Francesco di Valdambrina",viewsari:cooccurrence_extraction_don-val_1
viewsari:annotation_24904,"oa:Annotation, prov:Entity",viewsari:textchunk_24904,Lorenzo and to Donato,viewsari:cooccurrence_extraction_don-ghi_1_02
viewsari:annotation_24905,"oa:Annotation, prov:Entity",viewsari:textchunk_24905,"Simone da Colle, Francesco di Valdambrina",viewsari:cooccurrence_extraction_col-val_1
viewsari:annotation_24906,"oa:Annotation, prov:Entity",viewsari:textchunk_24906,"Lorenzo Ghiberti, Jacopo[17] della Fonte, Simone da Colle, Francesco di Valdambrina",viewsari:cooccurrence_extraction_ghi-val_1
viewsari:annotation_24907,"oa:Annotation, prov:Entity",viewsari:textchunk_24907,"Filippo and Donato, each of them being required to make one scene by himself, in competition with Lorenzo Ghiberti, Jacopo[17] della Fonte, Simone da Colle, Francesco di Valdambrina",viewsari:cooccurrence_extraction_bru-val_1
viewsari:annotation_24908,"oa:Annotation, prov:Entity",viewsari:textchunk_24908,"Lorenzo Ghiberti, Jacopo[17] della Fonte, Simone da Colle",viewsari:cooccurrence_extraction_col-ghi_1_02
viewsari:annotation_24909,"oa:Annotation, prov:Entity",viewsari:textchunk_24909,"Filippo and Donato, each of them being required to make one scene by himself, in competition with Lorenzo Ghiberti, Jacopo[17] della Fonte, Simone da Colle",viewsari:cooccurrence_extraction_bru-col_1
viewsari:annotation_24910,"oa:Annotation, prov:Entity",viewsari:textchunk_24910,"Lorenzo: ""My",viewsari:cooccurrence_extraction_bru-ghi_1
viewsari:annotation_24911,"oa:Annotation, prov:Entity",viewsari:textchunk_24911,"Simone, the brother of Donato",viewsari:cooccurrence_extraction_don-sim_1
viewsari:annotation_24912,"oa:Annotation, prov:Entity",viewsari:textchunk_24912,Donato and of Michelagnolo Buonarroti,viewsari:cooccurrence_extraction_buo-don_1
viewsari:annotation_24913,"oa:Annotation, prov:Entity",viewsari:textchunk_24913,this man Donatello,viewsari:cooccurrence_extraction_don-mic_1
viewsari:annotation_24914,"oa:Annotation, prov:Entity",viewsari:textchunk_24914,"he made a tomb of marble in the Church of S. Martino in Lucca, opposite to the Chapel of the Sacrament, for Messer Piero di Nocera, who is portrayed there from nature. Filarete",viewsari:cooccurrence_extraction_fil-par_1
viewsari:annotation_24915,"oa:Annotation, prov:Entity",viewsari:textchunk_24915,"Filarete, and Bernardo Ciuffagni",viewsari:cooccurrence_extraction_ciu-fil_1
viewsari:annotation_24916,"oa:Annotation, prov:Entity",viewsari:textchunk_24916,"himself to tarsia, to sculpture, and to architecture, Filippo di Ser Brunellesco",viewsari:cooccurrence_extraction_bru-mai_1_01
viewsari:annotation_24917,"oa:Annotation, prov:Entity",viewsari:textchunk_24917,his uncle Giuliano,viewsari:cooccurrence_extraction_mai-mai_1
viewsari:annotation_24918,"oa:Annotation, prov:Entity",viewsari:textchunk_24918,Polito and Benedetto,viewsari:cooccurrence_extraction_don-mai_1_01
viewsari:annotation_24919,"oa:Annotation, prov:Entity",viewsari:textchunk_24919,Polito followed Giuliano,viewsari:cooccurrence_extraction_don-mai_1_02
viewsari:annotation_24920,"oa:Annotation, prov:Entity",viewsari:textchunk_24920,"Piero wrought in the Madonna delle Grazie, Lorentino",viewsari:cooccurrence_extraction_ang-fra_1
viewsari:annotation_24921,"oa:Annotation, prov:Entity",viewsari:textchunk_24921,he was persuaded by Piero della Francesca,viewsari:cooccurrence_extraction_fra-vas_1
viewsari:annotation_24922,"oa:Annotation, prov:Entity",viewsari:textchunk_24922,"he left a son called Giorgio, who occupied himself",viewsari:cooccurrence_extraction_vas-vas_1_01
viewsari:annotation_24923,"oa:Annotation, prov:Entity",viewsari:textchunk_24923,"he left a son called Giorgio, who occupied himself",viewsari:cooccurrence_extraction_vas-vas_1_02
viewsari:annotation_24924,"oa:Annotation, prov:Entity",viewsari:textchunk_24924,he should see his,viewsari:cooccurrence_extraction_eyc-mes_1
viewsari:annotation_24925,"oa:Annotation, prov:Entity",viewsari:textchunk_24925,"Antonello, who would not be beaten in courtesy by Maestro Domenico",viewsari:cooccurrence_extraction_mes-vin_1
viewsari:annotation_24926,"oa:Annotation, prov:Entity",viewsari:textchunk_24926,his pupil,viewsari:cooccurrence_extraction_don-pad_1
viewsari:annotation_24927,"oa:Annotation, prov:Entity",viewsari:textchunk_24927,"himself, giving but a little share to the boy",viewsari:cooccurrence_extraction_dia-lip_1_01
viewsari:annotation_24928,"oa:Annotation, prov:Entity",viewsari:textchunk_24928,"himself, giving but a little share to the boy",viewsari:cooccurrence_extraction_dia-lip_1_02
viewsari:annotation_24930,"oa:Annotation, prov:Entity",viewsari:textchunk_24930,"him in the best way that he could, he sent his son Filippino",viewsari:cooccurrence_extraction_lip-lip_1_01
viewsari:annotation_24931,"oa:Annotation, prov:Entity",viewsari:textchunk_24931,he was; and Mino,viewsari:cooccurrence_extraction_min-rom_1
viewsari:annotation_24932,"oa:Annotation, prov:Entity",viewsari:textchunk_24932,he sent to Baccio (who remained there),viewsari:cooccurrence_extraction_cam-cel_1
viewsari:annotation_24933,"oa:Annotation, prov:Entity",viewsari:textchunk_24933,"he sent to Baccio (who remained there), as presents for the King, certain pictures by the hand of Berto Linaiuolo",viewsari:cooccurrence_extraction_cam-lin_1
viewsari:annotation_24934,"oa:Annotation, prov:Entity",viewsari:textchunk_24934,"Baccio (who remained there), as presents for the King, certain pictures by the hand of Berto Linaiuolo",viewsari:cooccurrence_extraction_cel-lin_1
viewsari:annotation_24935,"oa:Annotation, prov:Entity",viewsari:textchunk_24935,his rival Domenico,viewsari:cooccurrence_extraction_cas-vin_1_01
viewsari:annotation_24936,"oa:Annotation, prov:Entity",viewsari:textchunk_24936,Andrea dal Castagno; and he,viewsari:cooccurrence_extraction_cas-pes_1
viewsari:annotation_24937,"oa:Annotation, prov:Entity",viewsari:textchunk_24937,"Donato, he",viewsari:cooccurrence_extraction_don-pes_1
viewsari:annotation_24938,"oa:Annotation, prov:Entity",viewsari:textchunk_24938,"him, and became a very good master. Wherefore, having given good proof of his knowledge, he was commissioned by the Signoria of Florence to paint a panel in distemper of the Magi bringing offerings to Christ, which was placed half-way up the staircase of their Palace, and acquired great fame for Pesello, above all because he had made certain portraits therein, including that of Donato Acciaiuoli",viewsari:cooccurrence_extraction_cas-don_1
viewsari:annotation_24939,"oa:Annotation, prov:Entity",viewsari:textchunk_24939,his master,viewsari:cooccurrence_extraction_fie-set_1
viewsari:annotation_24940,"oa:Annotation, prov:Entity",viewsari:textchunk_24940,his master,viewsari:cooccurrence_extraction_cos-fer_1
viewsari:annotation_24941,"oa:Annotation, prov:Entity",viewsari:textchunk_24941,his master,viewsari:cooccurrence_extraction_bol-fer_1
viewsari:annotation_24942,"oa:Annotation, prov:Entity",viewsari:textchunk_24942,"that name in tender memory of Gentile da Fabriano, who had been his master and like a loving father to him",viewsari:cooccurrence_extraction_bel-fab_1
viewsari:annotation_24943,"oa:Annotation, prov:Entity",viewsari:textchunk_24943,"that name in tender memory of Gentile da Fabriano, who had been his master and like a loving father to him",viewsari:cooccurrence_extraction_bel-vin_1
viewsari:annotation_24945,"oa:Annotation, prov:Entity",viewsari:textchunk_24945,"that name in tender memory of Gentile da Fabriano, who had been his master and like a loving father to him",viewsari:cooccurrence_extraction_fab-vin_1
viewsari:annotation_24946,"oa:Annotation, prov:Entity",viewsari:textchunk_24946,Giovanni and partly to the said Vivarino,viewsari:cooccurrence_extraction_bel-viv_1_01
viewsari:annotation_24947,"oa:Annotation, prov:Entity",viewsari:textchunk_24947,his brother Gentile,viewsari:cooccurrence_extraction_bel-bel_1
viewsari:annotation_24948,"oa:Annotation, prov:Entity",viewsari:textchunk_24948,"him, painted, beside the last scene of Gentile",viewsari:cooccurrence_extraction_bel-viv_1_02
viewsari:annotation_24949,"oa:Annotation, prov:Entity",viewsari:textchunk_24949,"him, occupying himself",viewsari:cooccurrence_extraction_cos-ros_1_01
viewsari:annotation_24950,"oa:Annotation, prov:Entity",viewsari:textchunk_24950,"Domenico del Ghirlandajo, he obtained for him",viewsari:cooccurrence_extraction_ghe-ghi_1
viewsari:annotation_24951,"oa:Annotation, prov:Entity",viewsari:textchunk_24951,his brother,viewsari:cooccurrence_extraction_ghi-ghi_1_04
viewsari:annotation_24952,"oa:Annotation, prov:Entity",viewsari:textchunk_24952,his art. Domenico,viewsari:cooccurrence_extraction_ghi-mai_1
viewsari:annotation_24953,"oa:Annotation, prov:Entity",viewsari:textchunk_24953,"Antonio, then, being pushed on by Bartoluccio",viewsari:cooccurrence_extraction_ghi-pol_1_03
viewsari:annotation_24954,"oa:Annotation, prov:Entity",viewsari:textchunk_24954,his brother Piero,viewsari:cooccurrence_extraction_pol-pol_1
viewsari:annotation_24955,"oa:Annotation, prov:Entity",viewsari:textchunk_24955,his brother Piero,viewsari:cooccurrence_extraction_sal-pol_1
viewsari:annotation_24956,"oa:Annotation, prov:Entity",viewsari:textchunk_24956,my master,viewsari:cooccurrence_extraction_bia-bot_1
viewsari:annotation_24957,"oa:Annotation, prov:Entity",viewsari:textchunk_24957,"his brothers, Domenico and Giuliano, who likewise executed that of the Sala dell' Orivolo and that of the Audience Chamber. And since the said marble door had been made double by Benedetto",viewsari:cooccurrence_extraction_mai-tas_1
viewsari:annotation_24958,"oa:Annotation, prov:Entity",viewsari:textchunk_24958,"his rivals Baccio Cellini, piper to the Signoria of Florence, who made many very beautiful inlaid works in ivory",viewsari:cooccurrence_extraction_cel-mai_1
viewsari:annotation_24959,"oa:Annotation, prov:Entity",viewsari:textchunk_24959,Donatello and Ghiberti,viewsari:cooccurrence_extraction_don-ghi_2
viewsari:annotation_24960,"oa:Annotation, prov:Entity",viewsari:textchunk_24960,himself in that art much better than he,viewsari:cooccurrence_extraction_ver-vin_1
viewsari:annotation_24961,"oa:Annotation, prov:Entity",viewsari:textchunk_24961,"Andrea, having a very strait friendship with Orsino, a Florentine worker in wax, who had no little judgment in that art",viewsari:cooccurrence_extraction_ors-ver_1
viewsari:annotation_24962,"oa:Annotation, prov:Entity",viewsari:textchunk_24962,"Squarcione, contrived to get him",viewsari:cooccurrence_extraction_man-squ_1
viewsari:annotation_24963,"oa:Annotation, prov:Entity",viewsari:textchunk_24963,"him to marry his daughter, the sister of Gentile",viewsari:cooccurrence_extraction_bel-man_1
viewsari:annotation_24964,"oa:Annotation, prov:Entity",viewsari:textchunk_24964,"Gentile. Hearing this, Squarcione",viewsari:cooccurrence_extraction_bel-squ_1
viewsari:annotation_24965,"oa:Annotation, prov:Entity",viewsari:textchunk_24965,his death. Filippo,viewsari:cooccurrence_extraction_lip-mas_1_01
viewsari:annotation_24966,"oa:Annotation, prov:Entity",viewsari:textchunk_24966,his death. Filippo,viewsari:cooccurrence_extraction_lip-mas_1_02
viewsari:annotation_24967,"oa:Annotation, prov:Entity",viewsari:textchunk_24967,Francia and Raffaello,viewsari:cooccurrence_extraction_fra-san_1_01
viewsari:annotation_24968,"oa:Annotation, prov:Entity",viewsari:textchunk_24968,"he died of grief and melancholy, so some believe, overtaken by the same fate, through contemplating too attentively that most lifelike picture of Raffaello's, as befell Fivizzano",viewsari:cooccurrence_extraction_fiv-fra_1
viewsari:annotation_24969,"oa:Annotation, prov:Entity",viewsari:textchunk_24969,Michelagnolo told him,viewsari:cooccurrence_extraction_buo-per_1
viewsari:annotation_24970,"oa:Annotation, prov:Entity",viewsari:textchunk_24970,"he was painting the Deposition of Christ from the Cross, Filippino",viewsari:cooccurrence_extraction_lip-per_1
viewsari:annotation_24971,"oa:Annotation, prov:Entity",viewsari:textchunk_24971,his master's,viewsari:cooccurrence_extraction_per-san_1_01
viewsari:annotation_24972,"oa:Annotation, prov:Entity",viewsari:textchunk_24972,Pietro's manner. His,viewsari:cooccurrence_extraction_per-pin_1
viewsari:annotation_24973,"oa:Annotation, prov:Entity",viewsari:textchunk_24973,his master,viewsari:cooccurrence_extraction_lui-per_1
viewsari:annotation_24974,"oa:Annotation, prov:Entity",viewsari:textchunk_24974,his day. And when Donatello,viewsari:cooccurrence_extraction_don-ver_1
viewsari:annotation_24975,"oa:Annotation, prov:Entity",viewsari:textchunk_24975,"The same Jacopo, together with Aldigieri",viewsari:cooccurrence_extraction_ava-zev_1
viewsari:annotation_24976,"oa:Annotation, prov:Entity",viewsari:textchunk_24976,"The same Jacopo, together with Aldigieri and Sebeto da Verona",viewsari:cooccurrence_extraction_ava-ver_1
viewsari:annotation_24977,"oa:Annotation, prov:Entity",viewsari:textchunk_24977,Aldigieri; and Sebeto,viewsari:cooccurrence_extraction_ver-zev_1
viewsari:annotation_24978,"oa:Annotation, prov:Entity",viewsari:textchunk_24978,his table; but one day Jacopo,viewsari:cooccurrence_extraction_buo-ind_1
viewsari:annotation_24979,"oa:Annotation, prov:Entity",viewsari:textchunk_24979,"Luca, as he",viewsari:cooccurrence_extraction_buo-sig_1
viewsari:annotation_24980,"oa:Annotation, prov:Entity",viewsari:textchunk_24980,"Andrea del Verrocchio, who was much his friend",viewsari:cooccurrence_extraction_ver-vin_2
viewsari:annotation_24981,"oa:Annotation, prov:Entity",viewsari:textchunk_24981,he taught him,viewsari:cooccurrence_extraction_sal-vin_1
viewsari:annotation_24982,"oa:Annotation, prov:Entity",viewsari:textchunk_24982,"he was, retired from the undertaking; and the friars, to the end that Leonardo",viewsari:cooccurrence_extraction_lip-vin_1
viewsari:annotation_24983,"oa:Annotation, prov:Entity",viewsari:textchunk_24983,Michelagnolo Buonarroti and him,viewsari:cooccurrence_extraction_buo-vin_1
viewsari:annotation_24984,"oa:Annotation, prov:Entity",viewsari:textchunk_24984,Giorgione had seen some things by the hand of Leonardo,viewsari:cooccurrence_extraction_cas-vin_1_02
viewsari:annotation_24985,"oa:Annotation, prov:Entity",viewsari:textchunk_24985,"Cosimo, his master",viewsari:cooccurrence_extraction_cos-ros_1_02
viewsari:annotation_24986,"oa:Annotation, prov:Entity",viewsari:textchunk_24986,his art. And so Piero,viewsari:cooccurrence_extraction_cos-vin_1
viewsari:annotation_24987,"oa:Annotation, prov:Entity",viewsari:textchunk_24987,"Francesco da San Gallo, who was much his friend and intimate companion, and who made it when Piero was old",viewsari:cooccurrence_extraction_cos-gia_1
viewsari:annotation_24988,"oa:Annotation, prov:Entity",viewsari:textchunk_24988,"Francesco da San Gallo, who was much his friend and intimate companion, and who made it when Piero was old",viewsari:cooccurrence_extraction_cos-san_1
viewsari:annotation_24989,"oa:Annotation, prov:Entity",viewsari:textchunk_24989,he made a portrait of Bramante,viewsari:cooccurrence_extraction_san-urb_1_01
viewsari:annotation_24990,"oa:Annotation, prov:Entity",viewsari:textchunk_24990,Bramante had done him,viewsari:cooccurrence_extraction_buo-urb_1
viewsari:annotation_24991,"oa:Annotation, prov:Entity",viewsari:textchunk_24991,"himself to Rome; where, Bramante",viewsari:cooccurrence_extraction_san-urb_1_02
viewsari:annotation_24992,"oa:Annotation, prov:Entity",viewsari:textchunk_24992,himself. Giuliano,viewsari:cooccurrence_extraction_buo-san_1_01
viewsari:annotation_24993,"oa:Annotation, prov:Entity",viewsari:textchunk_24993,"his works one Ventura, a carpenter of Pistoia, who was a man of very good ability, and drew passing well",viewsari:cooccurrence_extraction_urb-ven_1
viewsari:annotation_24994,"oa:Annotation, prov:Entity",viewsari:textchunk_24994,"Baccio, he",viewsari:cooccurrence_extraction_alb-san_1
viewsari:annotation_24995,"oa:Annotation, prov:Entity",viewsari:textchunk_24995,"Cosimo Rosselli, where he",viewsari:cooccurrence_extraction_alb-ros_1
viewsari:annotation_24996,"oa:Annotation, prov:Entity",viewsari:textchunk_24996,his leave of Cosimo,viewsari:cooccurrence_extraction_ros-san_1_01
viewsari:annotation_24997,"oa:Annotation, prov:Entity",viewsari:textchunk_24997,he saw him,viewsari:cooccurrence_extraction_buo-tor_1
viewsari:annotation_24998,"oa:Annotation, prov:Entity",viewsari:textchunk_24998,he was so enraged that Torrigiano,viewsari:cooccurrence_extraction_cre-tor_1
viewsari:annotation_24999,"oa:Annotation, prov:Entity",viewsari:textchunk_24999,his life. This matter becoming known to Lorenzo,viewsari:cooccurrence_extraction_buo-cre_1
viewsari:annotation_25000,"oa:Annotation, prov:Entity",viewsari:textchunk_25000,"Leonardo, speaking with Giuliano",viewsari:cooccurrence_extraction_san-vin_1_01
viewsari:annotation_25001,"oa:Annotation, prov:Entity",viewsari:textchunk_25001,"his brother Antonio, who, having a good and versatile intelligence, and coming thus into contact with the Court, entered into the service of the Pope, who conceived a very great affection for him",viewsari:cooccurrence_extraction_mai-san_1
viewsari:annotation_25002,"oa:Annotation, prov:Entity",viewsari:textchunk_25002,"his brother Antonio, who, having a good and versatile intelligence, and coming thus into contact with the Court, entered into the service of the Pope, who conceived a very great affection for him",viewsari:cooccurrence_extraction_san-san_1_01
viewsari:annotation_25003,"oa:Annotation, prov:Entity",viewsari:textchunk_25003,"Giuliano, whom he took with him to Rome",viewsari:cooccurrence_extraction_san-san_2_01
viewsari:annotation_25004,"oa:Annotation, prov:Entity",viewsari:textchunk_25004,him to work at painting the Papal apartments; whereupon Giuliano,viewsari:cooccurrence_extraction_san-san_1_02
viewsari:annotation_25005,"oa:Annotation, prov:Entity",viewsari:textchunk_25005,"Raffaello, who was his friend",viewsari:cooccurrence_extraction_buo-san_1_02
viewsari:annotation_25006,"oa:Annotation, prov:Entity",viewsari:textchunk_25006,his son,viewsari:cooccurrence_extraction_san-san_1_03
viewsari:annotation_25007,"oa:Annotation, prov:Entity",viewsari:textchunk_25007,him his,viewsari:cooccurrence_extraction_per-san_1_02
viewsari:annotation_25008,"oa:Annotation, prov:Entity",viewsari:textchunk_25008,Leonardo. Yet Raffaello,viewsari:cooccurrence_extraction_san-vin_1_02
viewsari:annotation_25009,"oa:Annotation, prov:Entity",viewsari:textchunk_25009,he taught that good father,viewsari:cooccurrence_extraction_san-san_1_04
viewsari:annotation_25010,"oa:Annotation, prov:Entity",viewsari:textchunk_25010,"Raffaello, it was left with Ridolfo Ghirlandajo",viewsari:cooccurrence_extraction_ghi-san_1_01
viewsari:annotation_25011,"oa:Annotation, prov:Entity",viewsari:textchunk_25011,he sent him,viewsari:cooccurrence_extraction_d-r-san_1
viewsari:annotation_25012,"oa:Annotation, prov:Entity",viewsari:textchunk_25012,"this most noble craftsman, by reason of the aforesaid works and many others, having passed into France and Flanders, Albrecht Dürer, a most marvellous German painter, and an engraver of very beautiful copperplates",viewsari:cooccurrence_extraction_d-r-urb_1
viewsari:annotation_25013,"oa:Annotation, prov:Entity",viewsari:textchunk_25013,Raffaello commissioned him,viewsari:cooccurrence_extraction_bol-san_1
viewsari:annotation_25014,"oa:Annotation, prov:Entity",viewsari:textchunk_25014,"Giovanni da Udine, his disciple, who has no equal in the painting of animals",viewsari:cooccurrence_extraction_san-udi_1
viewsari:annotation_25015,"oa:Annotation, prov:Entity",viewsari:textchunk_25015,"Giulio Romano, whom he had always loved dearly",viewsari:cooccurrence_extraction_rom-san_1_01
viewsari:annotation_25016,"oa:Annotation, prov:Entity",viewsari:textchunk_25016,"Bramante. The Pope wishing to demonstrate the greatness and magnificence of his generous ambition, Raffaello made the designs for the ornaments in stucco and for the scenes that were painted there, and likewise for the compartments; and as for the stucco and the grotesques, he placed at the head of that work Giovanni da Udine",viewsari:cooccurrence_extraction_udi-urb_1
viewsari:annotation_25017,"oa:Annotation, prov:Entity",viewsari:textchunk_25017,"Bramante. The Pope wishing to demonstrate the greatness and magnificence of his generous ambition, Raffaello made the designs for the ornaments in stucco and for the scenes that were painted there, and likewise for the compartments; and as for the stucco and the grotesques, he placed at the head of that work Giovanni da Udine, and the figures he entrusted to Giulio Romano",viewsari:cooccurrence_extraction_rom-urb_1
viewsari:annotation_25018,"oa:Annotation, prov:Entity",viewsari:textchunk_25018,"Giovanni da Udine, and the figures he entrusted to Giulio Romano",viewsari:cooccurrence_extraction_rom-udi_1
viewsari:annotation_25019,"oa:Annotation, prov:Entity",viewsari:textchunk_25019,"Pietro, he sought to the best of his power and knowledge to imitate that of Leonardo",viewsari:cooccurrence_extraction_per-vin_1
viewsari:annotation_25020,"oa:Annotation, prov:Entity",viewsari:textchunk_25020,"Bramante, a letter was written to France, inviting them to come to Rome, and offering them good payments. Thereupon Maestro Claudio, a Frenchman, the head of that art, having received the intelligence, and knowing the excellence of Guglielmo",viewsari:cooccurrence_extraction_mar-urb_1
viewsari:annotation_25021,"oa:Annotation, prov:Entity",viewsari:textchunk_25021,"Bramante, a letter was written to France, inviting them to come to Rome, and offering them good payments. Thereupon Maestro Claudio, a Frenchman, the head of that art",viewsari:cooccurrence_extraction_cla-urb_1
viewsari:annotation_25022,"oa:Annotation, prov:Entity",viewsari:textchunk_25022,Maestro Claudio to get him,viewsari:cooccurrence_extraction_cla-mar_1
viewsari:annotation_25023,"oa:Annotation, prov:Entity",viewsari:textchunk_25023,"Domenico, received Guglielmo",viewsari:cooccurrence_extraction_mar-pec_1
viewsari:annotation_25024,"oa:Annotation, prov:Entity",viewsari:textchunk_25024,him it is related that while Antonio Pollaiuolo,viewsari:cooccurrence_extraction_cro-pol_1
viewsari:annotation_25025,"oa:Annotation, prov:Entity",viewsari:textchunk_25025,him. Benedetto,viewsari:cooccurrence_extraction_bru-mai_1_02
viewsari:annotation_25026,"oa:Annotation, prov:Entity",viewsari:textchunk_25026,Bandinelli and Ammanati,viewsari:cooccurrence_extraction_amm-ban_1
viewsari:annotation_25027,"oa:Annotation, prov:Entity",viewsari:textchunk_25027,"him for many years, because, although they had many invitations into Spain and Hungary from merchants and others, they were never induced either by promises or by money to tear themselves away from the delights of their country, in which they had more work to do than they were able to execute. One of these two was Antonio del Ceraiuolo, a Florentine, who, having been many years with Lorenzo di Credi",viewsari:cooccurrence_extraction_cre-ghi_1
viewsari:annotation_25028,"oa:Annotation, prov:Entity",viewsari:textchunk_25028,"his disciple, and of those that he executed when he was so much the friend of Andrea del Sarto",viewsari:cooccurrence_extraction_ghi-sar_1
viewsari:annotation_25029,"oa:Annotation, prov:Entity",viewsari:textchunk_25029,"him to the grave, Andrea",viewsari:cooccurrence_extraction_fie-mar_1
viewsari:annotation_25030,"oa:Annotation, prov:Entity",viewsari:textchunk_25030,"Silvio, caused him",viewsari:cooccurrence_extraction_buo-cos_1
viewsari:annotation_25031,"oa:Annotation, prov:Entity",viewsari:textchunk_25031,"Vincenzio da San Gimignano of Tuscany, and Timoteo da Urbino",viewsari:cooccurrence_extraction_san-urb_1_03
viewsari:annotation_25032,"oa:Annotation, prov:Entity",viewsari:textchunk_25032,he was much extolled by Raffaello,viewsari:cooccurrence_extraction_san-san_1_05
viewsari:annotation_25033,"oa:Annotation, prov:Entity",viewsari:textchunk_25033,his master,viewsari:cooccurrence_extraction_san-urb_1_04
viewsari:annotation_25034,"oa:Annotation, prov:Entity",viewsari:textchunk_25034,"Bramante, ordained that Andrea",viewsari:cooccurrence_extraction_con-urb_1
viewsari:annotation_25035,"oa:Annotation, prov:Entity",viewsari:textchunk_25035,his father,viewsari:cooccurrence_extraction_mon-mon_1
viewsari:annotation_25036,"oa:Annotation, prov:Entity",viewsari:textchunk_25036,"him by a great measure. This Raffaello, beginning in his youth to work in clay, in wax, and in bronze, acquired the name of an excellent sculptor, and was therefore taken by Antonio da San Gallo to Loreto, together with many others, in order to finish the ornamentation of that Chamber, according to the directions left by Andrea Sansovino",viewsari:cooccurrence_extraction_con-mon_1_01
viewsari:annotation_25037,"oa:Annotation, prov:Entity",viewsari:textchunk_25037,Andrea Sansovino; where Raffaello,viewsari:cooccurrence_extraction_con-mon_1_02
viewsari:annotation_25038,"oa:Annotation, prov:Entity",viewsari:textchunk_25038,"He had finished this work, when Michelagnolo",viewsari:cooccurrence_extraction_buo-mon_1
viewsari:annotation_25039,"oa:Annotation, prov:Entity",viewsari:textchunk_25039,"Credi, that from that day onward Lorenzo",viewsari:cooccurrence_extraction_cre-cre_1
viewsari:annotation_25040,"oa:Annotation, prov:Entity",viewsari:textchunk_25040,"Leonardo, he",viewsari:cooccurrence_extraction_cre-vin_1
viewsari:annotation_25041,"oa:Annotation, prov:Entity",viewsari:textchunk_25041,his master,viewsari:cooccurrence_extraction_cre-ver_1
viewsari:annotation_25042,"oa:Annotation, prov:Entity",viewsari:textchunk_25042,Tommaso di Stefano. Of Sogliani,viewsari:cooccurrence_extraction_lun-sog_1
viewsari:annotation_25043,"oa:Annotation, prov:Entity",viewsari:textchunk_25043,"Raffaello, he",viewsari:cooccurrence_extraction_lot-san_1
viewsari:annotation_25044,"oa:Annotation, prov:Entity",viewsari:textchunk_25044,Baldassarre he,viewsari:cooccurrence_extraction_per-san_1_03
viewsari:annotation_25045,"oa:Annotation, prov:Entity",viewsari:textchunk_25045,"the painter Giulio Romano, a disciple of Raffaello",viewsari:cooccurrence_extraction_rom-san_2
viewsari:annotation_25046,"oa:Annotation, prov:Entity",viewsari:textchunk_25046,"he succeed, that Raffaello",viewsari:cooccurrence_extraction_mod-san_1
viewsari:annotation_25047,"oa:Annotation, prov:Entity",viewsari:textchunk_25047,him under his,viewsari:cooccurrence_extraction_bar-sar_1
viewsari:annotation_25048,"oa:Annotation, prov:Entity",viewsari:textchunk_25048,Andrea with Piero,viewsari:cooccurrence_extraction_cos-sar_1_01
viewsari:annotation_25049,"oa:Annotation, prov:Entity",viewsari:textchunk_25049,he placed Andrea with Piero,viewsari:cooccurrence_extraction_bar-cos_1
viewsari:annotation_25050,"oa:Annotation, prov:Entity",viewsari:textchunk_25050,his companion Andrea,viewsari:cooccurrence_extraction_fra-sar_1
viewsari:annotation_25051,"oa:Annotation, prov:Entity",viewsari:textchunk_25051,Andrea and as will be related in the proper place of Jacopo,viewsari:cooccurrence_extraction_con-san_1
viewsari:annotation_25052,"oa:Annotation, prov:Entity",viewsari:textchunk_25052,Andrea and as will be related in the proper place of Jacopo,viewsari:cooccurrence_extraction_sar-san_1
viewsari:annotation_25053,"oa:Annotation, prov:Entity",viewsari:textchunk_25053,"he was working at it. The friar, then, being very eager to see the rest finished, thought of serving his own ends by making Andrea",viewsari:cooccurrence_extraction_con-ros_1
viewsari:annotation_25054,"oa:Annotation, prov:Entity",viewsari:textchunk_25054,"he was working at it. The friar, then, being very eager to see the rest finished, thought of serving his own ends by making Andrea",viewsari:cooccurrence_extraction_sar-ros_1_01
viewsari:annotation_25055,"oa:Annotation, prov:Entity",viewsari:textchunk_25055,"him and making a sign, is Andrea, the master of the work",viewsari:cooccurrence_extraction_san-sar_2
viewsari:annotation_25056,"oa:Annotation, prov:Entity",viewsari:textchunk_25056,"Jacopo, subjected himself",viewsari:cooccurrence_extraction_pon-sar_1
viewsari:annotation_25057,"oa:Annotation, prov:Entity",viewsari:textchunk_25057,Raffaello. Andrea,viewsari:cooccurrence_extraction_san-sar_1_01
viewsari:annotation_25058,"oa:Annotation, prov:Entity",viewsari:textchunk_25058,"Andrea at work on that picture, revealed the truth. For Giulio",viewsari:cooccurrence_extraction_rom-sar_1
viewsari:annotation_25059,"oa:Annotation, prov:Entity",viewsari:textchunk_25059,"the aforesaid Salviati, although he did not stay long with Andrea",viewsari:cooccurrence_extraction_sal-sar_1
viewsari:annotation_25060,"oa:Annotation, prov:Entity",viewsari:textchunk_25060,his master,viewsari:cooccurrence_extraction_con-sar_1
viewsari:annotation_25061,"oa:Annotation, prov:Entity",viewsari:textchunk_25061,"Tiziano, who loved him much",viewsari:cooccurrence_extraction_lom-vec_1
viewsari:annotation_25062,"oa:Annotation, prov:Entity",viewsari:textchunk_25062,"the sculptor Michelagnolo, his friend and compatriot",viewsari:cooccurrence_extraction_per-sie_1
viewsari:annotation_25063,"oa:Annotation, prov:Entity",viewsari:textchunk_25063,his rival,viewsari:cooccurrence_extraction_nol-san_1
viewsari:annotation_25064,"oa:Annotation, prov:Entity",viewsari:textchunk_25064,Dosso and Battista,viewsari:cooccurrence_extraction_dos-dos_1
viewsari:annotation_25065,"oa:Annotation, prov:Entity",viewsari:textchunk_25065,Perino and that of Pordenone,viewsari:cooccurrence_extraction_lic-vag_1
viewsari:annotation_25066,"oa:Annotation, prov:Entity",viewsari:textchunk_25066,"Perino being recalled to Genoa, Giovanni Antonio",viewsari:cooccurrence_extraction_sog-vag_1
viewsari:annotation_25067,"oa:Annotation, prov:Entity",viewsari:textchunk_25067,Andrea del Sarto he,viewsari:cooccurrence_extraction_sar-sog_1
viewsari:annotation_25068,"oa:Annotation, prov:Entity",viewsari:textchunk_25068,Maturino for Polidoro,viewsari:cooccurrence_extraction_car-mat_1
viewsari:annotation_25069,"oa:Annotation, prov:Entity",viewsari:textchunk_25069,"Raffaello, he",viewsari:cooccurrence_extraction_ros-san_1_02
viewsari:annotation_25070,"oa:Annotation, prov:Entity",viewsari:textchunk_25070,"himself with Biagio Bolognese, a person with much more practice than excellence in art; and they executed in company at S. Salvatore, for the Frati Scopetini, a refectory which they painted partly in fresco and partly ""a secco,"" containing the scene of Christ satisfying five thousand people with five loaves and two fishes. They painted, also, on a wall of the library, the Disputation of S. Augustine, wherein they made a passing good view in perspective. These masters, thanks to having seen the works of Raffaello",viewsari:cooccurrence_extraction_bag-san_1
viewsari:annotation_25071,"oa:Annotation, prov:Entity",viewsari:textchunk_25071,Biagio. The same Girolamo,viewsari:cooccurrence_extraction_bol-cot_1
viewsari:annotation_25072,"oa:Annotation, prov:Entity",viewsari:textchunk_25072,"Jacopo da Pontormo, and Franciabigio, that they might demonstrate the power and perfection of their art in the work, each receiving thirty crowns every month from the magnificent Ottaviano de' Medici. Thereupon Francia",viewsari:cooccurrence_extraction_fra-pon_1
viewsari:annotation_25073,"oa:Annotation, prov:Entity",viewsari:textchunk_25073,Morto into his,viewsari:cooccurrence_extraction_cos-fel_1
viewsari:annotation_25074,"oa:Annotation, prov:Entity",viewsari:textchunk_25074,"his example that they have been brought in our own day, by the hands of Giovanni da Udine",viewsari:cooccurrence_extraction_fel-udi_1
viewsari:annotation_25075,"oa:Annotation, prov:Entity",viewsari:textchunk_25075,He went with Franciabigio,viewsari:cooccurrence_extraction_cos-fra_1
viewsari:annotation_25076,"oa:Annotation, prov:Entity",viewsari:textchunk_25076,"him as my companion, together with Tribolo",viewsari:cooccurrence_extraction_cos-tri_1
viewsari:annotation_25077,"oa:Annotation, prov:Entity",viewsari:textchunk_25077,"his ways, as was Raffaello",viewsari:cooccurrence_extraction_maz-san_1
viewsari:annotation_25078,"oa:Annotation, prov:Entity",viewsari:textchunk_25078,"Bramante, he",viewsari:cooccurrence_extraction_gio-urb_1
viewsari:annotation_25079,"oa:Annotation, prov:Entity",viewsari:textchunk_25079,"Bramante, he was placed, in company with Raffaello da Urbino",viewsari:cooccurrence_extraction_san-urb_2_01
viewsari:annotation_25080,"oa:Annotation, prov:Entity",viewsari:textchunk_25080,"Bramante, he was placed, in company with Raffaello da Urbino and Giuliano da San Gallo",viewsari:cooccurrence_extraction_san-urb_2_02
viewsari:annotation_25081,"oa:Annotation, prov:Entity",viewsari:textchunk_25081,"Fra Giocondo, Raffaello",viewsari:cooccurrence_extraction_gio-san_1_02
viewsari:annotation_25082,"oa:Annotation, prov:Entity",viewsari:textchunk_25082,"Fra Giocondo, Raffaello, and Giuliano",viewsari:cooccurrence_extraction_gio-san_1_03
viewsari:annotation_25083,"oa:Annotation, prov:Entity",viewsari:textchunk_25083,"Raffaello, and Giuliano",viewsari:cooccurrence_extraction_san-san_2_02
viewsari:annotation_25084,"oa:Annotation, prov:Entity",viewsari:textchunk_25084,his attention under Bellini,viewsari:cooccurrence_extraction_bel-lib_1
viewsari:annotation_25085,"oa:Annotation, prov:Entity",viewsari:textchunk_25085,his master,viewsari:cooccurrence_extraction_car-lib_1
viewsari:annotation_25086,"oa:Annotation, prov:Entity",viewsari:textchunk_25086,himself to Mantegna,viewsari:cooccurrence_extraction_car-man_1
viewsari:annotation_25087,"oa:Annotation, prov:Entity",viewsari:textchunk_25087,"Liberale, to apprentice himself to Mantegna",viewsari:cooccurrence_extraction_lib-man_1
viewsari:annotation_25088,"oa:Annotation, prov:Entity",viewsari:textchunk_25088,"his disciples, particularly Anselmo Canneri and Paolo Veronese",viewsari:cooccurrence_extraction_cal-car_1
viewsari:annotation_25089,"oa:Annotation, prov:Entity",viewsari:textchunk_25089,"his disciples, particularly Anselmo Canneri",viewsari:cooccurrence_extraction_can-car_1
viewsari:annotation_25090,"oa:Annotation, prov:Entity",viewsari:textchunk_25090,Anselmo Canneri and Paolo Veronese,viewsari:cooccurrence_extraction_cal-can_1
viewsari:annotation_25091,"oa:Annotation, prov:Entity",viewsari:textchunk_25091,"Liberale, he",viewsari:cooccurrence_extraction_lib-tur_1
viewsari:annotation_25092,"oa:Annotation, prov:Entity",viewsari:textchunk_25092,"his steps and executed many works, which are dispersed among various private houses. Of those in Verona which deserve to be extolled above all others, the first is the great chapel of the Duomo, on the vaulting of which are four large pictures painted in fresco, wherein are the Nativity of the Madonna and the Presentation in the Temple, and, in the picture in the centre, which appears to recede inwards, three Angels in the air, who are seen foreshortened from below, and are holding a crown of stars wherewith to crown the Madonna, who is in the recess, in the act of ascending into Heaven, accompanied by many Angels, while the Apostles are gazing upwards in attitudes of great variety; and these Apostles are figures twice the size of life. All these pictures were executed by Il Moro after the designs of Giulio Romano",viewsari:cooccurrence_extraction_lib-rom_1
viewsari:annotation_25093,"oa:Annotation, prov:Entity",viewsari:textchunk_25093,his father,viewsari:cooccurrence_extraction_mor-mor_1
viewsari:annotation_25094,"oa:Annotation, prov:Entity",viewsari:textchunk_25094,his son,viewsari:cooccurrence_extraction_lib-lib_1
viewsari:annotation_25095,"oa:Annotation, prov:Entity",viewsari:textchunk_25095,"his Palace, Granacci",viewsari:cooccurrence_extraction_buo-gra_1
viewsari:annotation_25096,"oa:Annotation, prov:Entity",viewsari:textchunk_25096,"he knew of art at that time, than with Granacci. Then, after they had been companions together in the workshop of Domenico Ghirlandajo",viewsari:cooccurrence_extraction_buo-ghi_1_02
viewsari:annotation_25097,"oa:Annotation, prov:Entity",viewsari:textchunk_25097,he was held to be the best of Ghirlandajo's,viewsari:cooccurrence_extraction_ghi-gra_1
viewsari:annotation_25098,"oa:Annotation, prov:Entity",viewsari:textchunk_25098,Baccio gave the design for constructing the gallery that encircles the cupola. This part of the work Filippo Brunelleschi,viewsari:cooccurrence_extraction_agn-bru_1
viewsari:annotation_25099,"oa:Annotation, prov:Entity",viewsari:textchunk_25099,him that Baccio,viewsari:cooccurrence_extraction_agn-buo_1
viewsari:annotation_25100,"oa:Annotation, prov:Entity",viewsari:textchunk_25100,"his return from Rome, perceiving that in carrying out this work they were cutting away the toothings that Filippo Brunelleschi",viewsari:cooccurrence_extraction_bru-buo_1
viewsari:annotation_25101,"oa:Annotation, prov:Entity",viewsari:textchunk_25101,his father's,viewsari:cooccurrence_extraction_agn-agn_1
viewsari:annotation_25102,"oa:Annotation, prov:Entity",viewsari:textchunk_25102,his father's,viewsari:cooccurrence_extraction_ban-agn_1
viewsari:annotation_25103,"oa:Annotation, prov:Entity",viewsari:textchunk_25103,Bandinelli made him,viewsari:cooccurrence_extraction_agn-ban_2
viewsari:annotation_25104,"oa:Annotation, prov:Entity",viewsari:textchunk_25104,"he represented S. Anthony beaten by Devils, and carried through the air by a vast number of them in the most varied and bizarre forms that could possibly be imagined; which sheet so pleased Michelagnolo",viewsari:cooccurrence_extraction_buo-sch_1
viewsari:annotation_25105,"oa:Annotation, prov:Entity",viewsari:textchunk_25105,Albrecht and Lucas,viewsari:cooccurrence_extraction_d-r-ley_1
viewsari:annotation_25106,"oa:Annotation, prov:Entity",viewsari:textchunk_25106,him in his,viewsari:cooccurrence_extraction_rom-san_3
viewsari:annotation_25107,"oa:Annotation, prov:Entity",viewsari:textchunk_25107,this Agostino to have his,viewsari:cooccurrence_extraction_sar-vin_1
viewsari:annotation_25108,"oa:Annotation, prov:Entity",viewsari:textchunk_25108,Andrea painted in the Scalzo at Florence. Marco da Ravenna,viewsari:cooccurrence_extraction_den-sar_1
viewsari:annotation_25109,"oa:Annotation, prov:Entity",viewsari:textchunk_25109,he executed in company with Agostino,viewsari:cooccurrence_extraction_den-vin_1
viewsari:annotation_25110,"oa:Annotation, prov:Entity",viewsari:textchunk_25110,"Ugo executed in this manner, after a design drawn by Raffaello",viewsari:cooccurrence_extraction_car-san_1
viewsari:annotation_25111,"oa:Annotation, prov:Entity",viewsari:textchunk_25111,"Michelagnolo at that altar to hear Mass, I saw an inscription saying that Ugo da Carpi",viewsari:cooccurrence_extraction_buo-car_1
viewsari:annotation_25112,"oa:Annotation, prov:Entity",viewsari:textchunk_25112,"The same Parmigiano, having shown the method of making prints from three blocks to Antonio da Trento",viewsari:cooccurrence_extraction_maz-tre_1
viewsari:annotation_25113,"oa:Annotation, prov:Entity",viewsari:textchunk_25113,"him to execute a large sheet in chiaroscuro of the Beheading of S. Peter and S. Paul. And afterwards he executed another, but with two blocks only, of the Tiburtine Sibyl showing the Infant Christ in the lap of the Virgin to the Emperor Octavian; a nude man seated, who has his back turned in a beautiful attitude; and likewise an oval print of the Madonna lying down, with many others by his hand that may be seen in various places, printed after his death by Joannicolo Vicentino. But the most beautiful were executed later by Domenico Beccafumi of Siena",viewsari:cooccurrence_extraction_bec-tre_1
viewsari:annotation_25114,"oa:Annotation, prov:Entity",viewsari:textchunk_25114,"Domenico Beccafumi of Siena, after the death of Parmigiano",viewsari:cooccurrence_extraction_bec-maz_1
viewsari:annotation_25115,"oa:Annotation, prov:Entity",viewsari:textchunk_25115,Baviera having then caused Rosso,viewsari:cooccurrence_extraction_bav-ros_1
viewsari:annotation_25116,"oa:Annotation, prov:Entity",viewsari:textchunk_25116,Caraglio afterwards began for Rosso,viewsari:cooccurrence_extraction_car-ros_1
viewsari:annotation_25117,"oa:Annotation, prov:Entity",viewsari:textchunk_25117,"Baviera having then caused Rosso to draw twenty Gods in niches, with their attributes, for a book, these were engraved by Gian Jacopo Caraglio",viewsari:cooccurrence_extraction_bav-car_1
viewsari:annotation_25118,"oa:Annotation, prov:Entity",viewsari:textchunk_25118,Tiziano had formerly painted. This Gian Jacopo Caraglio,viewsari:cooccurrence_extraction_car-vec_1_01
viewsari:annotation_25119,"oa:Annotation, prov:Entity",viewsari:textchunk_25119,"the same painter, of Vulcan with some Loves, who are fashioning arrows at his forge, while the Cyclopes are also at work, which was truly a most beautiful engraving. He executed the Leda of Michelagnolo",viewsari:cooccurrence_extraction_buo-ros_1
viewsari:annotation_25120,"oa:Annotation, prov:Entity",viewsari:textchunk_25120,"the same painter, of Vulcan with some Loves, who are fashioning arrows at his forge, while the Cyclopes are also at work, which was truly a most beautiful engraving. He executed the Leda of Michelagnolo on another, and also an Annunciation after the design of Tiziano, the story of Judith that Michelagnolo painted in the Chapel, the portrait of Duke Cosimo de' Medici as a young man, in full armour, after the drawing by Bandinelli",viewsari:cooccurrence_extraction_ban-ros_1_01
viewsari:annotation_25121,"oa:Annotation, prov:Entity",viewsari:textchunk_25121,"the same painter, of Vulcan with some Loves, who are fashioning arrows at his forge, while the Cyclopes are also at work, which was truly a most beautiful engraving. He",viewsari:cooccurrence_extraction_ros-vic_1
viewsari:annotation_25122,"oa:Annotation, prov:Entity",viewsari:textchunk_25122,"Michelagnolo painted in the Chapel, the portrait of Duke Cosimo de' Medici as a young man, in full armour, after the drawing by Bandinelli",viewsari:cooccurrence_extraction_ban-buo_1
viewsari:annotation_25123,"oa:Annotation, prov:Entity",viewsari:textchunk_25123,He executed the Leda of Michelagnolo,viewsari:cooccurrence_extraction_buo-vic_1
viewsari:annotation_25124,"oa:Annotation, prov:Entity",viewsari:textchunk_25124,"Bandinelli, he",viewsari:cooccurrence_extraction_ban-vic_1
viewsari:annotation_25125,"oa:Annotation, prov:Entity",viewsari:textchunk_25125,"Michelagnolo Buonarroti on the front wall of the Papal Chapel, engraved by Giorgio Mantovano, and in the engravings by Giovan Battista de' Cavalieri",viewsari:cooccurrence_extraction_buo-cav_1
viewsari:annotation_25126,"oa:Annotation, prov:Entity",viewsari:textchunk_25126,"He also engraved, after the drawings of the same Martin",viewsari:cooccurrence_extraction_coc-hee_1
viewsari:annotation_25127,"oa:Annotation, prov:Entity",viewsari:textchunk_25127,"Bronzino, Giorgio Mantovano engraved a Nativity of Jesus Christ, which was very beautiful. After these works, Hieronymus",viewsari:cooccurrence_extraction_bos-bro_1
viewsari:annotation_25128,"oa:Annotation, prov:Entity",viewsari:textchunk_25128,"Marc' Antonio, as a young man, was portrayed by Raffaello",viewsari:cooccurrence_extraction_bol-san_2
viewsari:annotation_25129,"oa:Annotation, prov:Entity",viewsari:textchunk_25129,he suffered from the stone to return to Florence; and Antonio,viewsari:cooccurrence_extraction_san-san_1_06
viewsari:annotation_25130,"oa:Annotation, prov:Entity",viewsari:textchunk_25130,he gave him,viewsari:cooccurrence_extraction_san-urb_1_05
viewsari:annotation_25131,"oa:Annotation, prov:Entity",viewsari:textchunk_25131,"Antonio, and Fra Giocondo of Verona",viewsari:cooccurrence_extraction_gio-mar_1
viewsari:annotation_25132,"oa:Annotation, prov:Entity",viewsari:textchunk_25132,"Antonio, and Fra Giocondo of Verona",viewsari:cooccurrence_extraction_gio-san_1_04
viewsari:annotation_25133,"oa:Annotation, prov:Entity",viewsari:textchunk_25133,his uncle Giuliano,viewsari:cooccurrence_extraction_mar-san_1_01
viewsari:annotation_25134,"oa:Annotation, prov:Entity",viewsari:textchunk_25134,his uncle Giuliano,viewsari:cooccurrence_extraction_san-san_2_03
viewsari:annotation_25135,"oa:Annotation, prov:Entity",viewsari:textchunk_25135,"Raffaello da Urbino, he",viewsari:cooccurrence_extraction_mar-san_1_02
viewsari:annotation_25136,"oa:Annotation, prov:Entity",viewsari:textchunk_25136,"Raffaello da Urbino, he",viewsari:cooccurrence_extraction_san-san_1_07
viewsari:annotation_25137,"oa:Annotation, prov:Entity",viewsari:textchunk_25137,"Antonio, who found the way after Jacopo had failed to discover it",viewsari:cooccurrence_extraction_san-san_1_08
viewsari:annotation_25138,"oa:Annotation, prov:Entity",viewsari:textchunk_25138,that architect; for new plans had been proposed in opposition by Michelagnolo Buonarroti,viewsari:cooccurrence_extraction_buo-san_1_03
viewsari:annotation_25139,"oa:Annotation, prov:Entity",viewsari:textchunk_25139,you may see from his,viewsari:cooccurrence_extraction_mel-san_1
viewsari:annotation_25140,"oa:Annotation, prov:Entity",viewsari:textchunk_25140,he caused Rinaldo,viewsari:cooccurrence_extraction_man-rom_1
viewsari:annotation_25141,"oa:Annotation, prov:Entity",viewsari:textchunk_25141,"he had so well rendered the hairs of the beard, that it was a thing scarcely possible to imagine, much less to do; and when held up to the light it showed through on either side. This portrait, which was very dear to Giulio",viewsari:cooccurrence_extraction_d-r-rom_1
viewsari:annotation_25142,"oa:Annotation, prov:Entity",viewsari:textchunk_25142,his Last Judgment in the Chapel; and he sent to Giulio,viewsari:cooccurrence_extraction_buo-rom_1
viewsari:annotation_25143,"oa:Annotation, prov:Entity",viewsari:textchunk_25143,Sebastiano left Giovanni,viewsari:cooccurrence_extraction_bel-pio_1
viewsari:annotation_25144,"oa:Annotation, prov:Entity",viewsari:textchunk_25144,his manner. He,viewsari:cooccurrence_extraction_cas-pio_1
viewsari:annotation_25145,"oa:Annotation, prov:Entity",viewsari:textchunk_25145,"Giovanni Bellini, at that time an old man. And afterwards, when Giorgione da Castelfranco",viewsari:cooccurrence_extraction_bel-cas_1
viewsari:annotation_25146,"oa:Annotation, prov:Entity",viewsari:textchunk_25146,"Raffaello, he",viewsari:cooccurrence_extraction_pio-san_1
viewsari:annotation_25147,"oa:Annotation, prov:Entity",viewsari:textchunk_25147,"Michelagnolo, Raffaello",viewsari:cooccurrence_extraction_buo-san_2_01
viewsari:annotation_25148,"oa:Annotation, prov:Entity",viewsari:textchunk_25148,Michelagnolo he,viewsari:cooccurrence_extraction_buo-pio_1
viewsari:annotation_25149,"oa:Annotation, prov:Entity",viewsari:textchunk_25149,"Raffaello in S. Maria del Popolo, came to an agreement with Sebastiano that he should paint it all; whereupon the screen was made, but the chapel remained covered, without ever being seen by anyone, until the year 1554, at which time Luigi, the son of Agostino, resolved that, although his father had not been able to see it finished, he at least would do so. And so, the chapel and the altar-piece being entrusted to Francesco Salviati",viewsari:cooccurrence_extraction_sal-san_1_01
viewsari:annotation_25150,"oa:Annotation, prov:Entity",viewsari:textchunk_25150,"he carried the work in a short time to that perfection which it had not received from the dilatory and irresolute Sebastiano, who, so far as one can see, did little work there, although we find that he",viewsari:cooccurrence_extraction_pio-sal_1
viewsari:annotation_25151,"oa:Annotation, prov:Entity",viewsari:textchunk_25151,Giovanni da Udine an allowance of three hundred crowns. Thus Sebastiano,viewsari:cooccurrence_extraction_pio-udi_1
viewsari:annotation_25152,"oa:Annotation, prov:Entity",viewsari:textchunk_25152,him. After Giuliano,viewsari:cooccurrence_extraction_bug-buo_1
viewsari:annotation_25153,"oa:Annotation, prov:Entity",viewsari:textchunk_25153,"Sebastiano painted one, which proved to be very beautiful, and sent it to him. After Giuliano",viewsari:cooccurrence_extraction_bug-pio_1
viewsari:annotation_25154,"oa:Annotation, prov:Entity",viewsari:textchunk_25154,him. Andrea,viewsari:cooccurrence_extraction_cer-vag_1
viewsari:annotation_25155,"oa:Annotation, prov:Entity",viewsari:textchunk_25155,Perino with him,viewsari:cooccurrence_extraction_ghi-vag_1
viewsari:annotation_25156,"oa:Annotation, prov:Entity",viewsari:textchunk_25156,Andrea de' Ceri placed Perino with him,viewsari:cooccurrence_extraction_cer-ghi_1
viewsari:annotation_25157,"oa:Annotation, prov:Entity",viewsari:textchunk_25157,"him, that he",viewsari:cooccurrence_extraction_vag-vag_1_01
viewsari:annotation_25159,"oa:Annotation, prov:Entity",viewsari:textchunk_25159,Giovanni da Udine by Raffaello,viewsari:cooccurrence_extraction_san-udi_2
viewsari:annotation_25160,"oa:Annotation, prov:Entity",viewsari:textchunk_25160,"Raffaello, to the end that he",viewsari:cooccurrence_extraction_san-vag_1_01
viewsari:annotation_25161,"oa:Annotation, prov:Entity",viewsari:textchunk_25161,he would be employed by Giovanni,viewsari:cooccurrence_extraction_udi-vag_1
viewsari:annotation_25162,"oa:Annotation, prov:Entity",viewsari:textchunk_25162,"Antonio, who knew Perino to be the best of the young men who were in Rome",viewsari:cooccurrence_extraction_san-vag_1_02
viewsari:annotation_25163,"oa:Annotation, prov:Entity",viewsari:textchunk_25163,"Perino, and he",viewsari:cooccurrence_extraction_pil-vag_1
viewsari:annotation_25164,"oa:Annotation, prov:Entity",viewsari:textchunk_25164,"his wife, who had brought him up, were dead, nevertheless, as a native of that country, if he had no possessions there, he had his love for it. Wherefore, after no long time, one morning Perino and Piloto",viewsari:cooccurrence_extraction_cer-pil_1
viewsari:annotation_25165,"oa:Annotation, prov:Entity",viewsari:textchunk_25165,"he had to say, many to learn what difference in practice there might be between the craftsmen of Rome and those of Florence, but most of them to hear the praise and censure that craftsmen are wont often to give to one another; it happened, I say, that thus discoursing together of one thing and another, and examining the works, both ancient and modern, in the various churches, they came to that of the Carmine, in order to see the chapel of Masaccio",viewsari:cooccurrence_extraction_mas-vag_1
viewsari:annotation_25166,"oa:Annotation, prov:Entity",viewsari:textchunk_25166,"Giulio Romano, acquitted himself",viewsari:cooccurrence_extraction_rom-vag_1
viewsari:annotation_25167,"oa:Annotation, prov:Entity",viewsari:textchunk_25167,"Niccola, his",viewsari:cooccurrence_extraction_vag-vin_1
viewsari:annotation_25168,"oa:Annotation, prov:Entity",viewsari:textchunk_25168,Girolamo da Treviso murmured against him,viewsari:cooccurrence_extraction_tre-vag_1
viewsari:annotation_25169,"oa:Annotation, prov:Entity",viewsari:textchunk_25169,"him, that work remained unfinished. Giovanni Antonio",viewsari:cooccurrence_extraction_sog-vag_2
viewsari:annotation_25170,"oa:Annotation, prov:Entity",viewsari:textchunk_25170,he believed that Tiziano,viewsari:cooccurrence_extraction_vag-vec_1
viewsari:annotation_25171,"oa:Annotation, prov:Entity",viewsari:textchunk_25171,"that name, Domenico",viewsari:cooccurrence_extraction_baz-bec_1
viewsari:annotation_25172,"oa:Annotation, prov:Entity",viewsari:textchunk_25172,"Duccio, he",viewsari:cooccurrence_extraction_bec-duc_1
viewsari:annotation_25173,"oa:Annotation, prov:Entity",viewsari:textchunk_25173,"Giovanni Antonio Sogliani, allotted two of the pictures for that recess to Domenico",viewsari:cooccurrence_extraction_bec-sog_1
viewsari:annotation_25174,"oa:Annotation, prov:Entity",viewsari:textchunk_25174,the same master. He,viewsari:cooccurrence_extraction_bec-cat_1
viewsari:annotation_25175,"oa:Annotation, prov:Entity",viewsari:textchunk_25175,"his own age, as, indeed, was the firm belief of everyone at that time. Lappoli",viewsari:cooccurrence_extraction_lap-pon_1
viewsari:annotation_25176,"oa:Annotation, prov:Entity",viewsari:textchunk_25176,he knew him,viewsari:cooccurrence_extraction_lap-ros_1
viewsari:annotation_25177,"oa:Annotation, prov:Entity",viewsari:textchunk_25177,Rosso's passed afterwards into the hands of Giorgio Vasari,viewsari:cooccurrence_extraction_ros-vas_1
viewsari:annotation_25178,"oa:Annotation, prov:Entity",viewsari:textchunk_25178,"Giorgio Vasari, whose designs, among the many that were made, gave more satisfaction than any of the others. For the Company of the Ascension in that city Giovanni Antonio",viewsari:cooccurrence_extraction_lap-vas_1
viewsari:annotation_25179,"oa:Annotation, prov:Entity",viewsari:textchunk_25179,he had turned him,viewsari:cooccurrence_extraction_clo-tor_1
viewsari:annotation_25180,"oa:Annotation, prov:Entity",viewsari:textchunk_25180,he could remain with Nanni,viewsari:cooccurrence_extraction_tri-ung_1
viewsari:annotation_25181,"oa:Annotation, prov:Entity",viewsari:textchunk_25181,"Andrea del Sarto or Jacopo Sansovino, whom he had come to know in Unghero's",viewsari:cooccurrence_extraction_sar-ung_1
viewsari:annotation_25182,"oa:Annotation, prov:Entity",viewsari:textchunk_25182,him with Andrea del Sarto,viewsari:cooccurrence_extraction_sar-tri_1
viewsari:annotation_25183,"oa:Annotation, prov:Entity",viewsari:textchunk_25183,him in his,viewsari:cooccurrence_extraction_san-tri_1_01
viewsari:annotation_25184,"oa:Annotation, prov:Entity",viewsari:textchunk_25184,"Andrea del Sarto, his dearest friend",viewsari:cooccurrence_extraction_con-tri_1
viewsari:annotation_25185,"oa:Annotation, prov:Entity",viewsari:textchunk_25185,him to Florence. But he,viewsari:cooccurrence_extraction_buo-tri_1
viewsari:annotation_25186,"oa:Annotation, prov:Entity",viewsari:textchunk_25186,"Giorgio Vasari, who was always his friend and loved him from his heart, and helped him all that he could",viewsari:cooccurrence_extraction_tri-vas_1
viewsari:annotation_25187,"oa:Annotation, prov:Entity",viewsari:textchunk_25187,Giorgio might show them in Rome to Michelagnolo Buonarroti,viewsari:cooccurrence_extraction_buo-vas_1
viewsari:annotation_25188,"oa:Annotation, prov:Entity",viewsari:textchunk_25188,"Tribolo, was allotted to him",viewsari:cooccurrence_extraction_ban-tri_1
viewsari:annotation_25189,"oa:Annotation, prov:Entity",viewsari:textchunk_25189,"Tribolo, likewise, for the comedy that was performed, Aristotile da San Gallo",viewsari:cooccurrence_extraction_san-tri_1_02
viewsari:annotation_25190,"oa:Annotation, prov:Entity",viewsari:textchunk_25190,Tribolo and Tasso,viewsari:cooccurrence_extraction_tas-tri_1
viewsari:annotation_25191,"oa:Annotation, prov:Entity",viewsari:textchunk_25191,"himself to the place, brought it about that the temple, which in itself is ancient and very beautiful, had the appearance of a new temple designed very well in the modern manner, with seats all round it richly adorned with pictures and gilding. In the centre, beneath the lantern, he made a great vase of carved woodwork with eight sides, the base of which rested on four steps, and at the corners of the eight sides were some large caulicoles, which, springing from the ground, where there were some lions' paws, had at the top of them certain children of large size in various attitudes, who were holding with their hands the lip of the vase, and supporting with their shoulders some festoons which hung like a garland right round the space in the middle. Besides this, Tribolo had made in the middle of the vase a pedestal of wood with beautiful things of fancy round it, upon which, to crown the work, he placed the S. John the Baptist of marble, three braccia high, by the hand of Donatello",viewsari:cooccurrence_extraction_don-tas_1
viewsari:annotation_25192,"oa:Annotation, prov:Entity",viewsari:textchunk_25192,"he placed the S. John the Baptist of marble, three braccia high, by the hand of Donatello",viewsari:cooccurrence_extraction_don-tri_1
viewsari:annotation_25193,"oa:Annotation, prov:Entity",viewsari:textchunk_25193,"Tribolo, but he",viewsari:cooccurrence_extraction_pon-tri_1
viewsari:annotation_25194,"oa:Annotation, prov:Entity",viewsari:textchunk_25194,"him; and the same refusal was made by Ridolfo Ghirlandajo, Bronzino, and many others. Now at this time Giorgio Vasari, having returned from Bologna, was executing for Messer Bindo Altoviti the altar-piece of his chapel in S. Apostolo at Florence, but he was not held in much consideration, although he had friendship with Tribolo and Tasso",viewsari:cooccurrence_extraction_pon-tas_1
viewsari:annotation_25195,"oa:Annotation, prov:Entity",viewsari:textchunk_25195,he saw him,viewsari:cooccurrence_extraction_ban-vin_1_01
viewsari:annotation_25196,"oa:Annotation, prov:Entity",viewsari:textchunk_25196,his brain. Tribolo,viewsari:cooccurrence_extraction_tri-vin_1
viewsari:annotation_25197,"oa:Annotation, prov:Entity",viewsari:textchunk_25197,his uncle,viewsari:cooccurrence_extraction_vin-vin_1
viewsari:annotation_25198,"oa:Annotation, prov:Entity",viewsari:textchunk_25198,his son,viewsari:cooccurrence_extraction_ban-viv_1
viewsari:annotation_25199,"oa:Annotation, prov:Entity",viewsari:textchunk_25199,"Girolamo, turning to Baccio",viewsari:cooccurrence_extraction_ban-bud_1
viewsari:annotation_25200,"oa:Annotation, prov:Entity",viewsari:textchunk_25200,his son,viewsari:cooccurrence_extraction_ban-buo_2
viewsari:annotation_25201,"oa:Annotation, prov:Entity",viewsari:textchunk_25201,his son,viewsari:cooccurrence_extraction_ban-viv_2
viewsari:annotation_25202,"oa:Annotation, prov:Entity",viewsari:textchunk_25202,"his friends, placed him under the care of Giovan Francesco Rustici, one of the best sculptors in the city, whose workshop was still constantly frequented by Leonardo da Vinci",viewsari:cooccurrence_extraction_buo-vin_2
viewsari:annotation_25203,"oa:Annotation, prov:Entity",viewsari:textchunk_25203,"his friends, placed him under the care of Giovan Francesco Rustici, one of the best sculptors in the city, whose workshop was still constantly frequented by Leonardo da Vinci",viewsari:cooccurrence_extraction_viv-vin_1
viewsari:annotation_25204,"oa:Annotation, prov:Entity",viewsari:textchunk_25204,"Leonardo, set himself",viewsari:cooccurrence_extraction_ban-vin_1_02
viewsari:annotation_25205,"oa:Annotation, prov:Entity",viewsari:textchunk_25205,him Baccio,viewsari:cooccurrence_extraction_ban-buo_3
viewsari:annotation_25206,"oa:Annotation, prov:Entity",viewsari:textchunk_25206,his friend,viewsari:cooccurrence_extraction_ban-sar_1
viewsari:annotation_25207,"oa:Annotation, prov:Entity",viewsari:textchunk_25207,Baccio answering him,viewsari:cooccurrence_extraction_ban-con_1
viewsari:annotation_25208,"oa:Annotation, prov:Entity",viewsari:textchunk_25208,Baccio. Piloto,viewsari:cooccurrence_extraction_ban-pil_1
viewsari:annotation_25209,"oa:Annotation, prov:Entity",viewsari:textchunk_25209,"Francesco dal Prato, who had gone with him to Bologna",viewsari:cooccurrence_extraction_ban-pra_1
viewsari:annotation_25210,"oa:Annotation, prov:Entity",viewsari:textchunk_25210,"his father's engagements, but also to make something out of the labours of Francesco",viewsari:cooccurrence_extraction_pra-viv_1
viewsari:annotation_25211,"oa:Annotation, prov:Entity",viewsari:textchunk_25211,he was. This Alfonso,viewsari:cooccurrence_extraction_ban-lom_1
viewsari:annotation_25212,"oa:Annotation, prov:Entity",viewsari:textchunk_25212,"Baccio, Solosmeo",viewsari:cooccurrence_extraction_ban-set_1
viewsari:annotation_25213,"oa:Annotation, prov:Entity",viewsari:textchunk_25213,Baccio and Giuliano,viewsari:cooccurrence_extraction_agn-ban_3
viewsari:annotation_25214,"oa:Annotation, prov:Entity",viewsari:textchunk_25214,"him, Benvenuto",viewsari:cooccurrence_extraction_ban-cel_1
viewsari:annotation_25215,"oa:Annotation, prov:Entity",viewsari:textchunk_25215,he caused Vincenzio,viewsari:cooccurrence_extraction_ban-ros_1_02
viewsari:annotation_25216,"oa:Annotation, prov:Entity",viewsari:textchunk_25216,his son Clemente,viewsari:cooccurrence_extraction_ban-ban_1_01
viewsari:annotation_25218,"oa:Annotation, prov:Entity",viewsari:textchunk_25218,"Baccio and to art, and Bandinelli",viewsari:cooccurrence_extraction_ban-ban_2
viewsari:annotation_25219,"oa:Annotation, prov:Entity",viewsari:textchunk_25219,"Clemente was a very great loss to Baccio and to art, and Bandinelli",viewsari:cooccurrence_extraction_ban-ban_3
viewsari:annotation_25221,"oa:Annotation, prov:Entity",viewsari:textchunk_25221,Ammanati and of Benvenuto,viewsari:cooccurrence_extraction_amm-cel_1
viewsari:annotation_25222,"oa:Annotation, prov:Entity",viewsari:textchunk_25222,"Benvenuto, considered for many reasons that this work belonged to him. Now it happened that Giorgio Vasari",viewsari:cooccurrence_extraction_cel-vas_1
viewsari:annotation_25223,"oa:Annotation, prov:Entity",viewsari:textchunk_25223,"Benvenuto, considered for many reasons that this work belonged to him. Now it happened that Giorgio Vasari had to go to Rome with the Cardinal, the son of the Duke, when he went to receive his hat, and Ammanati gave to Vasari a little model of wax showing the shape in which he desired to carve that figure from the marble, and a piece of wood reproducing the exact proportions—the length, breadth, thickness, and inclination from the straight—of the marble, to the end that Giorgio might show them in Rome to Michelagnolo Buonarroti",viewsari:cooccurrence_extraction_buo-cel_1
viewsari:annotation_25224,"oa:Annotation, prov:Entity",viewsari:textchunk_25224,"his hat, and Ammanati",viewsari:cooccurrence_extraction_amm-vas_1
viewsari:annotation_25225,"oa:Annotation, prov:Entity",viewsari:textchunk_25225,"his opinion in the matter, and so move the Duke to give him the marble. All this Giorgio did most willingly, and it was the reason that the Duke gave orders that an arch should be partitioned off in the Loggia of the Piazza, and that Ammanati",viewsari:cooccurrence_extraction_amm-buo_1
viewsari:annotation_25226,"oa:Annotation, prov:Entity",viewsari:textchunk_25226,he saw in Giuliano's,viewsari:cooccurrence_extraction_bug-buo_2
viewsari:annotation_25227,"oa:Annotation, prov:Entity",viewsari:textchunk_25227,he gave him,viewsari:cooccurrence_extraction_alb-bug_1
viewsari:annotation_25228,"oa:Annotation, prov:Entity",viewsari:textchunk_25228,"Tribolo, his dearest friend",viewsari:cooccurrence_extraction_bug-tri_1
viewsari:annotation_25229,"oa:Annotation, prov:Entity",viewsari:textchunk_25229,"Tribolo, his dearest friend",viewsari:cooccurrence_extraction_buo-tri_2
viewsari:annotation_25230,"oa:Annotation, prov:Entity",viewsari:textchunk_25230,"himself, Tribolo",viewsari:cooccurrence_extraction_bug-tri_2
viewsari:annotation_25231,"oa:Annotation, prov:Entity",viewsari:textchunk_25231,"his figures only in outline, Bugiardini",viewsari:cooccurrence_extraction_bug-buo_3
viewsari:annotation_25234,"oa:Annotation, prov:Entity",viewsari:textchunk_25234,"Giuliano. However, since that manner did not please the smooth fancy of Bugiardini",viewsari:cooccurrence_extraction_bug-buo_4
viewsari:annotation_25235,"oa:Annotation, prov:Entity",viewsari:textchunk_25235,Bronzino how he,viewsari:cooccurrence_extraction_bro-bug_1
viewsari:annotation_25236,"oa:Annotation, prov:Entity",viewsari:textchunk_25236,"Giulio and Raffaello da Urbino, he",viewsari:cooccurrence_extraction_col-rom_1
viewsari:annotation_25237,"oa:Annotation, prov:Entity",viewsari:textchunk_25237,"Giulio and Raffaello da Urbino, he",viewsari:cooccurrence_extraction_san-rom_4
viewsari:annotation_25238,"oa:Annotation, prov:Entity",viewsari:textchunk_25238,Cristofano and Battista,viewsari:cooccurrence_extraction_cun-ghe_1
viewsari:annotation_25239,"oa:Annotation, prov:Entity",viewsari:textchunk_25239,him; and even so Stefano,viewsari:cooccurrence_extraction_ghe-vel_1
viewsari:annotation_25240,"oa:Annotation, prov:Entity",viewsari:textchunk_25240,he was recommended by Lattanzio,viewsari:cooccurrence_extraction_ghe-pag_1
viewsari:annotation_25241,"oa:Annotation, prov:Entity",viewsari:textchunk_25241,our Jacopo. But the father,viewsari:cooccurrence_extraction_mar-pon_1
viewsari:annotation_25242,"oa:Annotation, prov:Entity",viewsari:textchunk_25242,"Andrea del Sarto, with whom, likewise, he did not stay long",viewsari:cooccurrence_extraction_pon-sar_2
viewsari:annotation_25243,"oa:Annotation, prov:Entity",viewsari:textchunk_25243,"Jacopo, who was at that time with Mariotto",viewsari:cooccurrence_extraction_alb-pon_1
viewsari:annotation_25244,"oa:Annotation, prov:Entity",viewsari:textchunk_25244,"Mariotto Albertinelli, then with Piero di Cosimo, and finally, in the year 1512, with Andrea del Sarto, with whom, likewise, he did not stay long",viewsari:cooccurrence_extraction_alb-sar_1
viewsari:annotation_25245,"oa:Annotation, prov:Entity",viewsari:textchunk_25245,"Jacopo, therefore, having summoned Bronzino",viewsari:cooccurrence_extraction_bro-pon_1
viewsari:annotation_25246,"oa:Annotation, prov:Entity",viewsari:textchunk_25246,he remembers having heard from Jacopo da Pontormo himself that Rosso,viewsari:cooccurrence_extraction_bro-ros_1
viewsari:annotation_25247,"oa:Annotation, prov:Entity",viewsari:textchunk_25247,he remembers having heard from Jacopo da Pontormo himself that Rosso likewise worked on this predella. And even as Andrea,viewsari:cooccurrence_extraction_bro-cos_1
viewsari:annotation_25248,"oa:Annotation, prov:Entity",viewsari:textchunk_25248,he remembers having heard from Jacopo da Pontormo himself that Rosso likewise worked on this predella. And even as Andrea,viewsari:cooccurrence_extraction_bro-sar_1
viewsari:annotation_25249,"oa:Annotation, prov:Entity",viewsari:textchunk_25249,himself that Rosso,viewsari:cooccurrence_extraction_pon-ros_1
viewsari:annotation_25250,"oa:Annotation, prov:Entity",viewsari:textchunk_25250,his master Andrea,viewsari:cooccurrence_extraction_cos-pon_1
viewsari:annotation_25251,"oa:Annotation, prov:Entity",viewsari:textchunk_25251,his master Andrea,viewsari:cooccurrence_extraction_sar-pon_3
viewsari:annotation_25252,"oa:Annotation, prov:Entity",viewsari:textchunk_25252,Rosso likewise worked on this predella. And even as Andrea,viewsari:cooccurrence_extraction_cos-ros_1_03
viewsari:annotation_25253,"oa:Annotation, prov:Entity",viewsari:textchunk_25253,Rosso likewise worked on this predella. And even as Andrea,viewsari:cooccurrence_extraction_sar-ros_1_02
viewsari:annotation_25254,"oa:Annotation, prov:Entity",viewsari:textchunk_25254,he gave him,viewsari:cooccurrence_extraction_cos-pon_2
viewsari:annotation_25256,"oa:Annotation, prov:Entity",viewsari:textchunk_25256,"he had no little trouble to persuade him to undertake to do it, seeing that, being a mere lad, he did not wish to expose himself at the outset to such a risk, or to work in a place of so much importance. However, having taken heart, although he was not as well practised in fresco as in oil-painting, Jacopo undertook to paint those two figures. And, withdrawing—for he was still working with Andrea del Sarto—to draw the cartoons at S. Antonio by the Porta a Faenza, where he lived, in a short time he carried them to completion; which done, one day he took his master Andrea",viewsari:cooccurrence_extraction_cos-sar_1_02
viewsari:annotation_25257,"oa:Annotation, prov:Entity",viewsari:textchunk_25257,"his, he",viewsari:cooccurrence_extraction_d-r-pon_1
viewsari:annotation_25258,"oa:Annotation, prov:Entity",viewsari:textchunk_25258,Michelagnolo's design and of Jacopo's,viewsari:cooccurrence_extraction_buo-pon_1
viewsari:annotation_25259,"oa:Annotation, prov:Entity",viewsari:textchunk_25259,his death had left incomplete; and he contrived to take Simone,viewsari:cooccurrence_extraction_cio-con_1
viewsari:annotation_25260,"oa:Annotation, prov:Entity",viewsari:textchunk_25260,"Simone Cioli, the best—and rare indeed they are—are all by Mosca",viewsari:cooccurrence_extraction_cio-mos_1
viewsari:annotation_25261,"oa:Annotation, prov:Entity",viewsari:textchunk_25261,"his death had left incomplete; and he contrived to take Simone to work there. He ordained that Simone should have charge not only of the carvings, but also of the architecture and of the other ornaments of that work; in which commissions Mosca",viewsari:cooccurrence_extraction_con-mos_1
viewsari:annotation_25262,"oa:Annotation, prov:Entity",viewsari:textchunk_25262,he loved him,viewsari:cooccurrence_extraction_mos-san_1
viewsari:annotation_25263,"oa:Annotation, prov:Entity",viewsari:textchunk_25263,his Holiness order the work to be done. Wherefore Vasari was not able to give Mosca,viewsari:cooccurrence_extraction_buo-mos_1
viewsari:annotation_25264,"oa:Annotation, prov:Entity",viewsari:textchunk_25264,"his designs, in the cross at the head of the church, two great tabernacles of marble, works truly graceful, beautiful, and well-proportioned, for one of which Raffaello da Montelupo made in marble a nude Christ with the Cross on His shoulder in a niche, and for the other Moschino",viewsari:cooccurrence_extraction_mos-mos_1
viewsari:annotation_25265,"oa:Annotation, prov:Entity",viewsari:textchunk_25265,"he stayed many years, following him",viewsari:cooccurrence_extraction_gen-sig_1
viewsari:annotation_25266,"oa:Annotation, prov:Entity",viewsari:textchunk_25266,"Genga, because he",viewsari:cooccurrence_extraction_gen-men_1
viewsari:annotation_25267,"oa:Annotation, prov:Entity",viewsari:textchunk_25267,"Genga, because he",viewsari:cooccurrence_extraction_gen-sal_1
viewsari:annotation_25268,"oa:Annotation, prov:Entity",viewsari:textchunk_25268,his father,viewsari:cooccurrence_extraction_gen-gen_1
viewsari:annotation_25269,"oa:Annotation, prov:Entity",viewsari:textchunk_25269,"Matteo San Michele, an excellent architect, his cousin",viewsari:cooccurrence_extraction_san-san_1_09
viewsari:annotation_25270,"oa:Annotation, prov:Entity",viewsari:textchunk_25270,"Perugino, who had once been his master",viewsari:cooccurrence_extraction_per-san_2
viewsari:annotation_25271,"oa:Annotation, prov:Entity",viewsari:textchunk_25271,"Perugino, when he",viewsari:cooccurrence_extraction_per-san_1_04
viewsari:annotation_25272,"oa:Annotation, prov:Entity",viewsari:textchunk_25272,"his manner, beside that of Buonarroti, was dry, petty, and by no means worthy to be imitated. And since, among those who used to go to paint that cartoon, which was for a time the school of all who wished to attend to painting, the most able of all was held to be Ridolfo Ghirlandajo",viewsari:cooccurrence_extraction_ghi-per_1
viewsari:annotation_25273,"oa:Annotation, prov:Entity",viewsari:textchunk_25273,"his manner, beside that of Buonarroti",viewsari:cooccurrence_extraction_buo-per_2
viewsari:annotation_25274,"oa:Annotation, prov:Entity",viewsari:textchunk_25274,him as his,viewsari:cooccurrence_extraction_ghi-san_1_02
viewsari:annotation_25275,"oa:Annotation, prov:Entity",viewsari:textchunk_25275,Buonarroti to depict certain difficult postures; in doing which he,viewsari:cooccurrence_extraction_buo-san_1_04
viewsari:annotation_25276,"oa:Annotation, prov:Entity",viewsari:textchunk_25276,"Buonarroti, was dry, petty, and by no means worthy to be imitated. And since, among those who used to go to paint that cartoon, which was for a time the school of all who wished to attend to painting, the most able of all was held to be Ridolfo Ghirlandajo",viewsari:cooccurrence_extraction_buo-ghi_1_03
viewsari:annotation_25277,"oa:Annotation, prov:Entity",viewsari:textchunk_25277,Aristotile copied from that which Raffaello,viewsari:cooccurrence_extraction_san-san_1_10
viewsari:annotation_25278,"oa:Annotation, prov:Entity",viewsari:textchunk_25278,Andrea del Sarto and Aristotile,viewsari:cooccurrence_extraction_san-sar_1_02
viewsari:annotation_25279,"oa:Annotation, prov:Entity",viewsari:textchunk_25279,he gave him,viewsari:cooccurrence_extraction_san-san_1_11
viewsari:annotation_25280,"oa:Annotation, prov:Entity",viewsari:textchunk_25280,he had been his,viewsari:cooccurrence_extraction_san-vag_1_03
viewsari:annotation_25281,"oa:Annotation, prov:Entity",viewsari:textchunk_25281,"his friends, two painters of whom I shall make brief mention here, because they were such that they deserve to have a place among these rare intellects, on account of some works executed by them that were truly worthy to be extolled. One was Jacone",viewsari:cooccurrence_extraction_jac-san_1
viewsari:annotation_25282,"oa:Annotation, prov:Entity",viewsari:textchunk_25282,"Jacone, the goldsmith Piloto",viewsari:cooccurrence_extraction_jac-pil_1
viewsari:annotation_25283,"oa:Annotation, prov:Entity",viewsari:textchunk_25283,him in matters of art. Francesco,viewsari:cooccurrence_extraction_sar-ube_1
viewsari:annotation_25284,"oa:Annotation, prov:Entity",viewsari:textchunk_25284,"himself by means of some friends under Boccaccino, who was at that time executing in the same church, likewise in fresco, some stories of the Madonna, as has been said in his",viewsari:cooccurrence_extraction_boc-gar_1
viewsari:annotation_25285,"oa:Annotation, prov:Entity",viewsari:textchunk_25285,himself was working. But Benvenuto,viewsari:cooccurrence_extraction_cos-gar_1
viewsari:annotation_25286,"oa:Annotation, prov:Entity",viewsari:textchunk_25286,"Raffaello, he",viewsari:cooccurrence_extraction_gar-san_1
viewsari:annotation_25287,"oa:Annotation, prov:Entity",viewsari:textchunk_25287,"Benvenuto, he",viewsari:cooccurrence_extraction_car-gar_1
viewsari:annotation_25288,"oa:Annotation, prov:Entity",viewsari:textchunk_25288,"Correggio, Girolamo",viewsari:cooccurrence_extraction_car-cor_1
viewsari:annotation_25289,"oa:Annotation, prov:Entity",viewsari:textchunk_25289,"Benvenuto, he began to think that he should be removed by his father from those base labours; but Tommaso, as one who had need of money, would do nothing of the kind, and Girolamo resolved at all costs to leave him. And so he went to Bologna, where he received no little favour from the gentlemen of that city; wherefore, having made some portraits, which were passing good likenesses, he acquired so much credit that he earned much money and assisted his father more while living at Bologna than he had done when staying in Ferrara. At that time there was brought to the house of the noble Counts Ercolani at Bologna a picture by the hand of Antonio da Correggio",viewsari:cooccurrence_extraction_cor-gar_1
viewsari:annotation_25290,"oa:Annotation, prov:Entity",viewsari:textchunk_25290,he would deserve praise and the name of an excellent painter; and Girolamo,viewsari:cooccurrence_extraction_car-dos_1
viewsari:annotation_25291,"oa:Annotation, prov:Entity",viewsari:textchunk_25291,"Girolamo, by means of Tiziano",viewsari:cooccurrence_extraction_car-vec_1_02
viewsari:annotation_25292,"oa:Annotation, prov:Entity",viewsari:textchunk_25292,"he would deserve praise and the name of an excellent painter; and Girolamo, by means of Tiziano",viewsari:cooccurrence_extraction_dos-vec_1
viewsari:annotation_25293,"oa:Annotation, prov:Entity",viewsari:textchunk_25293,"his death, and Giulio Romano",viewsari:cooccurrence_extraction_maz-rom_1_01
viewsari:annotation_25294,"oa:Annotation, prov:Entity",viewsari:textchunk_25294,"his death, and Giulio Romano",viewsari:cooccurrence_extraction_maz-rom_1_02
viewsari:annotation_25295,"oa:Annotation, prov:Entity",viewsari:textchunk_25295,"himself. The same Giovan Battista has caused Domenico Brusciasorzi to execute after his design for S. Barbara, the church of the Duke's Castle, an altar-piece in oils truly worthy to be praised, in which is the Martyrdom of that Saint. And, in addition, having studied Vitruvius",viewsari:cooccurrence_extraction_rom-vit_1
viewsari:annotation_25296,"oa:Annotation, prov:Entity",viewsari:textchunk_25296,"the same Giulio. There are, then, works by Fermo Ghisoni, such as a Nativity of Christ, two altar-pieces by Girolamo Mazzuoli, three by Lattanzio Gambara of Brescia, and three others by Paolo Veronese, which are the best. In the same place, at the head of the refectory, by the hand of a certain Fra Girolamo, a lay-brother of S. Dominic, as has been related elsewhere, is a picture in oils which is a copy of the very beautiful Last Supper that Leonardo",viewsari:cooccurrence_extraction_rom-vin_1
viewsari:annotation_25297,"oa:Annotation, prov:Entity",viewsari:textchunk_25297,"he painted a standing figure armed in the ancient fashion, much better than any of the others that were executed there by many painters about the same time. After the death of Bonifazio, who left unfinished the above-mentioned stories of Christ in the Duomo of Cremona",viewsari:cooccurrence_extraction_bem-mel_1
viewsari:annotation_25298,"oa:Annotation, prov:Entity",viewsari:textchunk_25298,"he painted a standing figure armed in the ancient fashion, much better than any of the others that were executed there by many painters about the same time. After the death of Bonifazio, who left unfinished the above-mentioned stories of Christ in the Duomo of Cremona, Giovanni Antonio Licinio of Pordenone",viewsari:cooccurrence_extraction_lic-mel_1
viewsari:annotation_25299,"oa:Annotation, prov:Entity",viewsari:textchunk_25299,"he painted a standing figure armed in the ancient fashion, much better than any of the others that were executed there by many painters about the same time. After the death of Bonifazio, who left unfinished the above-mentioned stories of Christ in the Duomo of Cremona, Giovanni Antonio Licinio of Pordenone, called in Cremona De' Sacchi, finished those stories begun by Bonifazio, painting there in fresco five scenes of the Passion of Christ with a grand manner in the figures, bold colouring, and foreshortenings that have vivacity and force; all which things taught the good method of painting to the Cremonese, and not in fresco only, but likewise in oils, for the reason that in the same Duomo, placed against a pilaster in the centre of the church, is an altar-piece by the hand of Pordenone that is very beautiful. Camillo, the son of Boccaccino",viewsari:cooccurrence_extraction_boc-mel_1_01
viewsari:annotation_25300,"oa:Annotation, prov:Entity",viewsari:textchunk_25300,"he painted a standing figure armed in the ancient fashion, much better than any of the others that were executed there by many painters about the same time. After the death of Bonifazio, who left unfinished the above-mentioned stories of Christ in the Duomo of Cremona, Giovanni Antonio Licinio of Pordenone, called in Cremona De' Sacchi, finished those stories begun by Bonifazio, painting there in fresco five scenes of the Passion of Christ with a grand manner in the figures, bold colouring, and foreshortenings that have vivacity and force; all which things taught the good method of painting to the Cremonese, and not in fresco only, but likewise in oils, for the reason that in the same Duomo, placed against a pilaster in the centre of the church, is an altar-piece by the hand of Pordenone that is very beautiful. Camillo, the son of Boccaccino",viewsari:cooccurrence_extraction_boc-mel_1_02
viewsari:annotation_25301,"oa:Annotation, prov:Entity",viewsari:textchunk_25301,"Pordenone, called in Cremona De' Sacchi, finished those stories begun by Bonifazio",viewsari:cooccurrence_extraction_bem-lic_1
viewsari:annotation_25302,"oa:Annotation, prov:Entity",viewsari:textchunk_25302,"Bonifazio, painting there in fresco five scenes of the Passion of Christ with a grand manner in the figures, bold colouring, and foreshortenings that have vivacity and force; all which things taught the good method of painting to the Cremonese, and not in fresco only, but likewise in oils, for the reason that in the same Duomo, placed against a pilaster in the centre of the church, is an altar-piece by the hand of Pordenone that is very beautiful. Camillo, the son of Boccaccino",viewsari:cooccurrence_extraction_bem-boc_1_01
viewsari:annotation_25303,"oa:Annotation, prov:Entity",viewsari:textchunk_25303,"Bonifazio, painting there in fresco five scenes of the Passion of Christ with a grand manner in the figures, bold colouring, and foreshortenings that have vivacity and force; all which things taught the good method of painting to the Cremonese, and not in fresco only, but likewise in oils, for the reason that in the same Duomo, placed against a pilaster in the centre of the church, is an altar-piece by the hand of Pordenone that is very beautiful. Camillo, the son of Boccaccino",viewsari:cooccurrence_extraction_bem-boc_1_02
viewsari:annotation_25304,"oa:Annotation, prov:Entity",viewsari:textchunk_25304,"Pordenone that is very beautiful. Camillo, the son of Boccaccino",viewsari:cooccurrence_extraction_boc-lic_1_01
viewsari:annotation_25305,"oa:Annotation, prov:Entity",viewsari:textchunk_25305,"Pordenone that is very beautiful. Camillo, the son of Boccaccino",viewsari:cooccurrence_extraction_boc-lic_1_02
viewsari:annotation_25306,"oa:Annotation, prov:Entity",viewsari:textchunk_25306,"Pordenone had left unfinished, wherein he",viewsari:cooccurrence_extraction_lic-soi_1
viewsari:annotation_25307,"oa:Annotation, prov:Entity",viewsari:textchunk_25307,"that Girolamo was Alessandro Moretto, who painted in fresco, under the arch of the Porta Brusciata, the Translation of the bodies of SS. Faustino and Jovita, with some groups of figures that are accompanying those bodies, all very well done. For S. Nazzaro, also in Brescia, he executed certain works, and others for S. Celso, which are passing good, and an altar-piece for S. Piero in Oliveto, which is full of charm. At Milan, in the house of the Mint, there is a picture by the hand of that same Alessandro with the Conversion of S. Paul, and other heads that are very natural, with beautiful adornments of draperies and vestments, for the reason that he much delighted to counterfeit cloth of gold and of silver, velvets, damasks, and other draperies of every kind, which he used to place on the figures with great diligence. The heads by the hand of that master are very lifelike, and hold to the manner of Raffaello da Urbino",viewsari:cooccurrence_extraction_rom-san_1_02
viewsari:annotation_25308,"oa:Annotation, prov:Entity",viewsari:textchunk_25308,him Bramante,viewsari:cooccurrence_extraction_bra-urb_1
viewsari:annotation_25309,"oa:Annotation, prov:Entity",viewsari:textchunk_25309,"David, who had been much beloved by Domenico, and who loved him equally, both living and dead",viewsari:cooccurrence_extraction_ghi-ghi_2
viewsari:annotation_25310,"oa:Annotation, prov:Entity",viewsari:textchunk_25310,"his brother Benedetto, many works begun by Domenico",viewsari:cooccurrence_extraction_ghi-ghi_1_05
viewsari:annotation_25311,"oa:Annotation, prov:Entity",viewsari:textchunk_25311,his brother Benedetto,viewsari:cooccurrence_extraction_ghi-ghi_1_06
viewsari:annotation_25312,"oa:Annotation, prov:Entity",viewsari:textchunk_25312,he sought in many ways to attract Ridolfo,viewsari:cooccurrence_extraction_ghi-san_2
viewsari:annotation_25313,"oa:Annotation, prov:Entity",viewsari:textchunk_25313,"his friends, Poggino, Scheggia, and Nunziata",viewsari:cooccurrence_extraction_ghi-nun_1
viewsari:annotation_25314,"oa:Annotation, prov:Entity",viewsari:textchunk_25314,his Life. Ridolfo,viewsari:cooccurrence_extraction_alb-ghi_1
viewsari:annotation_25315,"oa:Annotation, prov:Entity",viewsari:textchunk_25315,"Domenico come to life again, as it were, in Ridolfo",viewsari:cooccurrence_extraction_ghi-ghi_1_07
viewsari:annotation_25316,"oa:Annotation, prov:Entity",viewsari:textchunk_25316,his master,viewsari:cooccurrence_extraction_ghi-ghi_1_08
viewsari:annotation_25317,"oa:Annotation, prov:Entity",viewsari:textchunk_25317,"him, the boy heard the works of Michelagnolo and Raffaello",viewsari:cooccurrence_extraction_cas-san_1
viewsari:annotation_25318,"oa:Annotation, prov:Entity",viewsari:textchunk_25318,"Raffaello, determined, like a young man of fine intelligence, that he",viewsari:cooccurrence_extraction_gio-san_1_05
viewsari:annotation_25319,"oa:Annotation, prov:Entity",viewsari:textchunk_25319,"Raffaello, determined, like a young man of fine intelligence, that he",viewsari:cooccurrence_extraction_udi-san_3
viewsari:annotation_25320,"oa:Annotation, prov:Entity",viewsari:textchunk_25320,"he filled a book with them, which was so well varied and so beautiful, that it was a recreation and a delight to Raffaello. Living with Raffaello was a Fleming called Giovanni, who was an excellent master in depicting fruits, leaves, and flowers with a very faithful and pleasing likeness to nature, although in a manner a little dry and laboured; and from him Giovanni da Udine",viewsari:cooccurrence_extraction_gio-udi_1
viewsari:annotation_25322,"oa:Annotation, prov:Entity",viewsari:textchunk_25322,his master,viewsari:cooccurrence_extraction_san-udi_4
viewsari:annotation_25323,"oa:Annotation, prov:Entity",viewsari:textchunk_25323,he and Perino del Vaga,viewsari:cooccurrence_extraction_udi-vag_2
viewsari:annotation_25324,"oa:Annotation, prov:Entity",viewsari:textchunk_25324,Michelagnolo that he,viewsari:cooccurrence_extraction_buo-fra_1_01
viewsari:annotation_25325,"oa:Annotation, prov:Entity",viewsari:textchunk_25325,"San Gallo, he so contrived that Battista",viewsari:cooccurrence_extraction_fra-san_1_02
viewsari:annotation_25326,"oa:Annotation, prov:Entity",viewsari:textchunk_25326,"Michelagnolo; and, what was more, he would not for a time set himself to paint or to do any other thing but draw. But in the year 1536, festive preparations of a grand and sumptuous kind being arranged by Antonio da San Gallo",viewsari:cooccurrence_extraction_buo-san_2_02
viewsari:annotation_25327,"oa:Annotation, prov:Entity",viewsari:textchunk_25327,himself superior to Francesco,viewsari:cooccurrence_extraction_fra-sal_1
viewsari:annotation_25328,"oa:Annotation, prov:Entity",viewsari:textchunk_25328,Genga and Battista,viewsari:cooccurrence_extraction_fra-gen_1
viewsari:annotation_25329,"oa:Annotation, prov:Entity",viewsari:textchunk_25329,Battista and Ammanati,viewsari:cooccurrence_extraction_amm-fra_1
viewsari:annotation_25330,"oa:Annotation, prov:Entity",viewsari:textchunk_25330,Sansovino; and Battista,viewsari:cooccurrence_extraction_fra-san_1_03
viewsari:annotation_25331,"oa:Annotation, prov:Entity",viewsari:textchunk_25331,"Orazio, the son of Tiziano, another, Tintoretto",viewsari:cooccurrence_extraction_tin-vec_1_01
viewsari:annotation_25332,"oa:Annotation, prov:Entity",viewsari:textchunk_25332,"Tiziano, another, Tintoretto",viewsari:cooccurrence_extraction_tin-vec_1_02
viewsari:annotation_25333,"oa:Annotation, prov:Entity",viewsari:textchunk_25333,Jacopo Tintoretto and Paolo Veronese,viewsari:cooccurrence_extraction_cal-tin_1
viewsari:annotation_25334,"oa:Annotation, prov:Entity",viewsari:textchunk_25334,"Orazio, the son of Tiziano, another",viewsari:cooccurrence_extraction_vec-vec_1
viewsari:annotation_25335,"oa:Annotation, prov:Entity",viewsari:textchunk_25335,"his father Tiziano. Beside these Paolo Veronese, of whom there has been an account in the Life of Michele San Michele",viewsari:cooccurrence_extraction_cal-vec_1_01
viewsari:annotation_25336,"oa:Annotation, prov:Entity",viewsari:textchunk_25336,"his father Tiziano. Beside these Paolo Veronese, of whom there has been an account in the Life of Michele San Michele",viewsari:cooccurrence_extraction_cal-vec_1_02
viewsari:annotation_25337,"oa:Annotation, prov:Entity",viewsari:textchunk_25337,"his brother, painters of Brescia, painted the ceiling, Tintoretto",viewsari:cooccurrence_extraction_ros-tin_1
viewsari:annotation_25338,"oa:Annotation, prov:Entity",viewsari:textchunk_25338,Paolo Veronese and Battista Farinato,viewsari:cooccurrence_extraction_cal-far_1
viewsari:annotation_25339,"oa:Annotation, prov:Entity",viewsari:textchunk_25339,himself to him,viewsari:cooccurrence_extraction_rus-vin_1
viewsari:annotation_25340,"oa:Annotation, prov:Entity",viewsari:textchunk_25340,Andrea had gone to work in Venice. Rustici,viewsari:cooccurrence_extraction_rus-ver_1
viewsari:annotation_25341,"oa:Annotation, prov:Entity",viewsari:textchunk_25341,"Andrea del Verrocchio, with whom there was also working Leonardo da Vinci, a rare youth and gifted with infinite parts",viewsari:cooccurrence_extraction_ver-vin_3
viewsari:annotation_25342,"oa:Annotation, prov:Entity",viewsari:textchunk_25342,"Contucci of Sansovino those that were to be set up in place of the old ones over the door that faces towards the Misericordia, allotted to Rustici",viewsari:cooccurrence_extraction_con-rus_1
viewsari:annotation_25343,"oa:Annotation, prov:Entity",viewsari:textchunk_25343,"Francesco del Tadda with Maestro Andrea, a sculptor of Fiesole",viewsari:cooccurrence_extraction_mon-tad_1
viewsari:annotation_25344,"oa:Annotation, prov:Entity",viewsari:textchunk_25344,"Francesco, particularly because Michelagnolo Buonarroti",viewsari:cooccurrence_extraction_buo-sal_1
viewsari:annotation_25345,"oa:Annotation, prov:Entity",viewsari:textchunk_25345,"his master's drawings in secret to Francesco, who had no greater desire than to obtain and study them, as he did day and night. Afterwards Giorgio was placed by the Magnificent Ippolito with Baccio Bandinelli, who was pleased to have the boy with him and to teach him",viewsari:cooccurrence_extraction_ban-buo_4
viewsari:annotation_25346,"oa:Annotation, prov:Entity",viewsari:textchunk_25346,him and to teach him; and Vasari contrived to obtain Francesco,viewsari:cooccurrence_extraction_ban-sal_1
viewsari:annotation_25347,"oa:Annotation, prov:Entity",viewsari:textchunk_25347,he and Nannoccio went to work with Andrea del Sarto,viewsari:cooccurrence_extraction_sal-sar_2
viewsari:annotation_25348,"oa:Annotation, prov:Entity",viewsari:textchunk_25348,his friend Giorgio Vasari,viewsari:cooccurrence_extraction_sal-vas_1
viewsari:annotation_25349,"oa:Annotation, prov:Entity",viewsari:textchunk_25349,"him all the time that the siege lasted, but in such discomfort, that they repented that they had not followed Giorgio, who spent that year in Pisa with the goldsmith Manno, giving his",viewsari:cooccurrence_extraction_sar-vas_1
viewsari:annotation_25350,"oa:Annotation, prov:Entity",viewsari:textchunk_25350,he allowed Tasso,viewsari:cooccurrence_extraction_sal-tas_1
viewsari:annotation_25351,"oa:Annotation, prov:Entity",viewsari:textchunk_25351,"Francesco, he",viewsari:cooccurrence_extraction_con-sal_1
viewsari:annotation_25352,"oa:Annotation, prov:Entity",viewsari:textchunk_25352,"Daniello, saying that he",viewsari:cooccurrence_extraction_buo-ric_1
viewsari:annotation_25353,"oa:Annotation, prov:Entity",viewsari:textchunk_25353,Daniello and Francesco,viewsari:cooccurrence_extraction_ric-sal_1
viewsari:annotation_25354,"oa:Annotation, prov:Entity",viewsari:textchunk_25354,"Pirro Ligorio, who at first had much favoured Francesco, and would have continued to favour him",viewsari:cooccurrence_extraction_lig-sal_1
viewsari:annotation_25355,"oa:Annotation, prov:Entity",viewsari:textchunk_25355,that worthy man and excellent craftsman. Very dear to him,viewsari:cooccurrence_extraction_man-pra_1
viewsari:annotation_25356,"oa:Annotation, prov:Entity",viewsari:textchunk_25356,that worthy man and excellent craftsman. Very dear to him,viewsari:cooccurrence_extraction_man-sal_1
viewsari:annotation_25357,"oa:Annotation, prov:Entity",viewsari:textchunk_25357,"that worthy man and excellent craftsman. Very dear to him, likewise, was the above-mentioned Avveduto dell'Avveduto, a dresser of minever-furs, who was the most loving and most faithful friend that Francesco ever had; and if he",viewsari:cooccurrence_extraction_man-sal_2
viewsari:annotation_25358,"oa:Annotation, prov:Entity",viewsari:textchunk_25358,"Francesco died, Salviati",viewsari:cooccurrence_extraction_pra-sal_1_01
viewsari:annotation_25360,"oa:Annotation, prov:Entity",viewsari:textchunk_25360,"he studied design while still a child; which Francesco was a man of most beautiful genius, and drew better than any other goldsmith of his time; and he was not inferior to his father Girolamo, who executed every kind of work with plates of silver better than any of his rivals",viewsari:cooccurrence_extraction_pra-sal_1_02
viewsari:annotation_25361,"oa:Annotation, prov:Entity",viewsari:textchunk_25361,"his father Girolamo, who executed every kind of work with plates of silver better than any of his rivals",viewsari:cooccurrence_extraction_pra-pra_1
viewsari:annotation_25362,"oa:Annotation, prov:Entity",viewsari:textchunk_25362,"his father Girolamo, who executed every kind of work with plates of silver better than any of his rivals",viewsari:cooccurrence_extraction_sal-pra_2
viewsari:annotation_25363,"oa:Annotation, prov:Entity",viewsari:textchunk_25363,"one Domenico Romano, who was of great assistance to him in the hall that he painted in Florence, and in other works",viewsari:cooccurrence_extraction_rom-sal_1
viewsari:annotation_25364,"oa:Annotation, prov:Entity",viewsari:textchunk_25364,Daniello was set in his,viewsari:cooccurrence_extraction_ric-vag_1
viewsari:annotation_25365,"oa:Annotation, prov:Entity",viewsari:textchunk_25365,Daniello; which Giulio,viewsari:cooccurrence_extraction_maz-ric_1
viewsari:annotation_25366,"oa:Annotation, prov:Entity",viewsari:textchunk_25366,a male child to whom he gave the name of Taddeo,viewsari:cooccurrence_extraction_zuc-zuc_1_01
viewsari:annotation_25367,"oa:Annotation, prov:Entity",viewsari:textchunk_25367,"his father as he might wish, he went off all alone, at the age of fourteen, to Rome. There, at first, not being known by anyone, and himself knowing no one, he suffered some hardships; and, if he did know one or two persons, he was treated worse by them than by the others. Thus, having approached Francesco, called Sant'Agnolo, who was working by the day at grotesques under Perino del Vaga",viewsari:cooccurrence_extraction_san-zuc_1_01
viewsari:annotation_25368,"oa:Annotation, prov:Entity",viewsari:textchunk_25368,himself to him,viewsari:cooccurrence_extraction_san-zuc_1_02
viewsari:annotation_25369,"oa:Annotation, prov:Entity",viewsari:textchunk_25369,"him, he",viewsari:cooccurrence_extraction_por-zuc_1
viewsari:annotation_25370,"oa:Annotation, prov:Entity",viewsari:textchunk_25370,"Correggio and Parmigiano, and with what softness they executed their paintings, he had such experience that, imparting it to Taddeo",viewsari:cooccurrence_extraction_cor-zuc_1
viewsari:annotation_25371,"oa:Annotation, prov:Entity",viewsari:textchunk_25371,his having seen the methods of Correggio,viewsari:cooccurrence_extraction_cor-por_1
viewsari:annotation_25372,"oa:Annotation, prov:Entity",viewsari:textchunk_25372,Francesco proposed Taddeo,viewsari:cooccurrence_extraction_maz-zuc_1
viewsari:annotation_25373,"oa:Annotation, prov:Entity",viewsari:textchunk_25373,Francesco proposed Taddeo,viewsari:cooccurrence_extraction_san-zuc_2
viewsari:annotation_25374,"oa:Annotation, prov:Entity",viewsari:textchunk_25374,him Federigo,viewsari:cooccurrence_extraction_zuc-zuc_1_02
viewsari:annotation_25375,"oa:Annotation, prov:Entity",viewsari:textchunk_25375,himself not a little of Taddeo,viewsari:cooccurrence_extraction_fon-zuc_1
viewsari:annotation_25376,"oa:Annotation, prov:Entity",viewsari:textchunk_25376,Salviati by their foul calumnies; and although Taddeo,viewsari:cooccurrence_extraction_sal-zuc_1
viewsari:annotation_25377,"oa:Annotation, prov:Entity",viewsari:textchunk_25377,Federigo went with him,viewsari:cooccurrence_extraction_pal-zuc_1_01
viewsari:annotation_25378,"oa:Annotation, prov:Entity",viewsari:textchunk_25378,"him in order to see that country; and there he drew many things that pleased him. Then, after having seen many things in Verona and in many other cities of Lombardy, he finally made his way to Florence, at the very time when festive preparations, rich and marvellous, were being made for the coming of Queen Joanna of Austria. Having arrived there, he executed, after the desire of the Lord Duke, a most beautiful and fanciful Hunt in colours on a vast canvas that covered the stage at the end of the Hall, and some scenes in chiaroscuro for an arch; all which gave infinite satisfaction. From Florence he went to Sant' Agnolo, to revisit his relatives and friends, and finally he arrived in Rome on the 16th of the January following; but he was of little assistance to Taddeo",viewsari:cooccurrence_extraction_pal-zuc_1_02
viewsari:annotation_25379,"oa:Annotation, prov:Entity",viewsari:textchunk_25379,"Raffaello da Urbino, his fellow-countryman",viewsari:cooccurrence_extraction_san-zuc_1_03
viewsari:annotation_25380,"oa:Annotation, prov:Entity",viewsari:textchunk_25380,"Federigo in the Ritonda of Rome, near the tabernacle where Raffaello da Urbino, his fellow-countryman",viewsari:cooccurrence_extraction_san-zuc_1_04
viewsari:annotation_25381,"oa:Annotation, prov:Entity",viewsari:textchunk_25381,Vignuola with him,viewsari:cooccurrence_extraction_bar-pri_1
viewsari:annotation_25382,"oa:Annotation, prov:Entity",viewsari:textchunk_25382,"Granacci, loving Michelagnolo",viewsari:cooccurrence_extraction_buo-gra_2
viewsari:annotation_25383,"oa:Annotation, prov:Entity",viewsari:textchunk_25383,"Francesco Granacci, who, likewise a lad, had placed himself with Domenico Ghirlandajo in order to learn the art of painting",viewsari:cooccurrence_extraction_ghi-gra_2
viewsari:annotation_25384,"oa:Annotation, prov:Entity",viewsari:textchunk_25384,him that he,viewsari:cooccurrence_extraction_buo-ghi_2_01
viewsari:annotation_25385,"oa:Annotation, prov:Entity",viewsari:textchunk_25385,his master Donato,viewsari:cooccurrence_extraction_ber-don_1
viewsari:annotation_25386,"oa:Annotation, prov:Entity",viewsari:textchunk_25386,"him. Now Lorenzo, who bore a very great love to painting and to sculpture, was grieved that there were not to be found in his time sculptors noble and famous enough to equal the many painters of the highest merit and reputation, and he determined, as I have said, to found a school. To this end he besought Domenico Ghirlandajo",viewsari:cooccurrence_extraction_ber-ghi_1
viewsari:annotation_25387,"oa:Annotation, prov:Entity",viewsari:textchunk_25387,"him. Now Lorenzo, who bore a very great love to painting and to sculpture, was grieved that there were not to be found in his time sculptors noble and famous enough to equal the many painters of the highest merit and reputation, and he determined, as I have said, to found a school. To this end he besought Domenico Ghirlandajo that, if he had among the young men in his workshop any that were inclined to sculpture, he might send them to his garden, where he wished to train and form them in such a manner as might do honour to himself, to Domenico, and to the whole city. Whereupon there were given to him by Domenico as the best of his young men, among others, Michelagnolo",viewsari:cooccurrence_extraction_ber-buo_1
viewsari:annotation_25388,"oa:Annotation, prov:Entity",viewsari:textchunk_25388,"his master Donato, but also on account of many castings in bronze that he had executed himself, of battles and certain other small works, in the execution of which there was no one to be found in Florence at that time who surpassed him. Now Lorenzo, who bore a very great love to painting and to sculpture, was grieved that there were not to be found in his time sculptors noble and famous enough to equal the many painters of the highest merit and reputation, and he determined, as I have said, to found a school. To this end he besought Domenico Ghirlandajo",viewsari:cooccurrence_extraction_don-ghi_1_03
viewsari:annotation_25389,"oa:Annotation, prov:Entity",viewsari:textchunk_25389,"his right hand, were figures considerably larger than life of the most famous and most highly celebrated sculptors and painters of antiquity. Each of these could be recognized by some notable sign; Praxiteles by the Satyr that is in the Vigna of Pope Julius III, Apelles by the portrait of Alexander the Great, Zeuxis by a little panel on which were figured the grapes that deceived the birds, and Parrhasius with the covering counterfeited in painting over his picture; and, even as these, so the others were known by other signs. On the left hand were those who have been illustrious in these arts in our own centuries, from Cimabue to the present day. Thus Giotto could be recognized there by a little panel on which was seen the portrait of Dante as a young man, in the manner in which he may be seen in S. Croce, painted by Giotto himself; Masaccio by his portrait from life, Donatello",viewsari:cooccurrence_extraction_buo-don_2
viewsari:annotation_25390,"oa:Annotation, prov:Entity",viewsari:textchunk_25390,him more honoured than himself,viewsari:cooccurrence_extraction_buo-tor_2
viewsari:annotation_25391,"oa:Annotation, prov:Entity",viewsari:textchunk_25391,"Leonardo, taking as his",viewsari:cooccurrence_extraction_buo-vin_3
viewsari:annotation_25392,"oa:Annotation, prov:Entity",viewsari:textchunk_25392,"Michelagnolo, he",viewsari:cooccurrence_extraction_buo-fra_1_02
viewsari:annotation_25393,"oa:Annotation, prov:Entity",viewsari:textchunk_25393,Raffaello in Michelagnolo's,viewsari:cooccurrence_extraction_buo-san_3_01
viewsari:annotation_25394,"oa:Annotation, prov:Entity",viewsari:textchunk_25394,Bramante how he,viewsari:cooccurrence_extraction_buo-urb_2
viewsari:annotation_25395,"oa:Annotation, prov:Entity",viewsari:textchunk_25395,Bramante caused to be seen by Raffaello Sanzio of Urbino,viewsari:cooccurrence_extraction_san-urb_3
viewsari:annotation_25396,"oa:Annotation, prov:Entity",viewsari:textchunk_25396,"him, and he",viewsari:cooccurrence_extraction_buo-san_2_03
viewsari:annotation_25397,"oa:Annotation, prov:Entity",viewsari:textchunk_25397,he was his,viewsari:cooccurrence_extraction_buo-san_1_05
viewsari:annotation_25398,"oa:Annotation, prov:Entity",viewsari:textchunk_25398,"Michelagnolo was then summoned to Rome by Pope Clement VII, who had made a beginning with the library of S. Lorenzo and also the new sacristy, in which he proposed to place the marble tombs that he was having made for his forefathers; and he resolved that Vasari should go to work with Andrea del Sarto",viewsari:cooccurrence_extraction_buo-sar_1
viewsari:annotation_25399,"oa:Annotation, prov:Entity",viewsari:textchunk_25399,Baccio. But Michelagnolo,viewsari:cooccurrence_extraction_ban-buo_5
viewsari:annotation_25400,"oa:Annotation, prov:Entity",viewsari:textchunk_25400,"his models by the hands of the Florentines Carota and Tasso, excellent carvers and also masters of carpentry; and likewise the shelves for the books, which were executed at that time by Battista del Cinque",viewsari:cooccurrence_extraction_buo-cin_1
viewsari:annotation_25401,"oa:Annotation, prov:Entity",viewsari:textchunk_25401,himself in those of his,viewsari:cooccurrence_extraction_buo-mon_2
viewsari:annotation_25402,"oa:Annotation, prov:Entity",viewsari:textchunk_25402,"San Gallo, Michelagnolo",viewsari:cooccurrence_extraction_buo-san_3_02
viewsari:annotation_25403,"oa:Annotation, prov:Entity",viewsari:textchunk_25403,"Bramante, and left by Antonio da San Gallo",viewsari:cooccurrence_extraction_san-urb_2_03
viewsari:annotation_25404,"oa:Annotation, prov:Entity",viewsari:textchunk_25404,Michelagnolo put him,viewsari:cooccurrence_extraction_buo-por_1
viewsari:annotation_25405,"oa:Annotation, prov:Entity",viewsari:textchunk_25405,Michelagnolo. His,viewsari:cooccurrence_extraction_big-buo_1
viewsari:annotation_25406,"oa:Annotation, prov:Entity",viewsari:textchunk_25406,"himself in those of his own tomb of Julius II, and he was content, rather, that they should be entrusted to Bartolommeo Ammanati, whom Vasari had proposed, although Buonarroti had something of a private grievance against him, as also against Nanni di Baccio Bigio",viewsari:cooccurrence_extraction_big-mon_1
viewsari:annotation_25407,"oa:Annotation, prov:Entity",viewsari:textchunk_25407,Tribolo finally asked him,viewsari:cooccurrence_extraction_buo-tri_3
viewsari:annotation_25408,"oa:Annotation, prov:Entity",viewsari:textchunk_25408,himself of him,viewsari:cooccurrence_extraction_buo-cal_1
viewsari:annotation_25409,"oa:Annotation, prov:Entity",viewsari:textchunk_25409,Daniello; and with this Michelagnolo,viewsari:cooccurrence_extraction_buo-ric_2
viewsari:annotation_25410,"oa:Annotation, prov:Entity",viewsari:textchunk_25410,"his place Nanni di Baccio Bigio, who came in and was accepted by the superintendents. Before very long he gave orders to make a scaffolding of wood from the side of the Pope's stables, where the hill is, to rise above the great recess that is turned towards that side, and caused some stout beams of fir to be cut, saying that too many ropes were consumed in drawing up the materials, and that it was better to raise them by his method. Which having heard, Michelagnolo went straight to the Pope, who was on the Piazza di Campidoglio, and made so much noise that his Holiness made him go at once into a room, where he said: ""Holy Father, there has been appointed as my substitute by the deputies a man of whom I know nothing; but if they are convinced, and also your Holiness, that I am no longer the proper man, I will return to rest in Florence, where I will enjoy the favours of that great Duke who has so long desired me, and will finish my life in my own house; I therefore beg your gracious leave."" The Pope was vexed at this, and, consoling him with kind words, ordained that he should come to speak with him on the following day at the Araceli. There, having caused the deputies of the fabric to be assembled together, he desired to be informed of the reasons of what had happened: whereupon their answer was that the fabric was going to ruin, and that errors were being made in it. Which having heard not to be the truth, the Pope commanded Signor Gabrio Scerbellone that he should go to see the fabric for himself, and that Nanni, who was making these assertions",viewsari:cooccurrence_extraction_big-ric_1
viewsari:annotation_25411,"oa:Annotation, prov:Entity",viewsari:textchunk_25411,"Michelagnolo should be carried into execution with the utmost fidelity, so that, when the architects Pirro Ligorio",viewsari:cooccurrence_extraction_buo-lig_1
viewsari:annotation_25412,"oa:Annotation, prov:Entity",viewsari:textchunk_25412,"Marcello in a picture in the Church of S. Giovanni Laterano, the design of which belongs to Duke Cosimo de' Medici, having been presented after Michelagnolo's",viewsari:cooccurrence_extraction_buo-ven_1
viewsari:annotation_25413,"oa:Annotation, prov:Entity",viewsari:textchunk_25413,him with his,viewsari:cooccurrence_extraction_buo-con_1
viewsari:annotation_25414,"oa:Annotation, prov:Entity",viewsari:textchunk_25414,"he left, but the gates are still standing."" Vasari, sent by Julius III to Michelagnolo's",viewsari:cooccurrence_extraction_buo-ghi_2_02
viewsari:annotation_25415,"oa:Annotation, prov:Entity",viewsari:textchunk_25415,"Michelagnolo, that he",viewsari:cooccurrence_extraction_buo-men_1
viewsari:annotation_25416,"oa:Annotation, prov:Entity",viewsari:textchunk_25416,him his,viewsari:cooccurrence_extraction_buo-top_1
viewsari:annotation_25417,"oa:Annotation, prov:Entity",viewsari:textchunk_25417,"him with beautiful invention and manner, there was on the left hand the statue of Sculpture, wrought very well by the sculptor Antonio di Gino Lorenzi. In the fourth of those four scenes, which faced towards the organ, there could be seen, to suggest Poetry, Michelagnolo",viewsari:cooccurrence_extraction_buo-min_1
viewsari:annotation_25418,"oa:Annotation, prov:Entity",viewsari:textchunk_25418,"his right hand, were figures considerably larger than life of the most famous and most highly celebrated sculptors and painters of antiquity. Each of these could be recognized by some notable sign; Praxiteles by the Satyr that is in the Vigna of Pope Julius III, Apelles by the portrait of Alexander the Great, Zeuxis by a little panel on which were figured the grapes that deceived the birds, and Parrhasius",viewsari:cooccurrence_extraction_buo-par_1
viewsari:annotation_25419,"oa:Annotation, prov:Entity",viewsari:textchunk_25419,"his right hand, were figures considerably larger than life of the most famous and most highly celebrated sculptors and painters of antiquity. Each of these could be recognized by some notable sign; Praxiteles by the Satyr that is in the Vigna of Pope Julius III, Apelles by the portrait of Alexander the Great, Zeuxis by a little panel on which were figured the grapes that deceived the birds, and Parrhasius with the covering counterfeited in painting over his picture; and, even as these, so the others were known by other signs. On the left hand were those who have been illustrious in these arts in our own centuries, from Cimabue to the present day. Thus Giotto",viewsari:cooccurrence_extraction_buo-gio_1
viewsari:annotation_25420,"oa:Annotation, prov:Entity",viewsari:textchunk_25420,"his right hand, were figures considerably larger than life of the most famous and most highly celebrated sculptors and painters of antiquity. Each of these could be recognized by some notable sign; Praxiteles by the Satyr that is in the Vigna of Pope Julius III, Apelles by the portrait of Alexander the Great, Zeuxis by a little panel on which were figured the grapes that deceived the birds, and Parrhasius with the covering counterfeited in painting over his picture; and, even as these, so the others were known by other signs. On the left hand were those who have been illustrious in these arts in our own centuries, from Cimabue to the present day. Thus Giotto could be recognized there by a little panel on which was seen the portrait of Dante as a young man, in the manner in which he may be seen in S. Croce, painted by Giotto himself; Masaccio",viewsari:cooccurrence_extraction_buo-mas_1
viewsari:annotation_25421,"oa:Annotation, prov:Entity",viewsari:textchunk_25421,"his right hand, were figures considerably larger than life of the most famous and most highly celebrated sculptors and painters of antiquity. Each of these could be recognized by some notable sign; Praxiteles by the Satyr that is in the Vigna of Pope Julius III, Apelles by the portrait of Alexander the Great, Zeuxis by a little panel on which were figured the grapes that deceived the birds, and Parrhasius with the covering counterfeited in painting over his picture; and, even as these, so the others were known by other signs. On the left hand were those who have been illustrious in these arts in our own centuries, from Cimabue to the present day. Thus Giotto could be recognized there by a little panel on which was seen the portrait of Dante as a young man, in the manner in which he may be seen in S. Croce, painted by Giotto himself; Masaccio by his portrait from life, Donatello likewise by his portrait, and also by his Zuccone from the Campanile, which was by his side, and Filippo Brunelleschi",viewsari:cooccurrence_extraction_bru-buo_2
viewsari:annotation_25422,"oa:Annotation, prov:Entity",viewsari:textchunk_25422,"his picture; and, even as these, so the others were known by other signs. On the left hand were those who have been illustrious in these arts in our own centuries, from Cimabue to the present day. Thus Giotto",viewsari:cooccurrence_extraction_gio-par_1
viewsari:annotation_25423,"oa:Annotation, prov:Entity",viewsari:textchunk_25423,"his picture; and, even as these, so the others were known by other signs. On the left hand were those who have been illustrious in these arts in our own centuries, from Cimabue to the present day. Thus Giotto could be recognized there by a little panel on which was seen the portrait of Dante as a young man, in the manner in which he may be seen in S. Croce, painted by Giotto himself; Masaccio",viewsari:cooccurrence_extraction_mas-par_1
viewsari:annotation_25424,"oa:Annotation, prov:Entity",viewsari:textchunk_25424,"his picture; and, even as these, so the others were known by other signs. On the left hand were those who have been illustrious in these arts in our own centuries, from Cimabue to the present day. Thus Giotto could be recognized there by a little panel on which was seen the portrait of Dante as a young man, in the manner in which he may be seen in S. Croce, painted by Giotto himself; Masaccio by his portrait from life, Donatello",viewsari:cooccurrence_extraction_don-par_1
viewsari:annotation_25425,"oa:Annotation, prov:Entity",viewsari:textchunk_25425,"his picture; and, even as these, so the others were known by other signs. On the left hand were those who have been illustrious in these arts in our own centuries, from Cimabue to the present day. Thus Giotto could be recognized there by a little panel on which was seen the portrait of Dante as a young man, in the manner in which he may be seen in S. Croce, painted by Giotto himself; Masaccio by his portrait from life, Donatello likewise by his portrait, and also by his Zuccone from the Campanile, which was by his side, and Filippo Brunelleschi",viewsari:cooccurrence_extraction_bru-par_1
viewsari:annotation_25426,"oa:Annotation, prov:Entity",viewsari:textchunk_25426,himself; Masaccio,viewsari:cooccurrence_extraction_gio-mas_1
viewsari:annotation_25427,"oa:Annotation, prov:Entity",viewsari:textchunk_25427,"himself; Masaccio by his portrait from life, Donatello",viewsari:cooccurrence_extraction_don-gio_1
viewsari:annotation_25428,"oa:Annotation, prov:Entity",viewsari:textchunk_25428,"himself; Masaccio by his portrait from life, Donatello likewise by his portrait, and also by his Zuccone from the Campanile, which was by his side, and Filippo Brunelleschi",viewsari:cooccurrence_extraction_bru-gio_1
viewsari:annotation_25429,"oa:Annotation, prov:Entity",viewsari:textchunk_25429,"his portrait from life, Donatello",viewsari:cooccurrence_extraction_don-mas_1
viewsari:annotation_25430,"oa:Annotation, prov:Entity",viewsari:textchunk_25430,"his portrait from life, Donatello likewise by his portrait, and also by his Zuccone from the Campanile, which was by his side, and Filippo Brunelleschi",viewsari:cooccurrence_extraction_bru-mas_2
viewsari:annotation_25431,"oa:Annotation, prov:Entity",viewsari:textchunk_25431,"his side, and Filippo Brunelleschi",viewsari:cooccurrence_extraction_bru-don_2
viewsari:annotation_25432,"oa:Annotation, prov:Entity",viewsari:textchunk_25432,he employed such interest that he,viewsari:cooccurrence_extraction_pri-rom_1
viewsari:annotation_25433,"oa:Annotation, prov:Entity",viewsari:textchunk_25433,"his designs and in great part adorned with stucco-work and pictures, Primaticcio",viewsari:cooccurrence_extraction_pri-ros_1
viewsari:annotation_25434,"oa:Annotation, prov:Entity",viewsari:textchunk_25434,Prospero to him,viewsari:cooccurrence_extraction_fon-pri_1
viewsari:annotation_25435,"oa:Annotation, prov:Entity",viewsari:textchunk_25435,Tiziano and Giorgione,viewsari:cooccurrence_extraction_cas-vec_1
viewsari:annotation_25436,"oa:Annotation, prov:Entity",viewsari:textchunk_25436,the said Giovanni. He,viewsari:cooccurrence_extraction_ber-vec_1
viewsari:annotation_25437,"oa:Annotation, prov:Entity",viewsari:textchunk_25437,"he might see Rome, Raffaello da Urbino",viewsari:cooccurrence_extraction_san-vec_1
viewsari:annotation_25438,"oa:Annotation, prov:Entity",viewsari:textchunk_25438,"Giorgione ever gained in all their lives. Then he was invited to Rome by Bembo, whom he had already portrayed, and who was at that time Secretary to Pope Leo X, to the end that he might see Rome, Raffaello da Urbino",viewsari:cooccurrence_extraction_cas-san_2
viewsari:annotation_25439,"oa:Annotation, prov:Entity",viewsari:textchunk_25439,"Tiziano found that a number of gentlemen, who had taken Pordenone",viewsari:cooccurrence_extraction_lic-vec_1
viewsari:annotation_25440,"oa:Annotation, prov:Entity",viewsari:textchunk_25440,"he painted, for the adornment of a room among those of Giulio Romano",viewsari:cooccurrence_extraction_rom-vec_1
viewsari:annotation_25441,"oa:Annotation, prov:Entity",viewsari:textchunk_25441,his portraits. Michelagnolo,viewsari:cooccurrence_extraction_buo-vec_1
viewsari:annotation_25442,"oa:Annotation, prov:Entity",viewsari:textchunk_25442,"his brother, painters of Brescia. He",viewsari:cooccurrence_extraction_ros-vec_1
viewsari:annotation_25443,"oa:Annotation, prov:Entity",viewsari:textchunk_25443,him. He,viewsari:cooccurrence_extraction_bor-cas_1
viewsari:annotation_25444,"oa:Annotation, prov:Entity",viewsari:textchunk_25444,he took it out of his,viewsari:cooccurrence_extraction_bor-vec_1
viewsari:annotation_25445,"oa:Annotation, prov:Entity",viewsari:textchunk_25445,"him. And such were the reciprocal friendliness and love between these two, as it were between father and son, that Jacopo",viewsari:cooccurrence_extraction_con-san_2
viewsari:annotation_25446,"oa:Annotation, prov:Entity",viewsari:textchunk_25446,Andrea del Sarto and Jacopo Sansovino,viewsari:cooccurrence_extraction_san-sar_3
viewsari:annotation_25447,"oa:Annotation, prov:Entity",viewsari:textchunk_25447,"his being an older master, rather than to Sansovino",viewsari:cooccurrence_extraction_mon-san_1
viewsari:annotation_25448,"oa:Annotation, prov:Entity",viewsari:textchunk_25448,"Nanni, being then his",viewsari:cooccurrence_extraction_san-ung_1
viewsari:annotation_25449,"oa:Annotation, prov:Entity",viewsari:textchunk_25449,"Andrea, they gave one another very great assistance. And that this is true a proof is that in the altar-piece of S. Francesco, belonging to the Nuns of the Via Pentolini, there is a S. John the Evangelist which was copied from a most beautiful model in clay that Sansovino made in those days in competition with Baccio da Montelupo",viewsari:cooccurrence_extraction_mon-sar_1
viewsari:annotation_25450,"oa:Annotation, prov:Entity",viewsari:textchunk_25450,"Andrea, they gave one another very great assistance. And that this is true a proof is that in the altar-piece of S. Francesco, belonging to the Nuns of the Via Pentolini, there is a S. John the Evangelist which was copied from a most beautiful model in clay that Sansovino made in those days in competition with Baccio da Montelupo; for the Guild of Por Santa Maria wished to have a bronze statue of four braccia made for a niche at the corner of Orsanmichele, opposite to the Wool-Shearers, for which Jacopo made a more beautiful model in clay than Baccio, but nevertheless it was allotted to Montelupo, from his being an older master, rather than to Sansovino, although his work, young as he was, was the better. That model, which is a very beautiful thing, is now in the possession of the heirs of Nanni Unghero",viewsari:cooccurrence_extraction_sar-ung_2
viewsari:annotation_25451,"oa:Annotation, prov:Entity",viewsari:textchunk_25451,"his being an older master, rather than to Sansovino, although his work, young as he was, was the better. That model, which is a very beautiful thing, is now in the possession of the heirs of Nanni Unghero",viewsari:cooccurrence_extraction_mon-ung_1
viewsari:annotation_25452,"oa:Annotation, prov:Entity",viewsari:textchunk_25452,Raffaello that Sansovino,viewsari:cooccurrence_extraction_san-san_1_12
viewsari:annotation_25453,"oa:Annotation, prov:Entity",viewsari:textchunk_25453,"Bramante, then, desiring that Sansovino",viewsari:cooccurrence_extraction_san-urb_1_06
viewsari:annotation_25454,"oa:Annotation, prov:Entity",viewsari:textchunk_25454,"Pietro, having seen the beautiful manner of Sansovino",viewsari:cooccurrence_extraction_per-san_1_05
viewsari:annotation_25455,"oa:Annotation, prov:Entity",viewsari:textchunk_25455,Bandinelli and hated Sansovino,viewsari:cooccurrence_extraction_ban-san_1
viewsari:annotation_25456,"oa:Annotation, prov:Entity",viewsari:textchunk_25456,"him; whereupon Jacopo, setting to work, displayed such diligence and so much grace in restoring them, that the Pope and all who saw them judged that nothing better could be done. These praises so spurred Sansovino to surpass himself, that, having given himself beyond measure to his studies, and being, also, somewhat delicate in constitution and suffering from some excess such as young men commit, he became so ill that he was forced for the sake of his life to return to Florence, where, profiting by his native air, by the advantage of his youth, and by the diligence and care of the physicians, in a short time he completely recovered. Now Messer Piero Pitti was arranging at that time to have a Madonna of marble made for that façade of the Mercato Nuovo in Florence where the clock is, and it appeared to him, since there were in Florence many young men of ability and also old masters, that the work should be given to that one among them who might make the best model. Whereupon one was given to Baccio da Montelupo to execute, one to Zaccheria Zacchi of Volterra, who had likewise returned to Florence the same year, another to Baccio Bandinelli",viewsari:cooccurrence_extraction_ban-urb_1
viewsari:annotation_25457,"oa:Annotation, prov:Entity",viewsari:textchunk_25457,his master,viewsari:cooccurrence_extraction_fab-san_1
viewsari:annotation_25458,"oa:Annotation, prov:Entity",viewsari:textchunk_25458,"he had made at each of the four corners of that church a tribune, and a larger tribune in the centre, after the likeness of the plan that Sebastiano Serlio",viewsari:cooccurrence_extraction_san-ser_1
viewsari:annotation_25459,"oa:Annotation, prov:Entity",viewsari:textchunk_25459,he came under Sansovino,viewsari:cooccurrence_extraction_lom-san_1
viewsari:annotation_25460,"oa:Annotation, prov:Entity",viewsari:textchunk_25460,"Sansovino, who taught him",viewsari:cooccurrence_extraction_sal-san_1_02
viewsari:annotation_25461,"oa:Annotation, prov:Entity",viewsari:textchunk_25461,"Sansovino, he",viewsari:cooccurrence_extraction_lug-san_1
viewsari:annotation_25462,"oa:Annotation, prov:Entity",viewsari:textchunk_25462,"This Bartolommeo, I say, worked under Sansovino",viewsari:cooccurrence_extraction_amm-san_1
viewsari:annotation_25463,"oa:Annotation, prov:Entity",viewsari:textchunk_25463,him; nor of other disciples of Sansovino,viewsari:cooccurrence_extraction_cat-san_1
viewsari:annotation_25464,"oa:Annotation, prov:Entity",viewsari:textchunk_25464,himself under Antonio da San Gallo,viewsari:cooccurrence_extraction_big-san_1
viewsari:annotation_25465,"oa:Annotation, prov:Entity",viewsari:textchunk_25465,his master Pontormo,viewsari:cooccurrence_extraction_bro-pon_2
viewsari:annotation_25466,"oa:Annotation, prov:Entity",viewsari:textchunk_25466,his master,viewsari:cooccurrence_extraction_all-bro_1
viewsari:annotation_25467,"oa:Annotation, prov:Entity",viewsari:textchunk_25467,"so great a master, and that he is seeking by diligence and continual study to arrive at that rarest perfection which is desired by beautiful and exalted intellects. He has painted and executed all with his own hand the Chapel of the Montaguti in the Church of the Nunziata—namely, the altar-piece in oils, and the walls and vaulting in fresco. In the altar-piece is Christ on high, and the Madonna, in the act of judging, with many figures in various attitudes and executed very well, copied from the Judgment of Michelagnolo Buonarroti",viewsari:cooccurrence_extraction_bro-buo_1
viewsari:annotation_25468,"oa:Annotation, prov:Entity",viewsari:textchunk_25468,he having sought in the nudes to imitate Michelagnolo,viewsari:cooccurrence_extraction_all-buo_1
viewsari:annotation_25469,"oa:Annotation, prov:Entity",viewsari:textchunk_25469,"Battista is carrying to completion excellently well, with certain little boys, and the figure of Buonarroti himself",viewsari:cooccurrence_extraction_buo-lor_1
