instance_id,rdf:type,rdfs:label,viewsari:involves,viewsari:involves_2,prov:wasGeneratedBy,prov:wasDerivedFrom
viewsari:cooccurrence_cim-gio_1,viewsari:cooccurrence,"Co-occurrence of Cimabue, Giovanni and Giotto, Vol. 1, Para. 13",viewsari:cimabue-giovanni,viewsari:giotto,viewsari:cooccurrence_extraction_cim-gio_1,viewsari:annotation_24828
viewsari:cooccurrence_buo-ted_1,viewsari:cooccurrence,"Co-occurrence of Buono and Tedesco, Jacopo (Lapo), Vol. 1, Para. 17",viewsari:buono,viewsari:tedesco-jacopo-lapo,viewsari:cooccurrence_extraction_buo-ted_1,viewsari:annotation_24829
viewsari:cooccurrence_bru-lap_1,viewsari:cooccurrence,"Co-occurrence of Brunelleschi, Filippo (Filippo di Ser Brunellesco) and Lapo, Arnolfo di (Arnolfo Lapi), Vol. 1, Para. 27",viewsari:brunelleschi-filippo-filippo-di-ser-brunellesco,viewsari:lapo-arnolfo-di-arnolfo-lapi,viewsari:cooccurrence_extraction_bru-lap_1,viewsari:annotation_24830
viewsari:cooccurrence_fuc-pis_1,viewsari:cooccurrence,"Co-occurrence of Fuccio and Pisano, Niccola, Vol. 1, Para. 37",viewsari:fuccio,viewsari:pisano-niccola,viewsari:cooccurrence_extraction_fuc-pis_1,viewsari:annotation_24831
viewsari:cooccurrence_pis-pis_1_01,viewsari:cooccurrence,"Co-occurrence of Pisano, Giovanni and Pisano, Niccola, Vol. 1, Para. 46",viewsari:pisano-giovanni,viewsari:pisano-niccola,viewsari:cooccurrence_extraction_pis-pis_1_01,viewsari:annotation_24832
viewsari:cooccurrence_cim-taf_1,viewsari:cooccurrence,"Co-occurrence of Cimabue, Giovanni and Tafi, Andrea, Vol. 1, Para. 70",viewsari:cimabue-giovanni,viewsari:tafi-andrea,viewsari:cooccurrence_extraction_cim-taf_1,viewsari:annotation_24833
viewsari:cooccurrence_apo-taf_1,viewsari:cooccurrence,"Co-occurrence of Apollonio and Tafi, Andrea, Vol. 1, Para. 73",viewsari:apollonio,viewsari:tafi-andrea,viewsari:cooccurrence_extraction_apo-taf_1,viewsari:annotation_24834
viewsari:cooccurrence_gio-taf_1,viewsari:cooccurrence,"Co-occurrence of Giotto and Tafi, Andrea, Vol. 1, Para. 78",viewsari:giotto,viewsari:tafi-andrea,viewsari:cooccurrence_extraction_gio-taf_1,viewsari:annotation_24835
viewsari:cooccurrence_gad-gio_1_01,viewsari:cooccurrence,"Co-occurrence of Gaddi, Gaddo and Giotto, Vol. 1, Para. 229",viewsari:gaddi-gaddo,viewsari:giotto,viewsari:cooccurrence_extraction_gad-gio_1_01,viewsari:annotation_24836
viewsari:cooccurrence_cim-mar_1,viewsari:cooccurrence,"Co-occurrence of Cimabue, Giovanni and Margaritone, Vol. 1, Para. 89",viewsari:cimabue-giovanni,viewsari:margaritone,viewsari:cooccurrence_extraction_cim-mar_1,viewsari:annotation_24837
viewsari:cooccurrence_mar-ted_1,viewsari:cooccurrence,"Co-occurrence of Margaritone and Tedesco, Jacopo (Lapo), Vol. 1, Para. 90",viewsari:margaritone,viewsari:tedesco-jacopo-lapo,viewsari:cooccurrence_extraction_mar-ted_1,viewsari:annotation_24838
viewsari:cooccurrence_ghi-gio_1,viewsari:cooccurrence,"Co-occurrence of Ghiberti, Lorenzo (Lorenzo di Bartoluccio Ghiberti, or Lorenzo di Cione Ghiberti) and Giotto, Vol. 1, Para. 111",viewsari:ghiberti-lorenzo-lorenzo-di-bartoluccio-ghiberti-or-lorenzo-di-cione-ghiberti,viewsari:giotto,viewsari:cooccurrence_extraction_ghi-gio_1,viewsari:annotation_24839
viewsari:cooccurrence_cap-gio_1,viewsari:cooccurrence,"Co-occurrence of Capanna, Puccio and Giotto, Vol. 1, Para. 118",viewsari:capanna-puccio,viewsari:giotto,viewsari:cooccurrence_extraction_cap-gio_1,viewsari:annotation_24840
viewsari:cooccurrence_agn-pis_1,viewsari:cooccurrence,"Co-occurrence of Agnolo (of Siena) and Pisano, Giovanni, Vol. 1, Para. 129",viewsari:agnolo-of-siena,viewsari:pisano-giovanni,viewsari:cooccurrence_extraction_agn-pis_1,viewsari:annotation_24841
viewsari:cooccurrence_agn-ago_1,viewsari:cooccurrence,"Co-occurrence of Agnolo (of Siena) and Agostino (of Siena), Vol. 1, Para. 129",viewsari:agnolo-of-siena,viewsari:agostino-of-siena,viewsari:cooccurrence_extraction_agn-ago_1,viewsari:annotation_24842
viewsari:cooccurrence_ago-pis_1,viewsari:cooccurrence,"Co-occurrence of Agostino (of Siena) and Pisano, Giovanni, Vol. 1, Para. 130",viewsari:agostino-of-siena,viewsari:pisano-giovanni,viewsari:cooccurrence_extraction_ago-pis_1,viewsari:annotation_24843
viewsari:cooccurrence_ago-gio_1,viewsari:cooccurrence,"Co-occurrence of Agostino (of Siena) and Giotto, Vol. 1, Para. 131",viewsari:agostino-of-siena,viewsari:giotto,viewsari:cooccurrence_extraction_ago-gio_1,viewsari:annotation_24844
viewsari:cooccurrence_agn-gio_1,viewsari:cooccurrence,"Co-occurrence of Agnolo (of Siena) and Giotto, Vol. 1, Para. 131",viewsari:agnolo-of-siena,viewsari:giotto,viewsari:cooccurrence_extraction_agn-gio_1,viewsari:annotation_24845
viewsari:cooccurrence_gio-ste_1,viewsari:cooccurrence,"Co-occurrence of Giotto and Stefano, Vol. 1, Para. 153",viewsari:giotto,viewsari:stefano,viewsari:cooccurrence_extraction_gio-ste_1,viewsari:annotation_24846
viewsari:cooccurrence_gio-san_1_01,viewsari:cooccurrence,"Co-occurrence of Giotto and Sanese, Ugolino (Ugolino da Siena), Vol. 1, Para. 154",viewsari:giotto,viewsari:sanese-ugolino-ugolino-da-siena,viewsari:cooccurrence_extraction_gio-san_1_01,viewsari:annotation_24847
viewsari:cooccurrence_gio-lau_1,viewsari:cooccurrence,"Co-occurrence of Giotto and Laurati, Pietro (Pietro Lorenzetti), Vol. 1, Para. 157",viewsari:giotto,viewsari:laurati-pietro-pietro-lorenzetti,viewsari:cooccurrence_extraction_gio-lau_1,viewsari:annotation_24848
viewsari:cooccurrence_bol-lau_1,viewsari:cooccurrence,"Co-occurrence of Bologhini, Bartolommeo and Laurati, Pietro (Pietro Lorenzetti), Vol. 1, Para. 161",viewsari:bologhini-bartolommeo,viewsari:laurati-pietro-pietro-lorenzetti,viewsari:cooccurrence_extraction_bol-lau_1,viewsari:annotation_24849
viewsari:cooccurrence_gad-pis_1,viewsari:cooccurrence,"Co-occurrence of Gaddi, Taddeo and Pisano, Andrea, Vol. 1, Para. 172",viewsari:gaddi-taddeo,viewsari:pisano-andrea,viewsari:cooccurrence_extraction_gad-pis_1,viewsari:annotation_24850
viewsari:cooccurrence_pis-pis_1_02,viewsari:cooccurrence,"Co-occurrence of Pisano, Andrea and Pisano, Tommaso, Vol. 1, Para. 174",viewsari:pisano-andrea,viewsari:pisano-tommaso,viewsari:cooccurrence_extraction_pis-pis_1_02,viewsari:annotation_24851
viewsari:cooccurrence_buf-taf_1,viewsari:cooccurrence,"Co-occurrence of Buffalmacco, Buonamico and Tafi, Andrea, Vol. 1, Para. 178",viewsari:buffalmacco-buonamico,viewsari:tafi-andrea,viewsari:cooccurrence_extraction_buf-taf_1,viewsari:annotation_24852
viewsari:cooccurrence_buf-gio_1,viewsari:cooccurrence,"Co-occurrence of Buffalmacco, Buonamico and Giovanni, Bruno di, Vol. 1, Para. 192",viewsari:buffalmacco-buonamico,viewsari:giovanni-bruno-di,viewsari:cooccurrence_extraction_buf-gio_1,viewsari:annotation_24853
viewsari:cooccurrence_cav-gio_1,viewsari:cooccurrence,"Co-occurrence of Cavallini, Pietro and Giotto, Vol. 1, Para. 203",viewsari:cavallini-pietro,viewsari:giotto,viewsari:cooccurrence_extraction_cav-gio_1,viewsari:annotation_24854
viewsari:cooccurrence_ang-cav_1,viewsari:cooccurrence,"Co-occurrence of Angelico, Fra (Fra Giovanni da Fiesole) and Cavallini, Pietro, Vol. 1, Para. 204",viewsari:angelico-fra-fra-giovanni-da-fiesole,viewsari:cavallini-pietro,viewsari:cooccurrence_extraction_ang-cav_1,viewsari:annotation_24855
viewsari:cooccurrence_mem-mem_1,viewsari:cooccurrence,"Co-occurrence of Memmi, Lippo and Memmi, Simone (Simone Martini, or Sanese), Vol. 1, Para. 223",viewsari:memmi-lippo,viewsari:memmi-simone-simone-martini-or-sanese,viewsari:cooccurrence_extraction_mem-mem_1,viewsari:annotation_24856
viewsari:cooccurrence_gad-mem_1,viewsari:cooccurrence,"Co-occurrence of Gaddi, Taddeo and Memmi, Simone (Simone Martini, or Sanese), Vol. 1, Para. 243",viewsari:gaddi-taddeo,viewsari:memmi-simone-simone-martini-or-sanese,viewsari:cooccurrence_extraction_gad-mem_1,viewsari:annotation_24857
viewsari:cooccurrence_gad-gad_1_01,viewsari:cooccurrence,"Co-occurrence of Gaddi, Giovanni and Gaddi, Taddeo, Vol. 1, Para. 245",viewsari:gaddi-giovanni,viewsari:gaddi-taddeo,viewsari:cooccurrence_extraction_gad-gad_1_01,viewsari:annotation_24858
viewsari:cooccurrence_mil-gad_1,viewsari:cooccurrence,"Co-occurrence of Milano, Giovanni da and Gaddi, Taddeo, Vol. 1, Para. 245",viewsari:milano-giovanni-da,viewsari:gaddi-taddeo,viewsari:cooccurrence_extraction_mil-gad_1,viewsari:annotation_24859
viewsari:cooccurrence_gad-gio_1_02,viewsari:cooccurrence,"Co-occurrence of Gaddi, Taddeo and Giotto, Vol. 1, Para. 246",viewsari:gaddi-taddeo,viewsari:giotto,viewsari:cooccurrence_extraction_gad-gio_1_02,viewsari:annotation_24860
viewsari:cooccurrence_orc-orc_1_01,viewsari:cooccurrence,"Co-occurrence of Orcagna, Andrea di Cione and Orcagna, Bernardo di Cione, Vol. 1, Para. 250",viewsari:orcagna-andrea-di-cione,viewsari:orcagna-bernardo-di-cione,viewsari:cooccurrence_extraction_orc-orc_1_01,viewsari:annotation_24861
viewsari:cooccurrence_buf-orc_1,viewsari:cooccurrence,"Co-occurrence of Buffalmacco, Buonamico and Orcagna, Andrea di Cione, Vol. 1, Para. 251",viewsari:buffalmacco-buonamico,viewsari:orcagna-andrea-di-cione,viewsari:cooccurrence_extraction_buf-orc_1,viewsari:annotation_24862
viewsari:cooccurrence_orc-orc_1_02,viewsari:cooccurrence,"Co-occurrence of Orcagna, Andrea di Cione and Orcagna, Jacopo di Cione, Vol. 1, Para. 257",viewsari:orcagna-andrea-di-cione,viewsari:orcagna-jacopo-di-cione,viewsari:cooccurrence_extraction_orc-orc_1_02,viewsari:annotation_24863
viewsari:cooccurrence_gad-gad_1_02,viewsari:cooccurrence,"Co-occurrence of Gaddi, Agnolo and Gaddi, Giovanni, Vol. 1, Para. 279",viewsari:gaddi-agnolo,viewsari:gaddi-giovanni,viewsari:cooccurrence_extraction_gad-gad_1_02,viewsari:annotation_24864
viewsari:cooccurrence_gad-gad_1_03,viewsari:cooccurrence,"Co-occurrence of Gaddi, Agnolo and Gaddi, Taddeo, Vol. 1, Para. 280",viewsari:gaddi-agnolo,viewsari:gaddi-taddeo,viewsari:cooccurrence_extraction_gad-gad_1_03,viewsari:annotation_24865
viewsari:cooccurrence_gad-gio_2,viewsari:cooccurrence,"Co-occurrence of Gaddi, Taddeo and Giotto, Vol. 2, Para. 12",viewsari:gaddi-taddeo,viewsari:giotto,viewsari:cooccurrence_extraction_gad-gio_2,viewsari:annotation_24866
viewsari:cooccurrence_cas-gio_1,viewsari:cooccurrence,"Co-occurrence of Casentino, Jacopo di and Giotto, Vol. 2, Para. 12",viewsari:casentino-jacopo-di,viewsari:giotto,viewsari:cooccurrence_extraction_cas-gio_1,viewsari:annotation_24867
viewsari:cooccurrence_cas-gad_1,viewsari:cooccurrence,"Co-occurrence of Casentino, Jacopo di and Gaddi, Taddeo, Vol. 2, Para. 12",viewsari:casentino-jacopo-di,viewsari:gaddi-taddeo,viewsari:cooccurrence_extraction_cas-gad_1,viewsari:annotation_24868
viewsari:cooccurrence_are-cas_1,viewsari:cooccurrence,"Co-occurrence of Aretino, Spinello and Casentino, Jacopo di, Vol. 2, Para. 19",viewsari:aretino-spinello,viewsari:casentino-jacopo-di,viewsari:cooccurrence_extraction_are-cas_1,viewsari:annotation_24869
viewsari:cooccurrence_cas-dad_1,viewsari:cooccurrence,"Co-occurrence of Casentino, Jacopo di and Daddi, Bernardo, Vol. 2, Para. 15",viewsari:casentino-jacopo-di,viewsari:daddi-bernardo,viewsari:cooccurrence_extraction_cas-dad_1,viewsari:annotation_24870
viewsari:cooccurrence_are-dad_1,viewsari:cooccurrence,"Co-occurrence of Aretino, Spinello and Daddi, Bernardo, Vol. 2, Para. 15",viewsari:aretino-spinello,viewsari:daddi-bernardo,viewsari:cooccurrence_extraction_are-dad_1,viewsari:annotation_24871
viewsari:cooccurrence_are-gio_1,viewsari:cooccurrence,"Co-occurrence of Aretino, Spinello and Giotto, Vol. 2, Para. 26",viewsari:aretino-spinello,viewsari:giotto,viewsari:cooccurrence_extraction_are-gio_1,viewsari:annotation_24872
viewsari:cooccurrence_sta-vin_1,viewsari:cooccurrence,"Co-occurrence of Starnina, Gherardo and Viniziano, Antonio, Vol. 2, Para. 34",viewsari:starnina-gherardo,viewsari:viniziano-antonio,viewsari:cooccurrence_extraction_sta-vin_1,viewsari:annotation_24873
viewsari:cooccurrence_bic-mon_1,viewsari:cooccurrence,"Co-occurrence of Bicci, Lorenzo di and Montepulciano, Marco da, Vol. 2, Para. 58",viewsari:bicci-lorenzo-di,viewsari:montepulciano-marco-da,viewsari:cooccurrence_extraction_bic-mon_1,viewsari:annotation_24874
viewsari:cooccurrence_cri-sim_1,viewsari:cooccurrence,"Co-occurrence of Cristofano and Simone, Vol. 2, Para. 82",viewsari:cristofano,viewsari:simone,viewsari:cooccurrence_extraction_cri-sim_1,viewsari:annotation_24875
viewsari:cooccurrence_ava-cri_1,viewsari:cooccurrence,"Co-occurrence of Avanzi, Jacopo (Jacopo Davanzo) and Cristofano, Vol. 2, Para. 82",viewsari:avanzi-jacopo-jacopo-davanzo,viewsari:cristofano,viewsari:cooccurrence_extraction_ava-cri_1,viewsari:annotation_24876
viewsari:cooccurrence_cri-gal_1,viewsari:cooccurrence,"Co-occurrence of Cristofano and Galassi, Galasso (Galasso Ferrarese), Vol. 2, Para. 82",viewsari:cristofano,viewsari:galassi-galasso-galasso-ferrarese,viewsari:cooccurrence_extraction_cri-gal_1,viewsari:annotation_24877
viewsari:cooccurrence_ava-sim_1,viewsari:cooccurrence,"Co-occurrence of Avanzi, Jacopo (Jacopo Davanzo) and Simone, Vol. 2, Para. 82",viewsari:avanzi-jacopo-jacopo-davanzo,viewsari:simone,viewsari:cooccurrence_extraction_ava-sim_1,viewsari:annotation_24878
viewsari:cooccurrence_gal-sim_1,viewsari:cooccurrence,"Co-occurrence of Galassi, Galasso (Galasso Ferrarese) and Simone, Vol. 2, Para. 82",viewsari:galassi-galasso-galasso-ferrarese,viewsari:simone,viewsari:cooccurrence_extraction_gal-sim_1,viewsari:annotation_24879
viewsari:cooccurrence_ava-gal_1,viewsari:cooccurrence,"Co-occurrence of Avanzi, Jacopo (Jacopo Davanzo) and Galassi, Galasso (Galasso Ferrarese), Vol. 2, Para. 82",viewsari:avanzi-jacopo-jacopo-davanzo,viewsari:galassi-galasso-galasso-ferrarese,viewsari:cooccurrence_extraction_ava-gal_1,viewsari:annotation_24880
viewsari:cooccurrence_ban-don_1,viewsari:cooccurrence,"Co-occurrence of Banco, Nanni d' Antonio di and Donato (Donatello), Vol. 2, Para. 89",viewsari:banco-nanni-d-antonio-di,viewsari:donato-donatello,viewsari:cooccurrence_extraction_ban-don_1,viewsari:annotation_24881
viewsari:cooccurrence_gio-rob_1,viewsari:cooccurrence,"Co-occurrence of Giotto and Robbia, Luca della, Vol. 2, Para. 93",viewsari:giotto,viewsari:robbia-luca-della,viewsari:cooccurrence_extraction_gio-rob_1,viewsari:annotation_24882
viewsari:cooccurrence_don-rob_1,viewsari:cooccurrence,"Co-occurrence of Donato (Donatello) and Robbia, Luca della, Vol. 2, Para. 93",viewsari:donato-donatello,viewsari:robbia-luca-della,viewsari:cooccurrence_extraction_don-rob_1,viewsari:annotation_24883
viewsari:cooccurrence_rob-rob_1_01,viewsari:cooccurrence,"Co-occurrence of Robbia, Agostino della and Robbia, Luca della, Vol. 2, Para. 101",viewsari:robbia-agostino-della,viewsari:robbia-luca-della,viewsari:cooccurrence_extraction_rob-rob_1_01,viewsari:annotation_24884
viewsari:cooccurrence_rob-rob_1_02,viewsari:cooccurrence,"Co-occurrence of Robbia, Girolamo della and Robbia, Luca della, Vol. 2, Para. 103",viewsari:robbia-girolamo-della,viewsari:robbia-luca-della,viewsari:cooccurrence_extraction_rob-rob_1_02,viewsari:annotation_24885
viewsari:cooccurrence_rob-rob_1_03,viewsari:cooccurrence,"Co-occurrence of Robbia, Girolamo della and Robbia, Luca della (the younger), Vol. 2, Para. 103",viewsari:robbia-girolamo-della,viewsari:robbia-luca-della-the-younger,viewsari:cooccurrence_extraction_rob-rob_1_03,viewsari:annotation_24886
viewsari:cooccurrence_don-ucc_1,viewsari:cooccurrence,"Co-occurrence of Donato (Donatello) and Uccello, Paolo, Vol. 2, Para. 116",viewsari:donato-donatello,viewsari:uccello-paolo,viewsari:cooccurrence_extraction_don-ucc_1,viewsari:annotation_24887
viewsari:cooccurrence_ghi-ghi_1_01,viewsari:cooccurrence,"Co-occurrence of Ghiberti, Bartoluccio and Ghiberti, Lorenzo (Lorenzo di Bartoluccio Ghiberti, or Lorenzo di Cione Ghiberti), Vol. 2, Para. 119",viewsari:ghiberti-bartoluccio,viewsari:ghiberti-lorenzo-lorenzo-di-bartoluccio-ghiberti-or-lorenzo-di-cione-ghiberti,viewsari:cooccurrence_extraction_ghi-ghi_1_01,viewsari:annotation_24888
viewsari:cooccurrence_don-ghi_1_01,viewsari:cooccurrence,"Co-occurrence of Donato (Donatello) and Ghiberti, Bartoluccio, Vol. 2, Para. 123",viewsari:donato-donatello,viewsari:ghiberti-bartoluccio,viewsari:cooccurrence_extraction_don-ghi_1_01,viewsari:annotation_24889
viewsari:cooccurrence_col-ghi_1_01,viewsari:cooccurrence,"Co-occurrence of Colle, Simone da (Simone de' Bronzi) and Ghiberti, Bartoluccio, Vol. 2, Para. 123",viewsari:colle-simone-da-simone-de-bronzi,viewsari:ghiberti-bartoluccio,viewsari:cooccurrence_extraction_col-ghi_1_01,viewsari:annotation_24890
viewsari:cooccurrence_col-don_1,viewsari:cooccurrence,"Co-occurrence of Colle, Simone da (Simone de' Bronzi) and Donato (Donatello), Vol. 2, Para. 180",viewsari:colle-simone-da-simone-de-bronzi,viewsari:donato-donatello,viewsari:cooccurrence_extraction_col-don_1,viewsari:annotation_24891
viewsari:cooccurrence_ghi-pis_1,viewsari:cooccurrence,"Co-occurrence of Ghiberti, Lorenzo (Lorenzo di Bartoluccio Ghiberti, or Lorenzo di Cione Ghiberti) and Pisano, Andrea, Vol. 2, Para. 136",viewsari:ghiberti-lorenzo-lorenzo-di-bartoluccio-ghiberti-or-lorenzo-di-cione-ghiberti,viewsari:pisano-andrea,viewsari:cooccurrence_extraction_ghi-pis_1,viewsari:annotation_24892
viewsari:cooccurrence_buo-ghi_1_01,viewsari:cooccurrence,"Co-occurrence of Buonarroti, Michelagnolo and Ghiberti, Lorenzo (Lorenzo di Bartoluccio Ghiberti, or Lorenzo di Cione Ghiberti), Vol. 2, Para. 140",viewsari:buonarroti-michelagnolo,viewsari:ghiberti-lorenzo-lorenzo-di-bartoluccio-ghiberti-or-lorenzo-di-cione-ghiberti,viewsari:cooccurrence_extraction_buo-ghi_1_01,viewsari:annotation_24893
viewsari:cooccurrence_ghi-ghi_1_02,viewsari:cooccurrence,"Co-occurrence of Ghiberti, Bonaccorso and Ghiberti, Lorenzo (Lorenzo di Bartoluccio Ghiberti, or Lorenzo di Cione Ghiberti), Vol. 2, Para. 143",viewsari:ghiberti-bonaccorso,viewsari:ghiberti-lorenzo-lorenzo-di-bartoluccio-ghiberti-or-lorenzo-di-cione-ghiberti,viewsari:cooccurrence_extraction_ghi-ghi_1_02,viewsari:annotation_24894
viewsari:cooccurrence_ghi-pol_1_01,viewsari:cooccurrence,"Co-occurrence of Ghiberti, Bonaccorso and Polycletus, Vol. 2, Para. 143",viewsari:ghiberti-bonaccorso,viewsari:polycletus,viewsari:cooccurrence_extraction_ghi-pol_1_01,viewsari:annotation_24895
viewsari:cooccurrence_ghi-pol_1_02,viewsari:cooccurrence,"Co-occurrence of Ghiberti, Lorenzo (Lorenzo di Bartoluccio Ghiberti, or Lorenzo di Cione Ghiberti) and Polycletus, Vol. 2, Para. 143",viewsari:ghiberti-lorenzo-lorenzo-di-bartoluccio-ghiberti-or-lorenzo-di-cione-ghiberti,viewsari:polycletus,viewsari:cooccurrence_extraction_ghi-pol_1_02,viewsari:annotation_24896
viewsari:cooccurrence_ghi-ghi_1_03,viewsari:cooccurrence,"Co-occurrence of Ghiberti, Lorenzo (Lorenzo di Bartoluccio Ghiberti, or Lorenzo di Cione Ghiberti) and Ghiberti, Vittorio, Vol. 2, Para. 147",viewsari:ghiberti-lorenzo-lorenzo-di-bartoluccio-ghiberti-or-lorenzo-di-cione-ghiberti,viewsari:ghiberti-vittorio,viewsari:cooccurrence_extraction_ghi-ghi_1_03,viewsari:annotation_24897
viewsari:cooccurrence_ghi-pan_1,viewsari:cooccurrence,"Co-occurrence of Ghiberti, Lorenzo (Lorenzo di Bartoluccio Ghiberti, or Lorenzo di Cione Ghiberti) and Panicale, Masolino da, Vol. 2, Para. 152",viewsari:ghiberti-lorenzo-lorenzo-di-bartoluccio-ghiberti-or-lorenzo-di-cione-ghiberti,viewsari:panicale-masolino-da,viewsari:cooccurrence_extraction_ghi-pan_1,viewsari:annotation_24898
viewsari:cooccurrence_are-spi_1,viewsari:cooccurrence,"Co-occurrence of Aretino, Spinello and Spinelli, Parri, Vol. 2, Para. 162",viewsari:aretino-spinello,viewsari:spinelli-parri,viewsari:cooccurrence_extraction_are-spi_1,viewsari:annotation_24899
viewsari:cooccurrence_mas-ucc_1,viewsari:cooccurrence,"Co-occurrence of Masaccio and Uccello, Paolo, Vol. 2, Para. 163",viewsari:masaccio,viewsari:uccello-paolo,viewsari:cooccurrence_extraction_mas-ucc_1,viewsari:annotation_24900
viewsari:cooccurrence_bru-mas_1,viewsari:cooccurrence,"Co-occurrence of Brunelleschi, Filippo (Filippo di Ser Brunellesco) and Masaccio, Vol. 2, Para. 171",viewsari:brunelleschi-filippo-filippo-di-ser-brunellesco,viewsari:masaccio,viewsari:cooccurrence_extraction_bru-mas_1,viewsari:annotation_24901
viewsari:cooccurrence_bru-don_1,viewsari:cooccurrence,"Co-occurrence of Brunelleschi, Filippo (Filippo di Ser Brunellesco) and Donato (Donatello), Vol. 2, Para. 220",viewsari:brunelleschi-filippo-filippo-di-ser-brunellesco,viewsari:donato-donatello,viewsari:cooccurrence_extraction_bru-don_1,viewsari:annotation_24902
viewsari:cooccurrence_don-val_1,viewsari:cooccurrence,"Co-occurrence of Donato (Donatello) and Valdambrina, Francesco di, Vol. 2, Para. 180",viewsari:donato-donatello,viewsari:valdambrina-francesco-di,viewsari:cooccurrence_extraction_don-val_1,viewsari:annotation_24903
viewsari:cooccurrence_don-ghi_1_02,viewsari:cooccurrence,"Co-occurrence of Donato (Donatello) and Ghiberti, Lorenzo (Lorenzo di Bartoluccio Ghiberti, or Lorenzo di Cione Ghiberti), Vol. 2, Para. 182",viewsari:donato-donatello,viewsari:ghiberti-lorenzo-lorenzo-di-bartoluccio-ghiberti-or-lorenzo-di-cione-ghiberti,viewsari:cooccurrence_extraction_don-ghi_1_02,viewsari:annotation_24904
viewsari:cooccurrence_col-val_1,viewsari:cooccurrence,"Co-occurrence of Colle, Simone da (Simone de' Bronzi) and Valdambrina, Francesco di, Vol. 2, Para. 180",viewsari:colle-simone-da-simone-de-bronzi,viewsari:valdambrina-francesco-di,viewsari:cooccurrence_extraction_col-val_1,viewsari:annotation_24905
viewsari:cooccurrence_ghi-val_1,viewsari:cooccurrence,"Co-occurrence of Ghiberti, Lorenzo (Lorenzo di Bartoluccio Ghiberti, or Lorenzo di Cione Ghiberti) and Valdambrina, Francesco di, Vol. 2, Para. 180",viewsari:ghiberti-lorenzo-lorenzo-di-bartoluccio-ghiberti-or-lorenzo-di-cione-ghiberti,viewsari:valdambrina-francesco-di,viewsari:cooccurrence_extraction_ghi-val_1,viewsari:annotation_24906
viewsari:cooccurrence_bru-val_1,viewsari:cooccurrence,"Co-occurrence of Brunelleschi, Filippo (Filippo di Ser Brunellesco) and Valdambrina, Francesco di, Vol. 2, Para. 180",viewsari:brunelleschi-filippo-filippo-di-ser-brunellesco,viewsari:valdambrina-francesco-di,viewsari:cooccurrence_extraction_bru-val_1,viewsari:annotation_24907
viewsari:cooccurrence_col-ghi_1_02,viewsari:cooccurrence,"Co-occurrence of Colle, Simone da (Simone de' Bronzi) and Ghiberti, Lorenzo (Lorenzo di Bartoluccio Ghiberti, or Lorenzo di Cione Ghiberti), Vol. 2, Para. 180",viewsari:colle-simone-da-simone-de-bronzi,viewsari:ghiberti-lorenzo-lorenzo-di-bartoluccio-ghiberti-or-lorenzo-di-cione-ghiberti,viewsari:cooccurrence_extraction_col-ghi_1_02,viewsari:annotation_24908
viewsari:cooccurrence_bru-col_1,viewsari:cooccurrence,"Co-occurrence of Brunelleschi, Filippo (Filippo di Ser Brunellesco) and Colle, Simone da (Simone de' Bronzi), Vol. 2, Para. 180",viewsari:brunelleschi-filippo-filippo-di-ser-brunellesco,viewsari:colle-simone-da-simone-de-bronzi,viewsari:cooccurrence_extraction_bru-col_1,viewsari:annotation_24909
viewsari:cooccurrence_bru-ghi_1,viewsari:cooccurrence,"Co-occurrence of Brunelleschi, Filippo (Filippo di Ser Brunellesco) and Ghiberti, Lorenzo (Lorenzo di Bartoluccio Ghiberti, or Lorenzo di Cione Ghiberti), Vol. 2, Para. 194",viewsari:brunelleschi-filippo-filippo-di-ser-brunellesco,viewsari:ghiberti-lorenzo-lorenzo-di-bartoluccio-ghiberti-or-lorenzo-di-cione-ghiberti,viewsari:cooccurrence_extraction_bru-ghi_1,viewsari:annotation_24910
viewsari:cooccurrence_don-sim_1,viewsari:cooccurrence,"Co-occurrence of Donato (Donatello) and Simone (brother of Donatello), Vol. 2, Para. 230",viewsari:donato-donatello,viewsari:simone-brother-of-donatello,viewsari:cooccurrence_extraction_don-sim_1,viewsari:annotation_24911
viewsari:cooccurrence_buo-don_1,viewsari:cooccurrence,"Co-occurrence of Buonarroti, Michelagnolo and Donato (Donatello), Vol. 2, Para. 239",viewsari:buonarroti-michelagnolo,viewsari:donato-donatello,viewsari:cooccurrence_extraction_buo-don_1,viewsari:annotation_24912
viewsari:cooccurrence_don-mic_1,viewsari:cooccurrence,"Co-occurrence of Donato (Donatello) and Michelozzo Michelozzi, Vol. 2, Para. 241",viewsari:donato-donatello,viewsari:michelozzo-michelozzi,viewsari:cooccurrence_extraction_don-mic_1,viewsari:annotation_24913
viewsari:cooccurrence_fil-par_1,viewsari:cooccurrence,"Co-occurrence of Filarete, Antonio and Partigiani, Pagno di Lapo, Vol. 2, Para. 249",viewsari:filarete-antonio,viewsari:partigiani-pagno-di-lapo,viewsari:cooccurrence_extraction_fil-par_1,viewsari:annotation_24914
viewsari:cooccurrence_ciu-fil_1,viewsari:cooccurrence,"Co-occurrence of Ciuffagni, Bernardo and Filarete, Antonio, Vol. 3, Para. 7",viewsari:ciuffagni-bernardo,viewsari:filarete-antonio,viewsari:cooccurrence_extraction_ciu-fil_1,viewsari:annotation_24915
viewsari:cooccurrence_bru-mai_1_01,viewsari:cooccurrence,"Co-occurrence of Brunelleschi, Filippo (Filippo di Ser Brunellesco) and Maiano, Giuliano da, Vol. 3, Para. 10",viewsari:brunelleschi-filippo-filippo-di-ser-brunellesco,viewsari:maiano-giuliano-da,viewsari:cooccurrence_extraction_bru-mai_1_01,viewsari:annotation_24916
viewsari:cooccurrence_mai-mai_1,viewsari:cooccurrence,"Co-occurrence of Maiano, Benedetto da and Maiano, Giuliano da, Vol. 3, Para. 14",viewsari:maiano-benedetto-da,viewsari:maiano-giuliano-da,viewsari:cooccurrence_extraction_mai-mai_1,viewsari:annotation_24917
viewsari:cooccurrence_don-mai_1_01,viewsari:cooccurrence,"Co-occurrence of Donzello, Polito del and Maiano, Benedetto da, Vol. 3, Para. 14",viewsari:donzello-polito-del,viewsari:maiano-benedetto-da,viewsari:cooccurrence_extraction_don-mai_1_01,viewsari:annotation_24918
viewsari:cooccurrence_don-mai_1_02,viewsari:cooccurrence,"Co-occurrence of Donzello, Polito del and Maiano, Giuliano da, Vol. 3, Para. 14",viewsari:donzello-polito-del,viewsari:maiano-giuliano-da,viewsari:cooccurrence_extraction_don-mai_1_02,viewsari:annotation_24919
viewsari:cooccurrence_ang-fra_1,viewsari:cooccurrence,"Co-occurrence of Angelo, Lorentino d' and Francesca, Piero della (Piero Borghese, or Piero dal Borgo a San Sepolcro), Vol. 3, Para. 24",viewsari:angelo-lorentino-d,viewsari:francesca-piero-della-piero-borghese-or-piero-dal-borgo-a-san-sepolcro,viewsari:cooccurrence_extraction_ang-fra_1,viewsari:annotation_24920
viewsari:cooccurrence_fra-vas_1,viewsari:cooccurrence,"Co-occurrence of Francesca, Piero della (Piero Borghese, or Piero dal Borgo a San Sepolcro) and Vasari, Lazzaro (the elder), Vol. 3, Para. 58",viewsari:francesca-piero-della-piero-borghese-or-piero-dal-borgo-a-san-sepolcro,viewsari:vasari-lazzaro-the-elder,viewsari:cooccurrence_extraction_fra-vas_1,viewsari:annotation_24921
viewsari:cooccurrence_vas-vas_1_01,viewsari:cooccurrence,"Co-occurrence of Vasari, Giorgio and Vasari, Lazzaro (the elder), Vol. 3, Para. 61",viewsari:vasari-giorgio,viewsari:vasari-lazzaro-the-elder,viewsari:cooccurrence_extraction_vas-vas_1_01,viewsari:annotation_24922
viewsari:cooccurrence_vas-vas_1_02,viewsari:cooccurrence,"Co-occurrence of Vasari, Giorgio (son of Lazzaro Vasari, the elder) and Vasari, Lazzaro (the elder), Vol. 3, Para. 61",viewsari:vasari-giorgio-son-of-lazzaro-vasari-the-elder,viewsari:vasari-lazzaro-the-elder,viewsari:cooccurrence_extraction_vas-vas_1_02,viewsari:annotation_24923
viewsari:cooccurrence_eyc-mes_1,viewsari:cooccurrence,"Co-occurrence of Eyck, Jan van (Johann of Bruges) and Messina, Antonello da, Vol. 3, Para. 68",viewsari:eyck-jan-van-johann-of-bruges,viewsari:messina-antonello-da,viewsari:cooccurrence_extraction_eyc-mes_1,viewsari:annotation_24924
viewsari:cooccurrence_mes-vin_1,viewsari:cooccurrence,"Co-occurrence of Messina, Antonello da and Viniziano, Domenico (Domenico da Venezia), Vol. 3, Para. 69",viewsari:messina-antonello-da,viewsari:viniziano-domenico-domenico-da-venezia,viewsari:cooccurrence_extraction_mes-vin_1,viewsari:annotation_24925
viewsari:cooccurrence_don-pad_1,viewsari:cooccurrence,"Co-occurrence of Donato (Donatello) and Padova, Vellano da, Vol. 3, Para. 83",viewsari:donato-donatello,viewsari:padova-vellano-da,viewsari:cooccurrence_extraction_don-pad_1,viewsari:annotation_24926
viewsari:cooccurrence_dia-lip_1_01,viewsari:cooccurrence,"Co-occurrence of Diamante, Fra and Lippi, Filippo (Filippino), Vol. 3, Para. 96",viewsari:diamante-fra,viewsari:lippi-filippo-filippino,viewsari:cooccurrence_extraction_dia-lip_1_01,viewsari:annotation_24927
viewsari:cooccurrence_dia-lip_1_02,viewsari:cooccurrence,"Co-occurrence of Diamante, Fra and Lippi, Fra Filippo, Vol. 3, Para. 96",viewsari:diamante-fra,viewsari:lippi-fra-filippo,viewsari:cooccurrence_extraction_dia-lip_1_02,viewsari:annotation_24928
viewsari:cooccurrence_lip-lip_1_01,viewsari:cooccurrence,"Co-occurrence of Lippi, Filippo (Filippino) and Lippi, Fra Filippo, Vol. 3, Para. 98",viewsari:lippi-filippo-filippino,viewsari:lippi-fra-filippo,viewsari:cooccurrence_extraction_lip-lip_1_01,viewsari:annotation_24930
viewsari:cooccurrence_min-rom_1,viewsari:cooccurrence,"Co-occurrence of Mino, Maestro (Mino del Regno, or del Reame) and Romano, Paolo, Vol. 3, Para. 101",viewsari:mino-maestro-mino-del-regno-or-del-reame,viewsari:romano-paolo,viewsari:cooccurrence_extraction_min-rom_1,viewsari:annotation_24931
viewsari:cooccurrence_cam-cel_1,viewsari:cooccurrence,"Co-occurrence of Camicia, Chimenti and Cellini, Baccio, Vol. 3, Para. 104",viewsari:camicia-chimenti,viewsari:cellini-baccio,viewsari:cooccurrence_extraction_cam-cel_1,viewsari:annotation_24932
viewsari:cooccurrence_cam-lin_1,viewsari:cooccurrence,"Co-occurrence of Camicia, Chimenti and Linaiuolo, Berto, Vol. 3, Para. 104",viewsari:camicia-chimenti,viewsari:linaiuolo-berto,viewsari:cooccurrence_extraction_cam-lin_1,viewsari:annotation_24933
viewsari:cooccurrence_cel-lin_1,viewsari:cooccurrence,"Co-occurrence of Cellini, Baccio and Linaiuolo, Berto, Vol. 3, Para. 104",viewsari:cellini-baccio,viewsari:linaiuolo-berto,viewsari:cooccurrence_extraction_cel-lin_1,viewsari:annotation_24934
viewsari:cooccurrence_cas-vin_1_01,viewsari:cooccurrence,"Co-occurrence of Castagno, Andrea dal (Andrea degli Impiccati) and Viniziano, Domenico (Domenico da Venezia), Vol. 3, Para. 116",viewsari:castagno-andrea-dal-andrea-degli-impiccati,viewsari:viniziano-domenico-domenico-da-venezia,viewsari:cooccurrence_extraction_cas-vin_1_01,viewsari:annotation_24935
viewsari:cooccurrence_cas-pes_1,viewsari:cooccurrence,"Co-occurrence of Castagno, Andrea dal (Andrea degli Impiccati) and Pesello, Vol. 3, Para. 130",viewsari:castagno-andrea-dal-andrea-degli-impiccati,viewsari:pesello,viewsari:cooccurrence_extraction_cas-pes_1,viewsari:annotation_24936
viewsari:cooccurrence_don-pes_1,viewsari:cooccurrence,"Co-occurrence of Donato (Donatello) and Pesello, Vol. 3, Para. 130",viewsari:donato-donatello,viewsari:pesello,viewsari:cooccurrence_extraction_don-pes_1,viewsari:annotation_24937
viewsari:cooccurrence_cas-don_1,viewsari:cooccurrence,"Co-occurrence of Castagno, Andrea dal (Andrea degli Impiccati) and Donato (Donatello), Vol. 3, Para. 130",viewsari:castagno-andrea-dal-andrea-degli-impiccati,viewsari:donato-donatello,viewsari:cooccurrence_extraction_cas-don_1,viewsari:annotation_24938
viewsari:cooccurrence_fie-set_1,viewsari:cooccurrence,"Co-occurrence of Fiesole, Mino da (Mino di Giovanni, and Settignano, Desiderio da, Vol. 3, Para. 168",viewsari:fiesole-mino-da-mino-di-giovanni,viewsari:settignano-desiderio-da,viewsari:cooccurrence_extraction_fie-set_1,viewsari:annotation_24939
viewsari:cooccurrence_cos-fer_1,viewsari:cooccurrence,"Co-occurrence of Costa, Lorenzo and Ferrarese, Ercole (Ercole da Ferrara), Vol. 3, Para. 182",viewsari:costa-lorenzo,viewsari:ferrarese-ercole-ercole-da-ferrara,viewsari:cooccurrence_extraction_cos-fer_1,viewsari:annotation_24940
viewsari:cooccurrence_bol-fer_1,viewsari:cooccurrence,"Co-occurrence of Bolognese, Guido and Ferrarese, Ercole (Ercole da Ferrara), Vol. 3, Para. 186",viewsari:bolognese-guido,viewsari:ferrarese-ercole-ercole-da-ferrara,viewsari:cooccurrence_extraction_bol-fer_1,viewsari:annotation_24941
viewsari:cooccurrence_bel-fab_1,viewsari:cooccurrence,"Co-occurrence of Bellini, Gentile and Fabriano, Gentile da, Vol. 3, Para. 188",viewsari:bellini-gentile,viewsari:fabriano-gentile-da,viewsari:cooccurrence_extraction_bel-fab_1,viewsari:annotation_24942
viewsari:cooccurrence_bel-vin_1,viewsari:cooccurrence,"Co-occurrence of Bellini, Gentile and Viniziano, Domenico (Domenico da Venezia), Vol. 3, Para. 188",viewsari:bellini-gentile,viewsari:viniziano-domenico-domenico-da-venezia,viewsari:cooccurrence_extraction_bel-vin_1,viewsari:annotation_24943
viewsari:cooccurrence_fab-vin_1,viewsari:cooccurrence,"Co-occurrence of Fabriano, Gentile da and Viniziano, Domenico (Domenico da Venezia), Vol. 3, Para. 188",viewsari:fabriano-gentile-da,viewsari:viniziano-domenico-domenico-da-venezia,viewsari:cooccurrence_extraction_fab-vin_1,viewsari:annotation_24945
viewsari:cooccurrence_bel-viv_1_01,viewsari:cooccurrence,"Co-occurrence of Bellini, Giovanni and Vivarino, Luigi, Vol. 3, Para. 195",viewsari:bellini-giovanni,viewsari:vivarino-luigi,viewsari:cooccurrence_extraction_bel-viv_1_01,viewsari:annotation_24946
viewsari:cooccurrence_bel-bel_1,viewsari:cooccurrence,"Co-occurrence of Bellini, Gentile and Bellini, Giovanni, Vol. 3, Para. 199",viewsari:bellini-gentile,viewsari:bellini-giovanni,viewsari:cooccurrence_extraction_bel-bel_1,viewsari:annotation_24947
viewsari:cooccurrence_bel-viv_1_02,viewsari:cooccurrence,"Co-occurrence of Bellini, Gentile and Vivarino, Luigi, Vol. 3, Para. 195",viewsari:bellini-gentile,viewsari:vivarino-luigi,viewsari:cooccurrence_extraction_bel-viv_1_02,viewsari:annotation_24948
viewsari:cooccurrence_cos-ros_1_01,viewsari:cooccurrence,"Co-occurrence of Cosimo, Andrea di (Andrea di Cosimo Feltrini) and Rosselli, Cosimo, Vol. 3, Para. 216",viewsari:cosimo-andrea-di-andrea-di-cosimo-feltrini,viewsari:rosselli-cosimo,viewsari:cooccurrence_extraction_cos-ros_1_01,viewsari:annotation_24949
viewsari:cooccurrence_ghe-ghi_1,viewsari:cooccurrence,"Co-occurrence of Gherardo (of Florence) and Ghirlandajo, Domenico, Vol. 3, Para. 243",viewsari:gherardo-of-florence,viewsari:ghirlandajo-domenico,viewsari:cooccurrence_extraction_ghe-ghi_1,viewsari:annotation_24950
viewsari:cooccurrence_ghi-ghi_1_04,viewsari:cooccurrence,"Co-occurrence of Ghirlandajo, David and Ghirlandajo, Domenico, Vol. 3, Para. 262",viewsari:ghirlandajo-david,viewsari:ghirlandajo-domenico,viewsari:cooccurrence_extraction_ghi-ghi_1_04,viewsari:annotation_24951
viewsari:cooccurrence_ghi-mai_1,viewsari:cooccurrence,"Co-occurrence of Ghirlandajo, Domenico and Mainardi, Bastiano (Bastiano da San Gimignano), Vol. 3, Para. 265",viewsari:ghirlandajo-domenico,viewsari:mainardi-bastiano-bastiano-da-san-gimignano,viewsari:cooccurrence_extraction_ghi-mai_1,viewsari:annotation_24952
viewsari:cooccurrence_ghi-pol_1_03,viewsari:cooccurrence,"Co-occurrence of Ghiberti, Bartoluccio and Pollaiuolo, Antonio, Vol. 3, Para. 268",viewsari:ghiberti-bartoluccio,viewsari:pollaiuolo-antonio,viewsari:cooccurrence_extraction_ghi-pol_1_03,viewsari:annotation_24953
viewsari:cooccurrence_pol-pol_1,viewsari:cooccurrence,"Co-occurrence of Pollaiuolo, Antonio and Pollaiuolo, Piero, Vol. 3, Para. 273",viewsari:pollaiuolo-antonio,viewsari:pollaiuolo-piero,viewsari:cooccurrence_extraction_pol-pol_1,viewsari:annotation_24954
viewsari:cooccurrence_sal-pol_1,viewsari:cooccurrence,"Co-occurrence of Salvi, Antonio di and Pollaiuolo, Piero, Vol. 3, Para. 273",viewsari:salvi-antonio-di,viewsari:pollaiuolo-piero,viewsari:cooccurrence_extraction_sal-pol_1,viewsari:annotation_24955
viewsari:cooccurrence_bia-bot_1,viewsari:cooccurrence,"Co-occurrence of Biagio (pupil of Botticelli) and Botticelli, Sandro (Sandro di Botticello, or Alessandro Filipepi), Vol. 3, Para. 288",viewsari:biagio-pupil-of-botticelli,viewsari:botticelli-sandro-sandro-di-botticello-or-alessandro-filipepi,viewsari:cooccurrence_extraction_bia-bot_1,viewsari:annotation_24956
viewsari:cooccurrence_mai-tas_1,viewsari:cooccurrence,"Co-occurrence of Maiano, Benedetto da and Tasso, Domenico del, Vol. 3, Para. 301",viewsari:maiano-benedetto-da,viewsari:tasso-domenico-del,viewsari:cooccurrence_extraction_mai-tas_1,viewsari:annotation_24957
viewsari:cooccurrence_cel-mai_1,viewsari:cooccurrence,"Co-occurrence of Cellini, Baccio and Maiano, Benedetto da, Vol. 3, Para. 306",viewsari:cellini-baccio,viewsari:maiano-benedetto-da,viewsari:cooccurrence_extraction_cel-mai_1,viewsari:annotation_24958
viewsari:cooccurrence_don-ghi_2,viewsari:cooccurrence,"Co-occurrence of Donato (Donatello) and Ghiberti, Lorenzo (Lorenzo di Bartoluccio Ghiberti, or Lorenzo di Cione Ghiberti), Vol. 3, Para. 312",viewsari:donato-donatello,viewsari:ghiberti-lorenzo-lorenzo-di-bartoluccio-ghiberti-or-lorenzo-di-cione-ghiberti,viewsari:cooccurrence_extraction_don-ghi_2,viewsari:annotation_24959
viewsari:cooccurrence_ver-vin_1,viewsari:cooccurrence,"Co-occurrence of Verrocchio, Andrea and Vinci, Leonardo da, Vol. 3, Para. 315",viewsari:verrocchio-andrea,viewsari:vinci-leonardo-da,viewsari:cooccurrence_extraction_ver-vin_1,viewsari:annotation_24960
viewsari:cooccurrence_ors-ver_1,viewsari:cooccurrence,"Co-occurrence of Orsino and Verrocchio, Andrea, Vol. 3, Para. 324",viewsari:orsino,viewsari:verrocchio-andrea,viewsari:cooccurrence_extraction_ors-ver_1,viewsari:annotation_24961
viewsari:cooccurrence_man-squ_1,viewsari:cooccurrence,"Co-occurrence of Mantegna, Andrea and Squarcione, Jacopo, Vol. 3, Para. 329",viewsari:mantegna-andrea,viewsari:squarcione-jacopo,viewsari:cooccurrence_extraction_man-squ_1,viewsari:annotation_24962
viewsari:cooccurrence_bel-man_1,viewsari:cooccurrence,"Co-occurrence of Bellini, Gentile and Mantegna, Andrea, Vol. 3, Para. 329",viewsari:bellini-gentile,viewsari:mantegna-andrea,viewsari:cooccurrence_extraction_bel-man_1,viewsari:annotation_24963
viewsari:cooccurrence_bel-squ_1,viewsari:cooccurrence,"Co-occurrence of Bellini, Gentile and Squarcione, Jacopo, Vol. 3, Para. 329",viewsari:bellini-gentile,viewsari:squarcione-jacopo,viewsari:cooccurrence_extraction_bel-squ_1,viewsari:annotation_24964
viewsari:cooccurrence_lip-mas_1_01,viewsari:cooccurrence,"Co-occurrence of Lippi, Filippo (Filippino) and Masaccio, Vol. 4, Para. 2",viewsari:lippi-filippo-filippino,viewsari:masaccio,viewsari:cooccurrence_extraction_lip-mas_1_01,viewsari:annotation_24965
viewsari:cooccurrence_lip-mas_1_02,viewsari:cooccurrence,"Co-occurrence of Lippi, Fra Filippo and Masaccio, Vol. 4, Para. 2",viewsari:lippi-fra-filippo,viewsari:masaccio,viewsari:cooccurrence_extraction_lip-mas_1_02,viewsari:annotation_24966
viewsari:cooccurrence_fra-san_1_01,viewsari:cooccurrence,"Co-occurrence of Francia, Francesco and Sanzio, Raffaello (Raffaello da Urbino), Vol. 4, Para. 28",viewsari:francia-francesco,viewsari:sanzio-raffaello-raffaello-da-urbino,viewsari:cooccurrence_extraction_fra-san_1_01,viewsari:annotation_24967
viewsari:cooccurrence_fiv-fra_1,viewsari:cooccurrence,"Co-occurrence of Fivizzano and Francia, Francesco, Vol. 4, Para. 29",viewsari:fivizzano,viewsari:francia-francesco,viewsari:cooccurrence_extraction_fiv-fra_1,viewsari:annotation_24968
viewsari:cooccurrence_buo-per_1,viewsari:cooccurrence,"Co-occurrence of Buonarroti, Michelagnolo and Perugino, Pietro (Pietro Vannucci, or Pietro da Castel della Pieve), Vol. 4, Para. 47",viewsari:buonarroti-michelagnolo,viewsari:perugino-pietro-pietro-vannucci-or-pietro-da-castel-della-pieve,viewsari:cooccurrence_extraction_buo-per_1,viewsari:annotation_24969
viewsari:cooccurrence_lip-per_1,viewsari:cooccurrence,"Co-occurrence of Lippi, Filippo (Filippino) and Perugino, Pietro (Pietro Vannucci, or Pietro da Castel della Pieve), Vol. 4, Para. 47",viewsari:lippi-filippo-filippino,viewsari:perugino-pietro-pietro-vannucci-or-pietro-da-castel-della-pieve,viewsari:cooccurrence_extraction_lip-per_1,viewsari:annotation_24970
viewsari:cooccurrence_per-san_1_01,viewsari:cooccurrence,"Co-occurrence of Perugino, Pietro (Pietro Vannucci, or Pietro da Castel della Pieve) and Sanzio, Raffaello (Raffaello da Urbino), Vol. 4, Para. 283",viewsari:perugino-pietro-pietro-vannucci-or-pietro-da-castel-della-pieve,viewsari:sanzio-raffaello-raffaello-da-urbino,viewsari:cooccurrence_extraction_per-san_1_01,viewsari:annotation_24971
viewsari:cooccurrence_per-pin_1,viewsari:cooccurrence,"Co-occurrence of Perugino, Pietro (Pietro Vannucci, or Pietro da Castel della Pieve) and Pinturicchio, Bernardino, Vol. 4, Para. 50",viewsari:perugino-pietro-pietro-vannucci-or-pietro-da-castel-della-pieve,viewsari:pinturicchio-bernardino,viewsari:cooccurrence_extraction_per-pin_1,viewsari:annotation_24972
viewsari:cooccurrence_lui-per_1,viewsari:cooccurrence,"Co-occurrence of Luigi, Andrea (L' Ingegno) and Perugino, Pietro (Pietro Vannucci, or Pietro da Castel della Pieve), Vol. 4, Para. 52",viewsari:luigi-andrea-l-ingegno,viewsari:perugino-pietro-pietro-vannucci-or-pietro-da-castel-della-pieve,viewsari:cooccurrence_extraction_lui-per_1,viewsari:annotation_24973
viewsari:cooccurrence_don-ver_1,viewsari:cooccurrence,"Co-occurrence of Donato (Donatello) and Veronese, Stefano (Stefano da Zevio), Vol. 4, Para. 57",viewsari:donato-donatello,viewsari:veronese-stefano-stefano-da-zevio,viewsari:cooccurrence_extraction_don-ver_1,viewsari:annotation_24974
viewsari:cooccurrence_ava-zev_1,viewsari:cooccurrence,"Co-occurrence of Avanzi, Jacopo (Jacopo Davanzo) and Zevio, Aldigieri (Altichiero) da, Vol. 4, Para. 61",viewsari:avanzi-jacopo-jacopo-davanzo,viewsari:zevio-aldigieri-altichiero-da,viewsari:cooccurrence_extraction_ava-zev_1,viewsari:annotation_24975
viewsari:cooccurrence_ava-ver_1,viewsari:cooccurrence,"Co-occurrence of Avanzi, Jacopo (Jacopo Davanzo) and Verona, Sebeto da, Vol. 4, Para. 61",viewsari:avanzi-jacopo-jacopo-davanzo,viewsari:verona-sebeto-da,viewsari:cooccurrence_extraction_ava-ver_1,viewsari:annotation_24976
viewsari:cooccurrence_ver-zev_1,viewsari:cooccurrence,"Co-occurrence of Verona, Sebeto da and Zevio, Aldigieri (Altichiero) da, Vol. 4, Para. 61",viewsari:verona-sebeto-da,viewsari:zevio-aldigieri-altichiero-da,viewsari:cooccurrence_extraction_ver-zev_1,viewsari:annotation_24977
viewsari:cooccurrence_buo-ind_1,viewsari:cooccurrence,"Co-occurrence of Buonarroti, Michelagnolo and Indaco, Jacopo dell', Vol. 4, Para. 81",viewsari:buonarroti-michelagnolo,viewsari:indaco-jacopo-dell,viewsari:cooccurrence_extraction_buo-ind_1,viewsari:annotation_24978
viewsari:cooccurrence_buo-sig_1,viewsari:cooccurrence,"Co-occurrence of Buonarroti, Michelagnolo and Signorelli, Luca (Luca da Cortona), Vol. 4, Para. 87",viewsari:buonarroti-michelagnolo,viewsari:signorelli-luca-luca-da-cortona,viewsari:cooccurrence_extraction_buo-sig_1,viewsari:annotation_24979
viewsari:cooccurrence_ver-vin_2,viewsari:cooccurrence,"Co-occurrence of Verrocchio, Andrea and Vinci, Leonardo da, Vol. 4, Para. 107",viewsari:verrocchio-andrea,viewsari:vinci-leonardo-da,viewsari:cooccurrence_extraction_ver-vin_2,viewsari:annotation_24980
viewsari:cooccurrence_sal-vin_1,viewsari:cooccurrence,"Co-occurrence of Salai and Vinci, Leonardo da, Vol. 4, Para. 126",viewsari:salai,viewsari:vinci-leonardo-da,viewsari:cooccurrence_extraction_sal-vin_1,viewsari:annotation_24981
viewsari:cooccurrence_lip-vin_1,viewsari:cooccurrence,"Co-occurrence of Lippi, Filippo (Filippino) and Vinci, Leonardo da, Vol. 4, Para. 127",viewsari:lippi-filippo-filippino,viewsari:vinci-leonardo-da,viewsari:cooccurrence_extraction_lip-vin_1,viewsari:annotation_24982
viewsari:cooccurrence_buo-vin_1,viewsari:cooccurrence,"Co-occurrence of Buonarroti, Michelagnolo and Vinci, Leonardo da, Vol. 4, Para. 134",viewsari:buonarroti-michelagnolo,viewsari:vinci-leonardo-da,viewsari:cooccurrence_extraction_buo-vin_1,viewsari:annotation_24983
viewsari:cooccurrence_cas-vin_1_02,viewsari:cooccurrence,"Co-occurrence of Castelfranco, Giorgione da and Vinci, Leonardo da, Vol. 4, Para. 139",viewsari:castelfranco-giorgione-da,viewsari:vinci-leonardo-da,viewsari:cooccurrence_extraction_cas-vin_1_02,viewsari:annotation_24984
viewsari:cooccurrence_cos-ros_1_02,viewsari:cooccurrence,"Co-occurrence of Cosimo, Piero di and Rosselli, Cosimo, Vol. 4, Para. 159",viewsari:cosimo-piero-di,viewsari:rosselli-cosimo,viewsari:cooccurrence_extraction_cos-ros_1_02,viewsari:annotation_24985
viewsari:cooccurrence_cos-vin_1,viewsari:cooccurrence,"Co-occurrence of Cosimo, Piero di and Vinci, Leonardo da, Vol. 4, Para. 162",viewsari:cosimo-piero-di,viewsari:vinci-leonardo-da,viewsari:cooccurrence_extraction_cos-vin_1,viewsari:annotation_24986
viewsari:cooccurrence_cos-gia_1,viewsari:cooccurrence,"Co-occurrence of Cosimo, Piero di and Giamberti, Francesco, Vol. 4, Para. 175",viewsari:cosimo-piero-di,viewsari:giamberti-francesco,viewsari:cooccurrence_extraction_cos-gia_1,viewsari:annotation_24987
viewsari:cooccurrence_cos-san_1,viewsari:cooccurrence,"Co-occurrence of Cosimo, Piero di and San Gallo, Francesco da, Vol. 4, Para. 175",viewsari:cosimo-piero-di,viewsari:san-gallo-francesco-da,viewsari:cooccurrence_extraction_cos-san_1,viewsari:annotation_24988
viewsari:cooccurrence_san-urb_1_01,viewsari:cooccurrence,"Co-occurrence of Sanzio, Raffaello (Raffaello da Urbino) and Urbino, Bramante da, Vol. 4, Para. 186",viewsari:sanzio-raffaello-raffaello-da-urbino,viewsari:urbino-bramante-da,viewsari:cooccurrence_extraction_san-urb_1_01,viewsari:annotation_24989
viewsari:cooccurrence_buo-urb_1,viewsari:cooccurrence,"Co-occurrence of Buonarroti, Michelagnolo and Urbino, Bramante da, Vol. 4, Para. 304",viewsari:buonarroti-michelagnolo,viewsari:urbino-bramante-da,viewsari:cooccurrence_extraction_buo-urb_1,viewsari:annotation_24990
viewsari:cooccurrence_san-urb_1_02,viewsari:cooccurrence,"Co-occurrence of San Gallo, Giuliano da and Urbino, Bramante da, Vol. 4, Para. 274",viewsari:san-gallo-giuliano-da,viewsari:urbino-bramante-da,viewsari:cooccurrence_extraction_san-urb_1_02,viewsari:annotation_24991
viewsari:cooccurrence_buo-san_1_01,viewsari:cooccurrence,"Co-occurrence of Buonarroti, Michelagnolo and San Gallo, Giuliano da, Vol. 4, Para. 271",viewsari:buonarroti-michelagnolo,viewsari:san-gallo-giuliano-da,viewsari:cooccurrence_extraction_buo-san_1_01,viewsari:annotation_24992
viewsari:cooccurrence_urb-ven_1,viewsari:cooccurrence,"Co-occurrence of Urbino, Bramante da and Ventura, Vol. 4, Para. 193",viewsari:urbino-bramante-da,viewsari:ventura,viewsari:cooccurrence_extraction_urb-ven_1,viewsari:annotation_24993
viewsari:cooccurrence_alb-san_1,viewsari:cooccurrence,"Co-occurrence of Albertinelli, Mariotto and San Marco, Fra Bartolommeo di (Baccio della Porta), Vol. 4, Para. 215",viewsari:albertinelli-mariotto,viewsari:san-marco-fra-bartolommeo-di-baccio-della-porta,viewsari:cooccurrence_extraction_alb-san_1,viewsari:annotation_24994
viewsari:cooccurrence_alb-ros_1,viewsari:cooccurrence,"Co-occurrence of Albertinelli, Mariotto and Rosselli, Cosimo, Vol. 4, Para. 215",viewsari:albertinelli-mariotto,viewsari:rosselli-cosimo,viewsari:cooccurrence_extraction_alb-ros_1,viewsari:annotation_24995
viewsari:cooccurrence_ros-san_1_01,viewsari:cooccurrence,"Co-occurrence of Rosselli, Cosimo and San Marco, Fra Bartolommeo di (Baccio della Porta), Vol. 4, Para. 215",viewsari:rosselli-cosimo,viewsari:san-marco-fra-bartolommeo-di-baccio-della-porta,viewsari:cooccurrence_extraction_ros-san_1_01,viewsari:annotation_24996
viewsari:cooccurrence_buo-tor_1,viewsari:cooccurrence,"Co-occurrence of Buonarroti, Michelagnolo and Torrigiano, Vol. 4, Para. 241",viewsari:buonarroti-michelagnolo,viewsari:torrigiano,viewsari:cooccurrence_extraction_buo-tor_1,viewsari:annotation_24997
viewsari:cooccurrence_cre-tor_1,viewsari:cooccurrence,"Co-occurrence of Credi, Lorenzo di and Torrigiano, Vol. 4, Para. 241",viewsari:credi-lorenzo-di,viewsari:torrigiano,viewsari:cooccurrence_extraction_cre-tor_1,viewsari:annotation_24998
viewsari:cooccurrence_buo-cre_1,viewsari:cooccurrence,"Co-occurrence of Buonarroti, Michelagnolo and Credi, Lorenzo di, Vol. 4, Para. 241",viewsari:buonarroti-michelagnolo,viewsari:credi-lorenzo-di,viewsari:cooccurrence_extraction_buo-cre_1,viewsari:annotation_24999
viewsari:cooccurrence_san-vin_1_01,viewsari:cooccurrence,"Co-occurrence of San Gallo, Giuliano da and Vinci, Leonardo da, Vol. 4, Para. 258",viewsari:san-gallo-giuliano-da,viewsari:vinci-leonardo-da,viewsari:cooccurrence_extraction_san-vin_1_01,viewsari:annotation_25000
viewsari:cooccurrence_mai-san_1,viewsari:cooccurrence,"Co-occurrence of Maiano, Giuliano da and San Gallo, Antonio da (the elder), Vol. 4, Para. 262",viewsari:maiano-giuliano-da,viewsari:san-gallo-antonio-da-the-elder,viewsari:cooccurrence_extraction_mai-san_1,viewsari:annotation_25001
viewsari:cooccurrence_san-san_1_01,viewsari:cooccurrence,"Co-occurrence of San Gallo, Giuliano da and San Gallo, Antonio da (the elder), Vol. 4, Para. 262",viewsari:san-gallo-giuliano-da,viewsari:san-gallo-antonio-da-the-elder,viewsari:cooccurrence_extraction_san-san_1_01,viewsari:annotation_25002
viewsari:cooccurrence_san-san_2_01,viewsari:cooccurrence,"Co-occurrence of San Gallo, Antonio da (the elder) and San Gallo, Giuliano da, Vol. 4, Para. 263",viewsari:san-gallo-antonio-da-the-elder,viewsari:san-gallo-giuliano-da,viewsari:cooccurrence_extraction_san-san_2_01,viewsari:annotation_25003
viewsari:cooccurrence_san-san_1_02,viewsari:cooccurrence,"Co-occurrence of San Gallo, Giuliano da and Sanzio, Raffaello (Raffaello da Urbino), Vol. 4, Para. 272",viewsari:san-gallo-giuliano-da,viewsari:sanzio-raffaello-raffaello-da-urbino,viewsari:cooccurrence_extraction_san-san_1_02,viewsari:annotation_25004
viewsari:cooccurrence_buo-san_1_02,viewsari:cooccurrence,"Co-occurrence of Buonarroti, Michelagnolo and Sanzio, Raffaello (Raffaello da Urbino), Vol. 4, Para. 304",viewsari:buonarroti-michelagnolo,viewsari:sanzio-raffaello-raffaello-da-urbino,viewsari:cooccurrence_extraction_buo-san_1_02,viewsari:annotation_25005
viewsari:cooccurrence_san-san_1_03,viewsari:cooccurrence,"Co-occurrence of Santi, Giovanni de' and Sanzio, Raffaello (Raffaello da Urbino), Vol. 4, Para. 282",viewsari:santi-giovanni-de,viewsari:sanzio-raffaello-raffaello-da-urbino,viewsari:cooccurrence_extraction_san-san_1_03,viewsari:annotation_25006
viewsari:cooccurrence_per-san_1_02,viewsari:cooccurrence,"Co-occurrence of Perugino, Pietro (Pietro Vannucci, or Pietro da Castel della Pieve) and Santi, Giovanni de', Vol. 4, Para. 282",viewsari:perugino-pietro-pietro-vannucci-or-pietro-da-castel-della-pieve,viewsari:santi-giovanni-de,viewsari:cooccurrence_extraction_per-san_1_02,viewsari:annotation_25007
viewsari:cooccurrence_san-vin_1_02,viewsari:cooccurrence,"Co-occurrence of Sanzio, Raffaello (Raffaello da Urbino) and Vinci, Leonardo da, Vol. 4, Para. 337",viewsari:sanzio-raffaello-raffaello-da-urbino,viewsari:vinci-leonardo-da,viewsari:cooccurrence_extraction_san-vin_1_02,viewsari:annotation_25008
viewsari:cooccurrence_san-san_1_04,viewsari:cooccurrence,"Co-occurrence of San Marco, Fra Bartolommeo di (Baccio della Porta) and Sanzio, Raffaello (Raffaello da Urbino), Vol. 4, Para. 293",viewsari:san-marco-fra-bartolommeo-di-baccio-della-porta,viewsari:sanzio-raffaello-raffaello-da-urbino,viewsari:cooccurrence_extraction_san-san_1_04,viewsari:annotation_25009
viewsari:cooccurrence_ghi-san_1_01,viewsari:cooccurrence,"Co-occurrence of Ghirlandajo, Ridolfo and Sanzio, Raffaello (Raffaello da Urbino), Vol. 4, Para. 295",viewsari:ghirlandajo-ridolfo,viewsari:sanzio-raffaello-raffaello-da-urbino,viewsari:cooccurrence_extraction_ghi-san_1_01,viewsari:annotation_25010
viewsari:cooccurrence_d-r-san_1,viewsari:cooccurrence,"Co-occurrence of Dòrer, Albrecht and Sanzio, Raffaello (Raffaello da Urbino), Vol. 4, Para. 320",viewsari:d-rer-albrecht,viewsari:sanzio-raffaello-raffaello-da-urbino,viewsari:cooccurrence_extraction_d-r-san_1,viewsari:annotation_25011
viewsari:cooccurrence_d-r-urb_1,viewsari:cooccurrence,"Co-occurrence of Dòrer, Albrecht and Urbino, Bramante da, Vol. 4, Para. 320",viewsari:d-rer-albrecht,viewsari:urbino-bramante-da,viewsari:cooccurrence_extraction_d-r-urb_1,viewsari:annotation_25012
viewsari:cooccurrence_bol-san_1,viewsari:cooccurrence,"Co-occurrence of Bolognese, Marc' Antonio (Marc' Antonio Raimondi, or de' Franci) and Sanzio, Raffaello (Raffaello da Urbino), Vol. 4, Para. 321",viewsari:bolognese-marc-antonio-marc-antonio-raimondi-or-de-franci,viewsari:sanzio-raffaello-raffaello-da-urbino,viewsari:cooccurrence_extraction_bol-san_1,viewsari:annotation_25013
viewsari:cooccurrence_san-udi_1,viewsari:cooccurrence,"Co-occurrence of Sanzio, Raffaello (Raffaello da Urbino) and Udine, Giovanni da (Giovanni Nanni, or de' Ricamatori), Vol. 4, Para. 329",viewsari:sanzio-raffaello-raffaello-da-urbino,viewsari:udine-giovanni-da-giovanni-nanni-or-de-ricamatori,viewsari:cooccurrence_extraction_san-udi_1,viewsari:annotation_25014
viewsari:cooccurrence_rom-san_1_01,viewsari:cooccurrence,"Co-occurrence of Romano, Giulio (Giulio Pippi de' Giannuzzi) and Sanzio, Raffaello (Raffaello da Urbino), Vol. 4, Para. 342",viewsari:romano-giulio-giulio-pippi-de-giannuzzi,viewsari:sanzio-raffaello-raffaello-da-urbino,viewsari:cooccurrence_extraction_rom-san_1_01,viewsari:annotation_25015
viewsari:cooccurrence_udi-urb_1,viewsari:cooccurrence,"Co-occurrence of Udine, Giovanni da (Giovanni Nanni, or de' Ricamatori) and Urbino, Bramante da, Vol. 4, Para. 329",viewsari:udine-giovanni-da-giovanni-nanni-or-de-ricamatori,viewsari:urbino-bramante-da,viewsari:cooccurrence_extraction_udi-urb_1,viewsari:annotation_25016
viewsari:cooccurrence_rom-urb_1,viewsari:cooccurrence,"Co-occurrence of Romano, Giulio (Giulio Pippi de' Giannuzzi) and Urbino, Bramante da, Vol. 4, Para. 329",viewsari:romano-giulio-giulio-pippi-de-giannuzzi,viewsari:urbino-bramante-da,viewsari:cooccurrence_extraction_rom-urb_1,viewsari:annotation_25017
viewsari:cooccurrence_rom-udi_1,viewsari:cooccurrence,"Co-occurrence of Romano, Giulio (Giulio Pippi de' Giannuzzi) and Udine, Giovanni da (Giovanni Nanni, or de' Ricamatori), Vol. 4, Para. 329",viewsari:romano-giulio-giulio-pippi-de-giannuzzi,viewsari:udine-giovanni-da-giovanni-nanni-or-de-ricamatori,viewsari:cooccurrence_extraction_rom-udi_1,viewsari:annotation_25018
viewsari:cooccurrence_per-vin_1,viewsari:cooccurrence,"Co-occurrence of Perugino, Pietro (Pietro Vannucci, or Pietro da Castel della Pieve) and Vinci, Leonardo da, Vol. 4, Para. 337",viewsari:perugino-pietro-pietro-vannucci-or-pietro-da-castel-della-pieve,viewsari:vinci-leonardo-da,viewsari:cooccurrence_extraction_per-vin_1,viewsari:annotation_25019
viewsari:cooccurrence_mar-urb_1,viewsari:cooccurrence,"Co-occurrence of Marcilla, Guglielmo da (Guillaume de Marcillac) and Urbino, Bramante da, Vol. 4, Para. 352",viewsari:marcilla-guglielmo-da-guillaume-de-marcillac,viewsari:urbino-bramante-da,viewsari:cooccurrence_extraction_mar-urb_1,viewsari:annotation_25020
viewsari:cooccurrence_cla-urb_1,viewsari:cooccurrence,"Co-occurrence of Claudio, Maestro and Urbino, Bramante da, Vol. 4, Para. 352",viewsari:claudio-maestro,viewsari:urbino-bramante-da,viewsari:cooccurrence_extraction_cla-urb_1,viewsari:annotation_25021
viewsari:cooccurrence_cla-mar_1,viewsari:cooccurrence,"Co-occurrence of Claudio, Maestro and Marcilla, Guglielmo da (Guillaume de Marcillac), Vol. 4, Para. 352",viewsari:claudio-maestro,viewsari:marcilla-guglielmo-da-guillaume-de-marcillac,viewsari:cooccurrence_extraction_cla-mar_1,viewsari:annotation_25022
viewsari:cooccurrence_mar-pec_1,viewsari:cooccurrence,"Co-occurrence of Marcilla, Guglielmo da (Guillaume de Marcillac) and Pecori, Domenico, Vol. 4, Para. 358",viewsari:marcilla-guglielmo-da-guillaume-de-marcillac,viewsari:pecori-domenico,viewsari:cooccurrence_extraction_mar-pec_1,viewsari:annotation_25023
viewsari:cooccurrence_cro-pol_1,viewsari:cooccurrence,"Co-occurrence of Cronaca, Il (Simone del Pollaiuolo) and Pollaiuolo, Antonio, Vol. 4, Para. 370",viewsari:cronaca-il-simone-del-pollaiuolo,viewsari:pollaiuolo-antonio,viewsari:cooccurrence_extraction_cro-pol_1,viewsari:annotation_25024
viewsari:cooccurrence_bru-mai_1_02,viewsari:cooccurrence,"Co-occurrence of Brunelleschi, Filippo (Filippo di Ser Brunellesco) and Maiano, Benedetto da, Vol. 4, Para. 372",viewsari:brunelleschi-filippo-filippo-di-ser-brunellesco,viewsari:maiano-benedetto-da,viewsari:cooccurrence_extraction_bru-mai_1_02,viewsari:annotation_25025
viewsari:cooccurrence_amm-ban_1,viewsari:cooccurrence,"Co-occurrence of Ammanati, Bartolommeo and Bandinelli, Baccio (Baccio de' Brandini), Vol. 4, Para. 378",viewsari:ammanati-bartolommeo,viewsari:bandinelli-baccio-baccio-de-brandini,viewsari:cooccurrence_extraction_amm-ban_1,viewsari:annotation_25026
viewsari:cooccurrence_cre-ghi_1,viewsari:cooccurrence,"Co-occurrence of Credi, Lorenzo di and Ghirlandajo, Ridolfo, Vol. 4, Para. 383",viewsari:credi-lorenzo-di,viewsari:ghirlandajo-ridolfo,viewsari:cooccurrence_extraction_cre-ghi_1,viewsari:annotation_25027
viewsari:cooccurrence_ghi-sar_1,viewsari:cooccurrence,"Co-occurrence of Ghirlandajo, Ridolfo and Sarto, Andrea del (Andrea d' Agnolo), Vol. 4, Para. 384",viewsari:ghirlandajo-ridolfo,viewsari:sarto-andrea-del-andrea-d-agnolo,viewsari:cooccurrence_extraction_ghi-sar_1,viewsari:annotation_25028
viewsari:cooccurrence_fie-mar_1,viewsari:cooccurrence,"Co-occurrence of Fiesole, Andrea da (Andrea Ferrucci) and Marchissi, Antonio di Giorgio, Vol. 5, Para. 2",viewsari:fiesole-andrea-da-andrea-ferrucci,viewsari:marchissi-antonio-di-giorgio,viewsari:cooccurrence_extraction_fie-mar_1,viewsari:annotation_25029
viewsari:cooccurrence_buo-cos_1,viewsari:cooccurrence,"Co-occurrence of Buonarroti, Michelagnolo and Cosini, Silvio (Silvio da Fiesole), Vol. 5, Para. 6",viewsari:buonarroti-michelagnolo,viewsari:cosini-silvio-silvio-da-fiesole,viewsari:cooccurrence_extraction_buo-cos_1,viewsari:annotation_25030
viewsari:cooccurrence_san-urb_1_03,viewsari:cooccurrence,"Co-occurrence of San Gimignano, Vincenzio da (Vincenzio Tamagni) and Urbino, Timoteo da (Timoteo della Vite), Vol. 5, Para. 11",viewsari:san-gimignano-vincenzio-da-vincenzio-tamagni,viewsari:urbino-timoteo-da-timoteo-della-vite,viewsari:cooccurrence_extraction_san-urb_1_03,viewsari:annotation_25031
viewsari:cooccurrence_san-san_1_05,viewsari:cooccurrence,"Co-occurrence of San Gimignano, Vincenzio da (Vincenzio Tamagni) and Sanzio, Raffaello (Raffaello da Urbino), Vol. 5, Para. 12",viewsari:san-gimignano-vincenzio-da-vincenzio-tamagni,viewsari:sanzio-raffaello-raffaello-da-urbino,viewsari:cooccurrence_extraction_san-san_1_05,viewsari:annotation_25032
viewsari:cooccurrence_san-urb_1_04,viewsari:cooccurrence,"Co-occurrence of Sanzio, Raffaello (Raffaello da Urbino) and Urbino, Timoteo da (Timoteo della Vite), Vol. 5, Para. 16",viewsari:sanzio-raffaello-raffaello-da-urbino,viewsari:urbino-timoteo-da-timoteo-della-vite,viewsari:cooccurrence_extraction_san-urb_1_04,viewsari:annotation_25033
viewsari:cooccurrence_con-urb_1,viewsari:cooccurrence,"Co-occurrence of Contucci, Andrea (Andrea Sansovino) and Urbino, Bramante da, Vol. 5, Para. 30",viewsari:contucci-andrea-andrea-sansovino,viewsari:urbino-bramante-da,viewsari:cooccurrence_extraction_con-urb_1,viewsari:annotation_25034
viewsari:cooccurrence_mon-mon_1,viewsari:cooccurrence,"Co-occurrence of Montelupo, Baccio da and Montelupo, Raffaello da, Vol. 5, Para. 53",viewsari:montelupo-baccio-da,viewsari:montelupo-raffaello-da,viewsari:cooccurrence_extraction_mon-mon_1,viewsari:annotation_25035
viewsari:cooccurrence_con-mon_1_01,viewsari:cooccurrence,"Co-occurrence of Contucci, Andrea (Andrea Sansovino) and Montelupo, Baccio da, Vol. 5, Para. 53",viewsari:contucci-andrea-andrea-sansovino,viewsari:montelupo-baccio-da,viewsari:cooccurrence_extraction_con-mon_1_01,viewsari:annotation_25036
viewsari:cooccurrence_con-mon_1_02,viewsari:cooccurrence,"Co-occurrence of Contucci, Andrea (Andrea Sansovino) and Montelupo, Raffaello da, Vol. 5, Para. 53",viewsari:contucci-andrea-andrea-sansovino,viewsari:montelupo-raffaello-da,viewsari:cooccurrence_extraction_con-mon_1_02,viewsari:annotation_25037
viewsari:cooccurrence_buo-mon_1,viewsari:cooccurrence,"Co-occurrence of Buonarroti, Michelagnolo and Montelupo, Raffaello da, Vol. 5, Para. 54",viewsari:buonarroti-michelagnolo,viewsari:montelupo-raffaello-da,viewsari:cooccurrence_extraction_buo-mon_1,viewsari:annotation_25038
viewsari:cooccurrence_cre-cre_1,viewsari:cooccurrence,"Co-occurrence of Credi, Lorenzo di and Credi, Maestro, Vol. 5, Para. 60",viewsari:credi-lorenzo-di,viewsari:credi-maestro,viewsari:cooccurrence_extraction_cre-cre_1,viewsari:annotation_25039
viewsari:cooccurrence_cre-vin_1,viewsari:cooccurrence,"Co-occurrence of Credi, Lorenzo di and Vinci, Leonardo da, Vol. 5, Para. 61",viewsari:credi-lorenzo-di,viewsari:vinci-leonardo-da,viewsari:cooccurrence_extraction_cre-vin_1,viewsari:annotation_25040
viewsari:cooccurrence_cre-ver_1,viewsari:cooccurrence,"Co-occurrence of Credi, Lorenzo di and Verrocchio, Andrea, Vol. 5, Para. 62",viewsari:credi-lorenzo-di,viewsari:verrocchio-andrea,viewsari:cooccurrence_extraction_cre-ver_1,viewsari:annotation_25041
viewsari:cooccurrence_lun-sog_1,viewsari:cooccurrence,"Co-occurrence of Lunetti, Tommaso di Stefano and Sogliani, Giovanni Antonio, Vol. 5, Para. 67",viewsari:lunetti-tommaso-di-stefano,viewsari:sogliani-giovanni-antonio,viewsari:cooccurrence_extraction_lun-sog_1,viewsari:annotation_25042
viewsari:cooccurrence_lot-san_1,viewsari:cooccurrence,"Co-occurrence of Lotti, Lorenzetto (Lorenzo) and Sanzio, Raffaello (Raffaello da Urbino), Vol. 5, Para. 70",viewsari:lotti-lorenzetto-lorenzo,viewsari:sanzio-raffaello-raffaello-da-urbino,viewsari:cooccurrence_extraction_lot-san_1,viewsari:annotation_25043
viewsari:cooccurrence_per-san_1_03,viewsari:cooccurrence,"Co-occurrence of Peruzzi, Baldassarre (Baldassarre da Siena) and San Gallo, Antonio da (the younger), Vol. 5, Para. 100",viewsari:peruzzi-baldassarre-baldassarre-da-siena,viewsari:san-gallo-antonio-da-the-younger,viewsari:cooccurrence_extraction_per-san_1_03,viewsari:annotation_25044
viewsari:cooccurrence_rom-san_2,viewsari:cooccurrence,"Co-occurrence of Romano, Giulio (Giulio Pippi de' Giannuzzi) and Sanzio, Raffaello (Raffaello da Urbino), Vol. 5, Para. 156",viewsari:romano-giulio-giulio-pippi-de-giannuzzi,viewsari:sanzio-raffaello-raffaello-da-urbino,viewsari:cooccurrence_extraction_rom-san_2,viewsari:annotation_25045
viewsari:cooccurrence_mod-san_1,viewsari:cooccurrence,"Co-occurrence of Modena, Pellegrino da (Pellegrino degli Aretusi, or de' Munari) and Sanzio, Raffaello (Raffaello da Urbino), Vol. 5, Para. 111",viewsari:modena-pellegrino-da-pellegrino-degli-aretusi-or-de-munari,viewsari:sanzio-raffaello-raffaello-da-urbino,viewsari:cooccurrence_extraction_mod-san_1,viewsari:annotation_25046
viewsari:cooccurrence_bar-sar_1,viewsari:cooccurrence,"Co-occurrence of Barile, Gian (of Florence) and Sarto, Andrea del (Andrea d' Agnolo), Vol. 5, Para. 116",viewsari:barile-gian-of-florence,viewsari:sarto-andrea-del-andrea-d-agnolo,viewsari:cooccurrence_extraction_bar-sar_1,viewsari:annotation_25047
viewsari:cooccurrence_cos-sar_1_01,viewsari:cooccurrence,"Co-occurrence of Cosimo, Piero di and Sarto, Andrea del (Andrea d' Agnolo), Vol. 5, Para. 116",viewsari:cosimo-piero-di,viewsari:sarto-andrea-del-andrea-d-agnolo,viewsari:cooccurrence_extraction_cos-sar_1_01,viewsari:annotation_25048
viewsari:cooccurrence_bar-cos_1,viewsari:cooccurrence,"Co-occurrence of Barile, Gian (of Florence) and Cosimo, Piero di, Vol. 5, Para. 116",viewsari:barile-gian-of-florence,viewsari:cosimo-piero-di,viewsari:cooccurrence_extraction_bar-cos_1,viewsari:annotation_25049
viewsari:cooccurrence_fra-sar_1,viewsari:cooccurrence,"Co-occurrence of Franciabigio (Francia) and Sarto, Andrea del (Andrea d' Agnolo), Vol. 5, Para. 117",viewsari:franciabigio-francia,viewsari:sarto-andrea-del-andrea-d-agnolo,viewsari:cooccurrence_extraction_fra-sar_1,viewsari:annotation_25050
viewsari:cooccurrence_con-san_1,viewsari:cooccurrence,"Co-occurrence of Contucci, Andrea (Andrea Sansovino) and Sansovino, Jacopo (Jacopo Tatti), Vol. 5, Para. 120",viewsari:contucci-andrea-andrea-sansovino,viewsari:sansovino-jacopo-jacopo-tatti,viewsari:cooccurrence_extraction_con-san_1,viewsari:annotation_25051
viewsari:cooccurrence_sar-san_1,viewsari:cooccurrence,"Co-occurrence of Sarto, Andrea del (Andrea d' Agnolo) and Sansovino, Jacopo (Jacopo Tatti), Vol. 5, Para. 120",viewsari:sarto-andrea-del-andrea-d-agnolo,viewsari:sansovino-jacopo-jacopo-tatti,viewsari:cooccurrence_extraction_sar-san_1,viewsari:annotation_25052
viewsari:cooccurrence_con-ros_1,viewsari:cooccurrence,"Co-occurrence of Contucci, Andrea (Andrea Sansovino) and Rosselli, Cosimo, Vol. 5, Para. 121",viewsari:contucci-andrea-andrea-sansovino,viewsari:rosselli-cosimo,viewsari:cooccurrence_extraction_con-ros_1,viewsari:annotation_25053
viewsari:cooccurrence_sar-ros_1_01,viewsari:cooccurrence,"Co-occurrence of Sarto, Andrea del (Andrea d' Agnolo) and Rosselli, Cosimo, Vol. 5, Para. 121",viewsari:sarto-andrea-del-andrea-d-agnolo,viewsari:rosselli-cosimo,viewsari:cooccurrence_extraction_sar-ros_1_01,viewsari:annotation_25054
viewsari:cooccurrence_san-sar_2,viewsari:cooccurrence,"Co-occurrence of Sansovino, Jacopo (Jacopo Tatti) and Sarto, Andrea del (Andrea d' Agnolo), Vol. 5, Para. 127",viewsari:sansovino-jacopo-jacopo-tatti,viewsari:sarto-andrea-del-andrea-d-agnolo,viewsari:cooccurrence_extraction_san-sar_2,viewsari:annotation_25055
viewsari:cooccurrence_pon-sar_1,viewsari:cooccurrence,"Co-occurrence of Pontormo, Jacopo da (Jacopo Carrucci) and Sarto, Andrea del (Andrea d' Agnolo), Vol. 5, Para. 148",viewsari:pontormo-jacopo-da-jacopo-carrucci,viewsari:sarto-andrea-del-andrea-d-agnolo,viewsari:cooccurrence_extraction_pon-sar_1,viewsari:annotation_25056
viewsari:cooccurrence_san-sar_1_01,viewsari:cooccurrence,"Co-occurrence of Sanzio, Raffaello (Raffaello da Urbino) and Sarto, Andrea del (Andrea d' Agnolo), Vol. 5, Para. 156",viewsari:sanzio-raffaello-raffaello-da-urbino,viewsari:sarto-andrea-del-andrea-d-agnolo,viewsari:cooccurrence_extraction_san-sar_1_01,viewsari:annotation_25057
viewsari:cooccurrence_rom-sar_1,viewsari:cooccurrence,"Co-occurrence of Romano, Giulio (Giulio Pippi de' Giannuzzi) and Sarto, Andrea del (Andrea d' Agnolo), Vol. 5, Para. 156",viewsari:romano-giulio-giulio-pippi-de-giannuzzi,viewsari:sarto-andrea-del-andrea-d-agnolo,viewsari:cooccurrence_extraction_rom-sar_1,viewsari:annotation_25058
viewsari:cooccurrence_sal-sar_1,viewsari:cooccurrence,"Co-occurrence of Salviati, Francesco (Francesco de' Rossi) and Sarto, Andrea del (Andrea d' Agnolo), Vol. 5, Para. 176",viewsari:salviati-francesco-francesco-de-rossi,viewsari:sarto-andrea-del-andrea-d-agnolo,viewsari:cooccurrence_extraction_sal-sar_1,viewsari:annotation_25059
viewsari:cooccurrence_con-sar_1,viewsari:cooccurrence,"Co-occurrence of Conti, Domenico and Sarto, Andrea del (Andrea d' Agnolo), Vol. 5, Para. 177",viewsari:conti-domenico,viewsari:sarto-andrea-del-andrea-d-agnolo,viewsari:cooccurrence_extraction_con-sar_1,viewsari:annotation_25060
viewsari:cooccurrence_lom-vec_1,viewsari:cooccurrence,"Co-occurrence of Lombardi, Alfonso and Vecelli, Tiziano (Tiziano da Cadore), Vol. 5, Para. 195",viewsari:lombardi-alfonso,viewsari:vecelli-tiziano-tiziano-da-cadore,viewsari:cooccurrence_extraction_lom-vec_1,viewsari:annotation_25061
viewsari:cooccurrence_per-sie_1,viewsari:cooccurrence,"Co-occurrence of Peruzzi, Baldassarre (Baldassarre da Siena) and Siena, Michelagnolo da, Vol. 5, Para. 199",viewsari:peruzzi-baldassarre-baldassarre-da-siena,viewsari:siena-michelagnolo-da,viewsari:cooccurrence_extraction_per-sie_1,viewsari:annotation_25062
viewsari:cooccurrence_nol-san_1,viewsari:cooccurrence,"Co-occurrence of Nola, Giovanni da and Santa Croce, Girolamo, Vol. 5, Para. 200",viewsari:nola-giovanni-da,viewsari:santa-croce-girolamo,viewsari:cooccurrence_extraction_nol-san_1,viewsari:annotation_25063
viewsari:cooccurrence_dos-dos_1,viewsari:cooccurrence,"Co-occurrence of Dossi, Battista and Dossi, Dosso, Vol. 5, Para. 205",viewsari:dossi-battista,viewsari:dossi-dosso,viewsari:cooccurrence_extraction_dos-dos_1,viewsari:annotation_25064
viewsari:cooccurrence_lic-vag_1,viewsari:cooccurrence,"Co-occurrence of Licinio, Giovanni Antonio (Cuticello, or Pordenone) and Vaga, Perino del (Perino Buonaccorsi, or de' Ceri), Vol. 5, Para. 226",viewsari:licinio-giovanni-antonio-cuticello-or-pordenone,viewsari:vaga-perino-del-perino-buonaccorsi-or-de-ceri,viewsari:cooccurrence_extraction_lic-vag_1,viewsari:annotation_25065
viewsari:cooccurrence_sog-vag_1,viewsari:cooccurrence,"Co-occurrence of Sogliani, Giovanni Antonio and Vaga, Perino del (Perino Buonaccorsi, or de' Ceri), Vol. 5, Para. 236",viewsari:sogliani-giovanni-antonio,viewsari:vaga-perino-del-perino-buonaccorsi-or-de-ceri,viewsari:cooccurrence_extraction_sog-vag_1,viewsari:annotation_25066
viewsari:cooccurrence_sar-sog_1,viewsari:cooccurrence,"Co-occurrence of Sarto, Andrea del (Andrea d' Agnolo) and Sogliani, Giovanni Antonio, Vol. 5, Para. 238",viewsari:sarto-andrea-del-andrea-d-agnolo,viewsari:sogliani-giovanni-antonio,viewsari:cooccurrence_extraction_sar-sog_1,viewsari:annotation_25067
viewsari:cooccurrence_car-mat_1,viewsari:cooccurrence,"Co-occurrence of Caravaggio, Polidoro da (Polidoro Caldara) and Maturino, Vol. 5, Para. 248",viewsari:caravaggio-polidoro-da-polidoro-caldara,viewsari:maturino,viewsari:cooccurrence_extraction_car-mat_1,viewsari:annotation_25068
viewsari:cooccurrence_ros-san_1_02,viewsari:cooccurrence,"Co-occurrence of Rosso, Il (Giovan Battista de' Rossi) and Sanzio, Raffaello (Raffaello da Urbino), Vol. 5, Para. 270",viewsari:rosso-il-giovan-battista-de-rossi,viewsari:sanzio-raffaello-raffaello-da-urbino,viewsari:cooccurrence_extraction_ros-san_1_02,viewsari:annotation_25069
viewsari:cooccurrence_bag-san_1,viewsari:cooccurrence,"Co-occurrence of Bagnacavallo, Bartolommeo da (Bartolommeo Ramenghi) and Sanzio, Raffaello (Raffaello da Urbino), Vol. 5, Para. 290",viewsari:bagnacavallo-bartolommeo-da-bartolommeo-ramenghi,viewsari:sanzio-raffaello-raffaello-da-urbino,viewsari:cooccurrence_extraction_bag-san_1,viewsari:annotation_25070
viewsari:cooccurrence_bol-cot_1,viewsari:cooccurrence,"Co-occurrence of Bolognese, Biagio (Biagio Pupini) and Cotignola, Girolamo da (Girolamo Marchesi), Vol. 5, Para. 298",viewsari:bolognese-biagio-biagio-pupini,viewsari:cotignola-girolamo-da-girolamo-marchesi,viewsari:cooccurrence_extraction_bol-cot_1,viewsari:annotation_25071
viewsari:cooccurrence_fra-pon_1,viewsari:cooccurrence,"Co-occurrence of Franciabigio (Francia) and Pontormo, Jacopo da (Jacopo Carrucci), Vol. 5, Para. 311",viewsari:franciabigio-francia,viewsari:pontormo-jacopo-da-jacopo-carrucci,viewsari:cooccurrence_extraction_fra-pon_1,viewsari:annotation_25072
viewsari:cooccurrence_cos-fel_1,viewsari:cooccurrence,"Co-occurrence of Cosimo, Andrea di (Andrea di Cosimo Feltrini) and Feltro, Morto da, Vol. 5, Para. 320",viewsari:cosimo-andrea-di-andrea-di-cosimo-feltrini,viewsari:feltro-morto-da,viewsari:cooccurrence_extraction_cos-fel_1,viewsari:annotation_25073
viewsari:cooccurrence_fel-udi_1,viewsari:cooccurrence,"Co-occurrence of Feltro, Morto da and Udine, Giovanni da (Giovanni Nanni, or de' Ricamatori), Vol. 5, Para. 323",viewsari:feltro-morto-da,viewsari:udine-giovanni-da-giovanni-nanni-or-de-ricamatori,viewsari:cooccurrence_extraction_fel-udi_1,viewsari:annotation_25074
viewsari:cooccurrence_cos-fra_1,viewsari:cooccurrence,"Co-occurrence of Cosimo, Andrea di (Andrea di Cosimo Feltrini) and Franciabigio (Francia), Vol. 5, Para. 328",viewsari:cosimo-andrea-di-andrea-di-cosimo-feltrini,viewsari:franciabigio-francia,viewsari:cooccurrence_extraction_cos-fra_1,viewsari:annotation_25075
viewsari:cooccurrence_cos-tri_1,viewsari:cooccurrence,"Co-occurrence of Cosimo, Andrea di (Andrea di Cosimo Feltrini) and Tribolo (Niccolò), Vol. 5, Para. 329",viewsari:cosimo-andrea-di-andrea-di-cosimo-feltrini,viewsari:tribolo-niccol,viewsari:cooccurrence_extraction_cos-tri_1,viewsari:annotation_25076
viewsari:cooccurrence_maz-san_1,viewsari:cooccurrence,"Co-occurrence of Mazzuoli, Francesco (Parmigiano) and Sanzio, Raffaello (Raffaello da Urbino), Vol. 5, Para. 343",viewsari:mazzuoli-francesco-parmigiano,viewsari:sanzio-raffaello-raffaello-da-urbino,viewsari:cooccurrence_extraction_maz-san_1,viewsari:annotation_25077
viewsari:cooccurrence_gio-urb_1,viewsari:cooccurrence,"Co-occurrence of Giocondo, Fra and Urbino, Bramante da, Vol. 6, Para. 9",viewsari:giocondo-fra,viewsari:urbino-bramante-da,viewsari:cooccurrence_extraction_gio-urb_1,viewsari:annotation_25078
viewsari:cooccurrence_san-urb_2_01,viewsari:cooccurrence,"Co-occurrence of Sanzio, Raffaello (Raffaello da Urbino) and Urbino, Bramante da, Vol. 6, Para. 9",viewsari:sanzio-raffaello-raffaello-da-urbino,viewsari:urbino-bramante-da,viewsari:cooccurrence_extraction_san-urb_2_01,viewsari:annotation_25079
viewsari:cooccurrence_san-urb_2_02,viewsari:cooccurrence,"Co-occurrence of San Gallo, Giuliano da and Urbino, Bramante da, Vol. 6, Para. 9",viewsari:san-gallo-giuliano-da,viewsari:urbino-bramante-da,viewsari:cooccurrence_extraction_san-urb_2_02,viewsari:annotation_25080
viewsari:cooccurrence_gio-san_1_02,viewsari:cooccurrence,"Co-occurrence of Giocondo, Fra and Sanzio, Raffaello (Raffaello da Urbino), Vol. 6, Para. 9",viewsari:giocondo-fra,viewsari:sanzio-raffaello-raffaello-da-urbino,viewsari:cooccurrence_extraction_gio-san_1_02,viewsari:annotation_25081
viewsari:cooccurrence_gio-san_1_03,viewsari:cooccurrence,"Co-occurrence of Giocondo, Fra and San Gallo, Giuliano da, Vol. 6, Para. 9",viewsari:giocondo-fra,viewsari:san-gallo-giuliano-da,viewsari:cooccurrence_extraction_gio-san_1_03,viewsari:annotation_25082
viewsari:cooccurrence_san-san_2_02,viewsari:cooccurrence,"Co-occurrence of San Gallo, Giuliano da and Sanzio, Raffaello (Raffaello da Urbino), Vol. 6, Para. 9",viewsari:san-gallo-giuliano-da,viewsari:sanzio-raffaello-raffaello-da-urbino,viewsari:cooccurrence_extraction_san-san_2_02,viewsari:annotation_25083
viewsari:cooccurrence_bel-lib_1,viewsari:cooccurrence,"Co-occurrence of Bellini, Jacopo and Liberale, Vol. 6, Para. 17",viewsari:bellini-jacopo,viewsari:liberale,viewsari:cooccurrence_extraction_bel-lib_1,viewsari:annotation_25084
viewsari:cooccurrence_car-lib_1,viewsari:cooccurrence,"Co-occurrence of Caroto, Giovan Francesco and Liberale, Vol. 6, Para. 27",viewsari:caroto-giovan-francesco,viewsari:liberale,viewsari:cooccurrence_extraction_car-lib_1,viewsari:annotation_25085
viewsari:cooccurrence_car-man_1,viewsari:cooccurrence,"Co-occurrence of Caroto, Giovan Francesco and Mantegna, Andrea, Vol. 6, Para. 27",viewsari:caroto-giovan-francesco,viewsari:mantegna-andrea,viewsari:cooccurrence_extraction_car-man_1,viewsari:annotation_25086
viewsari:cooccurrence_lib-man_1,viewsari:cooccurrence,"Co-occurrence of Liberale and Mantegna, Andrea, Vol. 6, Para. 27",viewsari:liberale,viewsari:mantegna-andrea,viewsari:cooccurrence_extraction_lib-man_1,viewsari:annotation_25087
viewsari:cooccurrence_cal-car_1,viewsari:cooccurrence,"Co-occurrence of Caliari, Paolo (Paolo Veronese) and Caroto, Giovanni, Vol. 6, Para. 40",viewsari:caliari-paolo-paolo-veronese,viewsari:caroto-giovanni,viewsari:cooccurrence_extraction_cal-car_1,viewsari:annotation_25088
viewsari:cooccurrence_can-car_1,viewsari:cooccurrence,"Co-occurrence of Canneri, Anselmo and Caroto, Giovanni, Vol. 6, Para. 40",viewsari:canneri-anselmo,viewsari:caroto-giovanni,viewsari:cooccurrence_extraction_can-car_1,viewsari:annotation_25089
viewsari:cooccurrence_cal-can_1,viewsari:cooccurrence,"Co-occurrence of Caliari, Paolo (Paolo Veronese) and Canneri, Anselmo, Vol. 6, Para. 40",viewsari:caliari-paolo-paolo-veronese,viewsari:canneri-anselmo,viewsari:cooccurrence_extraction_cal-can_1,viewsari:annotation_25090
viewsari:cooccurrence_lib-tur_1,viewsari:cooccurrence,"Co-occurrence of Liberale and Turbido, Francesco (Il Moro), Vol. 6, Para. 42",viewsari:liberale,viewsari:turbido-francesco-il-moro,viewsari:cooccurrence_extraction_lib-tur_1,viewsari:annotation_25091
viewsari:cooccurrence_lib-rom_1,viewsari:cooccurrence,"Co-occurrence of Liberale and Romano, Giulio (Giulio Pippi de' Giannuzzi), Vol. 6, Para. 43",viewsari:liberale,viewsari:romano-giulio-giulio-pippi-de-giannuzzi,viewsari:cooccurrence_extraction_lib-rom_1,viewsari:annotation_25092
viewsari:cooccurrence_mor-mor_1,viewsari:cooccurrence,"Co-occurrence of Morone, Domenico and Morone, Francesco, Vol. 6, Para. 67",viewsari:morone-domenico,viewsari:morone-francesco,viewsari:cooccurrence_extraction_mor-mor_1,viewsari:annotation_25093
viewsari:cooccurrence_lib-lib_1,viewsari:cooccurrence,"Co-occurrence of Libri, Francesco dai (the younger) and Libri, Girolamo dai, Vol. 6, Para. 96",viewsari:libri-francesco-dai-the-younger,viewsari:libri-girolamo-dai,viewsari:cooccurrence_extraction_lib-lib_1,viewsari:annotation_25094
viewsari:cooccurrence_buo-gra_1,viewsari:cooccurrence,"Co-occurrence of Buonarroti, Michelagnolo and Granacci, Francesco (Il Granaccio), Vol. 6, Para. 108",viewsari:buonarroti-michelagnolo,viewsari:granacci-francesco-il-granaccio,viewsari:cooccurrence_extraction_buo-gra_1,viewsari:annotation_25095
viewsari:cooccurrence_buo-ghi_1_02,viewsari:cooccurrence,"Co-occurrence of Buonarroti, Michelagnolo and Ghirlandajo, Domenico, Vol. 6, Para. 102",viewsari:buonarroti-michelagnolo,viewsari:ghirlandajo-domenico,viewsari:cooccurrence_extraction_buo-ghi_1_02,viewsari:annotation_25096
viewsari:cooccurrence_ghi-gra_1,viewsari:cooccurrence,"Co-occurrence of Ghirlandajo, Domenico and Granacci, Francesco (Il Granaccio), Vol. 6, Para. 102",viewsari:ghirlandajo-domenico,viewsari:granacci-francesco-il-granaccio,viewsari:cooccurrence_extraction_ghi-gra_1,viewsari:annotation_25097
viewsari:cooccurrence_agn-bru_1,viewsari:cooccurrence,"Co-occurrence of Agnolo, Baccio d' (Baccio Baglioni) and Brunelleschi, Filippo (Filippo di Ser Brunellesco), Vol. 6, Para. 118",viewsari:agnolo-baccio-d-baccio-baglioni,viewsari:brunelleschi-filippo-filippo-di-ser-brunellesco,viewsari:cooccurrence_extraction_agn-bru_1,viewsari:annotation_25098
viewsari:cooccurrence_agn-buo_1,viewsari:cooccurrence,"Co-occurrence of Agnolo, Baccio d' (Baccio Baglioni) and Buonarroti, Michelagnolo, Vol. 6, Para. 118",viewsari:agnolo-baccio-d-baccio-baglioni,viewsari:buonarroti-michelagnolo,viewsari:cooccurrence_extraction_agn-buo_1,viewsari:annotation_25099
viewsari:cooccurrence_bru-buo_1,viewsari:cooccurrence,"Co-occurrence of Brunelleschi, Filippo (Filippo di Ser Brunellesco) and Buonarroti, Michelagnolo, Vol. 6, Para. 118",viewsari:brunelleschi-filippo-filippo-di-ser-brunellesco,viewsari:buonarroti-michelagnolo,viewsari:cooccurrence_extraction_bru-buo_1,viewsari:annotation_25100
viewsari:cooccurrence_agn-agn_1,viewsari:cooccurrence,"Co-occurrence of Agnolo, Baccio d' (Baccio Baglioni) and Agnolo, Giuliano di Baccio d', Vol. 6, Para. 120",viewsari:agnolo-baccio-d-baccio-baglioni,viewsari:agnolo-giuliano-di-baccio-d,viewsari:cooccurrence_extraction_agn-agn_1,viewsari:annotation_25101
viewsari:cooccurrence_ban-agn_1,viewsari:cooccurrence,"Co-occurrence of Bandinelli, Baccio (Baccio de' Brandini) and Agnolo, Giuliano di Baccio d', Vol. 6, Para. 120",viewsari:bandinelli-baccio-baccio-de-brandini,viewsari:agnolo-giuliano-di-baccio-d,viewsari:cooccurrence_extraction_ban-agn_1,viewsari:annotation_25102
viewsari:cooccurrence_agn-ban_2,viewsari:cooccurrence,"Co-occurrence of Agnolo, Giuliano di Baccio d' and Bandinelli, Baccio (Baccio de' Brandini), Vol. 6, Para. 123",viewsari:agnolo-giuliano-di-baccio-d,viewsari:bandinelli-baccio-baccio-de-brandini,viewsari:cooccurrence_extraction_agn-ban_2,viewsari:annotation_25103
viewsari:cooccurrence_buo-sch_1,viewsari:cooccurrence,"Co-occurrence of Buonarroti, Michelagnolo and Schongauer, Martin (Martino), Vol. 6, Para. 155",viewsari:buonarroti-michelagnolo,viewsari:schongauer-martin-martino,viewsari:cooccurrence_extraction_buo-sch_1,viewsari:annotation_25104
viewsari:cooccurrence_d-r-ley_1,viewsari:cooccurrence,"Co-occurrence of Dòrer, Albrecht and Leyden, Lucas van (Lucas of Holland), Vol. 6, Para. 166",viewsari:d-rer-albrecht,viewsari:leyden-lucas-van-lucas-of-holland,viewsari:cooccurrence_extraction_d-r-ley_1,viewsari:annotation_25105
viewsari:cooccurrence_rom-san_3,viewsari:cooccurrence,"Co-occurrence of Romano, Giulio (Giulio Pippi de' Giannuzzi) and Sanzio, Raffaello (Raffaello da Urbino), Vol. 6, Para. 238",viewsari:romano-giulio-giulio-pippi-de-giannuzzi,viewsari:sanzio-raffaello-raffaello-da-urbino,viewsari:cooccurrence_extraction_rom-san_3,viewsari:annotation_25106
viewsari:cooccurrence_sar-vin_1,viewsari:cooccurrence,"Co-occurrence of Sarto, Andrea del (Andrea d' Agnolo) and Viniziano, Agostino (Agostino de' Musi), Vol. 6, Para. 180",viewsari:sarto-andrea-del-andrea-d-agnolo,viewsari:viniziano-agostino-agostino-de-musi,viewsari:cooccurrence_extraction_sar-vin_1,viewsari:annotation_25107
viewsari:cooccurrence_den-sar_1,viewsari:cooccurrence,"Co-occurrence of Dente, Marco (Marco da Ravenna) and Sarto, Andrea del (Andrea d' Agnolo), Vol. 6, Para. 180",viewsari:dente-marco-marco-da-ravenna,viewsari:sarto-andrea-del-andrea-d-agnolo,viewsari:cooccurrence_extraction_den-sar_1,viewsari:annotation_25108
viewsari:cooccurrence_den-vin_1,viewsari:cooccurrence,"Co-occurrence of Dente, Marco (Marco da Ravenna) and Viniziano, Agostino (Agostino de' Musi), Vol. 6, Para. 180",viewsari:dente-marco-marco-da-ravenna,viewsari:viniziano-agostino-agostino-de-musi,viewsari:cooccurrence_extraction_den-vin_1,viewsari:annotation_25109
viewsari:cooccurrence_car-san_1,viewsari:cooccurrence,"Co-occurrence of Carpi, Ugo da and Sanzio, Raffaello (Raffaello da Urbino), Vol. 6, Para. 181",viewsari:carpi-ugo-da,viewsari:sanzio-raffaello-raffaello-da-urbino,viewsari:cooccurrence_extraction_car-san_1,viewsari:annotation_25110
viewsari:cooccurrence_buo-car_1,viewsari:cooccurrence,"Co-occurrence of Buonarroti, Michelagnolo and Carpi, Ugo da, Vol. 6, Para. 182",viewsari:buonarroti-michelagnolo,viewsari:carpi-ugo-da,viewsari:cooccurrence_extraction_buo-car_1,viewsari:annotation_25111
viewsari:cooccurrence_maz-tre_1,viewsari:cooccurrence,"Co-occurrence of Mazzuoli, Francesco (Parmigiano) and Trento, Antonio da (Antonio Fantuzzi), Vol. 6, Para. 183",viewsari:mazzuoli-francesco-parmigiano,viewsari:trento-antonio-da-antonio-fantuzzi,viewsari:cooccurrence_extraction_maz-tre_1,viewsari:annotation_25112
viewsari:cooccurrence_bec-tre_1,viewsari:cooccurrence,"Co-occurrence of Beccafumi, Domenico (Domenico di Pace) and Trento, Antonio da (Antonio Fantuzzi), Vol. 6, Para. 183",viewsari:beccafumi-domenico-domenico-di-pace,viewsari:trento-antonio-da-antonio-fantuzzi,viewsari:cooccurrence_extraction_bec-tre_1,viewsari:annotation_25113
viewsari:cooccurrence_bec-maz_1,viewsari:cooccurrence,"Co-occurrence of Beccafumi, Domenico (Domenico di Pace) and Mazzuoli, Francesco (Parmigiano), Vol. 6, Para. 183",viewsari:beccafumi-domenico-domenico-di-pace,viewsari:mazzuoli-francesco-parmigiano,viewsari:cooccurrence_extraction_bec-maz_1,viewsari:annotation_25114
viewsari:cooccurrence_bav-ros_1,viewsari:cooccurrence,"Co-occurrence of Baviera and Rosso, Il (Giovan Battista de' Rossi), Vol. 6, Para. 187",viewsari:baviera,viewsari:rosso-il-giovan-battista-de-rossi,viewsari:cooccurrence_extraction_bav-ros_1,viewsari:annotation_25115
viewsari:cooccurrence_car-ros_1,viewsari:cooccurrence,"Co-occurrence of Caraglio, Giovanni Jacopo and Rosso, Il (Giovan Battista de' Rossi), Vol. 6, Para. 187",viewsari:caraglio-giovanni-jacopo,viewsari:rosso-il-giovan-battista-de-rossi,viewsari:cooccurrence_extraction_car-ros_1,viewsari:annotation_25116
viewsari:cooccurrence_bav-car_1,viewsari:cooccurrence,"Co-occurrence of Baviera and Caraglio, Giovanni Jacopo, Vol. 6, Para. 187",viewsari:baviera,viewsari:caraglio-giovanni-jacopo,viewsari:cooccurrence_extraction_bav-car_1,viewsari:annotation_25117
viewsari:cooccurrence_car-vec_1_01,viewsari:cooccurrence,"Co-occurrence of Caraglio, Giovanni Jacopo and Vecelli, Tiziano (Tiziano da Cadore), Vol. 6, Para. 188",viewsari:caraglio-giovanni-jacopo,viewsari:vecelli-tiziano-tiziano-da-cadore,viewsari:cooccurrence_extraction_car-vec_1_01,viewsari:annotation_25118
viewsari:cooccurrence_buo-ros_1,viewsari:cooccurrence,"Co-occurrence of Buonarroti, Michelagnolo and Rosso, Il (Giovan Battista de' Rossi), Vol. 6, Para. 191",viewsari:buonarroti-michelagnolo,viewsari:rosso-il-giovan-battista-de-rossi,viewsari:cooccurrence_extraction_buo-ros_1,viewsari:annotation_25119
viewsari:cooccurrence_ban-ros_1_01,viewsari:cooccurrence,"Co-occurrence of Bandinelli, Baccio (Baccio de' Brandini) and Rosso, Il (Giovan Battista de' Rossi), Vol. 6, Para. 191",viewsari:bandinelli-baccio-baccio-de-brandini,viewsari:rosso-il-giovan-battista-de-rossi,viewsari:cooccurrence_extraction_ban-ros_1_01,viewsari:annotation_25120
viewsari:cooccurrence_ros-vic_1,viewsari:cooccurrence,"Co-occurrence of Rosso, Il (Giovan Battista de' Rossi) and Vico, Enea, Vol. 6, Para. 191",viewsari:rosso-il-giovan-battista-de-rossi,viewsari:vico-enea,viewsari:cooccurrence_extraction_ros-vic_1,viewsari:annotation_25121
viewsari:cooccurrence_ban-buo_1,viewsari:cooccurrence,"Co-occurrence of Bandinelli, Baccio (Baccio de' Brandini) and Buonarroti, Michelagnolo, Vol. 6, Para. 191",viewsari:bandinelli-baccio-baccio-de-brandini,viewsari:buonarroti-michelagnolo,viewsari:cooccurrence_extraction_ban-buo_1,viewsari:annotation_25122
viewsari:cooccurrence_buo-vic_1,viewsari:cooccurrence,"Co-occurrence of Buonarroti, Michelagnolo and Vico, Enea, Vol. 6, Para. 191",viewsari:buonarroti-michelagnolo,viewsari:vico-enea,viewsari:cooccurrence_extraction_buo-vic_1,viewsari:annotation_25123
viewsari:cooccurrence_ban-vic_1,viewsari:cooccurrence,"Co-occurrence of Bandinelli, Baccio (Baccio de' Brandini) and Vico, Enea, Vol. 6, Para. 191",viewsari:bandinelli-baccio-baccio-de-brandini,viewsari:vico-enea,viewsari:cooccurrence_extraction_ban-vic_1,viewsari:annotation_25124
viewsari:cooccurrence_buo-cav_1,viewsari:cooccurrence,"Co-occurrence of Buonarroti, Michelagnolo and Cavalieri, Giovan Battista de', Vol. 6, Para. 194",viewsari:buonarroti-michelagnolo,viewsari:cavalieri-giovan-battista-de,viewsari:cooccurrence_extraction_buo-cav_1,viewsari:annotation_25125
viewsari:cooccurrence_coc-hee_1,viewsari:cooccurrence,"Co-occurrence of Cock, Hieronymus and Heemskerk, Martin, Vol. 6, Para. 200",viewsari:cock-hieronymus,viewsari:heemskerk-martin,viewsari:cooccurrence_extraction_coc-hee_1,viewsari:annotation_25126
viewsari:cooccurrence_bos-bro_1,viewsari:cooccurrence,"Co-occurrence of Bosch, Hieronymus and Bronzino, Agnolo, Vol. 6, Para. 203",viewsari:bosch-hieronymus,viewsari:bronzino-agnolo,viewsari:cooccurrence_extraction_bos-bro_1,viewsari:annotation_25127
viewsari:cooccurrence_bol-san_2,viewsari:cooccurrence,"Co-occurrence of Bolognese, Marc' Antonio (Marc' Antonio Raimondi, or de' Franci) and Sanzio, Raffaello (Raffaello da Urbino), Vol. 6, Para. 205",viewsari:bolognese-marc-antonio-marc-antonio-raimondi-or-de-franci,viewsari:sanzio-raffaello-raffaello-da-urbino,viewsari:cooccurrence_extraction_bol-san_2,viewsari:annotation_25128
viewsari:cooccurrence_san-san_1_06,viewsari:cooccurrence,"Co-occurrence of San Gallo, Antonio da (the younger) and San Gallo, Giuliano da, Vol. 6, Para. 208",viewsari:san-gallo-antonio-da-the-younger,viewsari:san-gallo-giuliano-da,viewsari:cooccurrence_extraction_san-san_1_06,viewsari:annotation_25129
viewsari:cooccurrence_san-urb_1_05,viewsari:cooccurrence,"Co-occurrence of San Gallo, Antonio da (the younger) and Urbino, Bramante da, Vol. 6, Para. 208",viewsari:san-gallo-antonio-da-the-younger,viewsari:urbino-bramante-da,viewsari:cooccurrence_extraction_san-urb_1_05,viewsari:annotation_25130
viewsari:cooccurrence_gio-mar_1,viewsari:cooccurrence,"Co-occurrence of Giocondo, Fra and Marchissi, Antonio di Giorgio, Vol. 6, Para. 211",viewsari:giocondo-fra,viewsari:marchissi-antonio-di-giorgio,viewsari:cooccurrence_extraction_gio-mar_1,viewsari:annotation_25131
viewsari:cooccurrence_gio-san_1_04,viewsari:cooccurrence,"Co-occurrence of Giocondo, Fra and San Gallo, Antonio da (the younger), Vol. 6, Para. 211",viewsari:giocondo-fra,viewsari:san-gallo-antonio-da-the-younger,viewsari:cooccurrence_extraction_gio-san_1_04,viewsari:annotation_25132
viewsari:cooccurrence_mar-san_1_01,viewsari:cooccurrence,"Co-occurrence of Marchissi, Antonio di Giorgio and San Gallo, Giuliano da, Vol. 6, Para. 211",viewsari:marchissi-antonio-di-giorgio,viewsari:san-gallo-giuliano-da,viewsari:cooccurrence_extraction_mar-san_1_01,viewsari:annotation_25133
viewsari:cooccurrence_san-san_2_03,viewsari:cooccurrence,"Co-occurrence of San Gallo, Antonio da (the younger) and San Gallo, Giuliano da, Vol. 6, Para. 211",viewsari:san-gallo-antonio-da-the-younger,viewsari:san-gallo-giuliano-da,viewsari:cooccurrence_extraction_san-san_2_03,viewsari:annotation_25134
viewsari:cooccurrence_mar-san_1_02,viewsari:cooccurrence,"Co-occurrence of Marchissi, Antonio di Giorgio and Sanzio, Raffaello (Raffaello da Urbino), Vol. 6, Para. 211",viewsari:marchissi-antonio-di-giorgio,viewsari:sanzio-raffaello-raffaello-da-urbino,viewsari:cooccurrence_extraction_mar-san_1_02,viewsari:annotation_25135
viewsari:cooccurrence_san-san_1_07,viewsari:cooccurrence,"Co-occurrence of San Gallo, Antonio da (the younger) and Sanzio, Raffaello (Raffaello da Urbino), Vol. 6, Para. 211",viewsari:san-gallo-antonio-da-the-younger,viewsari:sanzio-raffaello-raffaello-da-urbino,viewsari:cooccurrence_extraction_san-san_1_07,viewsari:annotation_25136
viewsari:cooccurrence_san-san_1_08,viewsari:cooccurrence,"Co-occurrence of San Gallo, Antonio da (the younger) and Sansovino, Jacopo (Jacopo Tatti), Vol. 6, Para. 213",viewsari:san-gallo-antonio-da-the-younger,viewsari:sansovino-jacopo-jacopo-tatti,viewsari:cooccurrence_extraction_san-san_1_08,viewsari:annotation_25137
viewsari:cooccurrence_buo-san_1_03,viewsari:cooccurrence,"Co-occurrence of Buonarroti, Michelagnolo and San Gallo, Antonio da (the younger), Vol. 6, Para. 228",viewsari:buonarroti-michelagnolo,viewsari:san-gallo-antonio-da-the-younger,viewsari:cooccurrence_extraction_buo-san_1_03,viewsari:annotation_25138
viewsari:cooccurrence_mel-san_1,viewsari:cooccurrence,"Co-occurrence of Melighino, Jacomo (Jacopo Melighini) and San Gallo, Antonio da (the younger), Vol. 6, Para. 233",viewsari:melighino-jacomo-jacopo-melighini,viewsari:san-gallo-antonio-da-the-younger,viewsari:cooccurrence_extraction_mel-san_1,viewsari:annotation_25139
viewsari:cooccurrence_man-rom_1,viewsari:cooccurrence,"Co-occurrence of Mantovano, Rinaldo and Romano, Giulio (Giulio Pippi de' Giannuzzi), Vol. 6, Para. 260",viewsari:mantovano-rinaldo,viewsari:romano-giulio-giulio-pippi-de-giannuzzi,viewsari:cooccurrence_extraction_man-rom_1,viewsari:annotation_25140
viewsari:cooccurrence_d-r-rom_1,viewsari:cooccurrence,"Co-occurrence of Dòrer, Albrecht and Romano, Giulio (Giulio Pippi de' Giannuzzi), Vol. 6, Para. 268",viewsari:d-rer-albrecht,viewsari:romano-giulio-giulio-pippi-de-giannuzzi,viewsari:cooccurrence_extraction_d-r-rom_1,viewsari:annotation_25141
viewsari:cooccurrence_buo-rom_1,viewsari:cooccurrence,"Co-occurrence of Buonarroti, Michelagnolo and Romano, Giulio (Giulio Pippi de' Giannuzzi), Vol. 6, Para. 270",viewsari:buonarroti-michelagnolo,viewsari:romano-giulio-giulio-pippi-de-giannuzzi,viewsari:cooccurrence_extraction_buo-rom_1,viewsari:annotation_25142
viewsari:cooccurrence_bel-pio_1,viewsari:cooccurrence,"Co-occurrence of Bellini, Giovanni and Piombo, Fra Sebastiano Viniziano del (Sebastiano Luciani), Vol. 6, Para. 277",viewsari:bellini-giovanni,viewsari:piombo-fra-sebastiano-viniziano-del-sebastiano-luciani,viewsari:cooccurrence_extraction_bel-pio_1,viewsari:annotation_25143
viewsari:cooccurrence_cas-pio_1,viewsari:cooccurrence,"Co-occurrence of Castelfranco, Giorgione da and Piombo, Fra Sebastiano Viniziano del (Sebastiano Luciani), Vol. 6, Para. 277",viewsari:castelfranco-giorgione-da,viewsari:piombo-fra-sebastiano-viniziano-del-sebastiano-luciani,viewsari:cooccurrence_extraction_cas-pio_1,viewsari:annotation_25144
viewsari:cooccurrence_bel-cas_1,viewsari:cooccurrence,"Co-occurrence of Bellini, Giovanni and Castelfranco, Giorgione da, Vol. 6, Para. 277",viewsari:bellini-giovanni,viewsari:castelfranco-giorgione-da,viewsari:cooccurrence_extraction_bel-cas_1,viewsari:annotation_25145
viewsari:cooccurrence_pio-san_1,viewsari:cooccurrence,"Co-occurrence of Piombo, Fra Sebastiano Viniziano del (Sebastiano Luciani) and Sanzio, Raffaello (Raffaello da Urbino), Vol. 6, Para. 278",viewsari:piombo-fra-sebastiano-viniziano-del-sebastiano-luciani,viewsari:sanzio-raffaello-raffaello-da-urbino,viewsari:cooccurrence_extraction_pio-san_1,viewsari:annotation_25146
viewsari:cooccurrence_buo-san_2_01,viewsari:cooccurrence,"Co-occurrence of Buonarroti, Michelagnolo and Sanzio, Raffaello (Raffaello da Urbino), Vol. 6, Para. 355",viewsari:buonarroti-michelagnolo,viewsari:sanzio-raffaello-raffaello-da-urbino,viewsari:cooccurrence_extraction_buo-san_2_01,viewsari:annotation_25147
viewsari:cooccurrence_buo-pio_1,viewsari:cooccurrence,"Co-occurrence of Buonarroti, Michelagnolo and Piombo, Fra Sebastiano Viniziano del (Sebastiano Luciani), Vol. 6, Para. 280",viewsari:buonarroti-michelagnolo,viewsari:piombo-fra-sebastiano-viniziano-del-sebastiano-luciani,viewsari:cooccurrence_extraction_buo-pio_1,viewsari:annotation_25148
viewsari:cooccurrence_sal-san_1_01,viewsari:cooccurrence,"Co-occurrence of Salviati, Francesco (Francesco de' Rossi) and Sanzio, Raffaello (Raffaello da Urbino), Vol. 6, Para. 282",viewsari:salviati-francesco-francesco-de-rossi,viewsari:sanzio-raffaello-raffaello-da-urbino,viewsari:cooccurrence_extraction_sal-san_1_01,viewsari:annotation_25149
viewsari:cooccurrence_pio-sal_1,viewsari:cooccurrence,"Co-occurrence of Piombo, Fra Sebastiano Viniziano del (Sebastiano Luciani) and Salviati, Francesco (Francesco de' Rossi), Vol. 6, Para. 282",viewsari:piombo-fra-sebastiano-viniziano-del-sebastiano-luciani,viewsari:salviati-francesco-francesco-de-rossi,viewsari:cooccurrence_extraction_pio-sal_1,viewsari:annotation_25150
viewsari:cooccurrence_pio-udi_1,viewsari:cooccurrence,"Co-occurrence of Piombo, Fra Sebastiano Viniziano del (Sebastiano Luciani) and Udine, Giovanni da (Giovanni Nanni, or de' Ricamatori), Vol. 6, Para. 287",viewsari:piombo-fra-sebastiano-viniziano-del-sebastiano-luciani,viewsari:udine-giovanni-da-giovanni-nanni-or-de-ricamatori,viewsari:cooccurrence_extraction_pio-udi_1,viewsari:annotation_25151
viewsari:cooccurrence_bug-buo_1,viewsari:cooccurrence,"Co-occurrence of Bugiardini, Giuliano and Buonarroti, Michelagnolo, Vol. 6, Para. 291",viewsari:bugiardini-giuliano,viewsari:buonarroti-michelagnolo,viewsari:cooccurrence_extraction_bug-buo_1,viewsari:annotation_25152
viewsari:cooccurrence_bug-pio_1,viewsari:cooccurrence,"Co-occurrence of Bugiardini, Giuliano and Piombo, Fra Sebastiano Viniziano del (Sebastiano Luciani), Vol. 6, Para. 291",viewsari:bugiardini-giuliano,viewsari:piombo-fra-sebastiano-viniziano-del-sebastiano-luciani,viewsari:cooccurrence_extraction_bug-pio_1,viewsari:annotation_25153
viewsari:cooccurrence_cer-vag_1,viewsari:cooccurrence,"Co-occurrence of Ceri, Andrea de' and Vaga, Perino del (Perino Buonaccorsi, or de' Ceri), Vol. 6, Para. 299",viewsari:ceri-andrea-de,viewsari:vaga-perino-del-perino-buonaccorsi-or-de-ceri,viewsari:cooccurrence_extraction_cer-vag_1,viewsari:annotation_25154
viewsari:cooccurrence_ghi-vag_1,viewsari:cooccurrence,"Co-occurrence of Ghirlandajo, Ridolfo and Vaga, Perino del (Perino Buonaccorsi, or de' Ceri), Vol. 6, Para. 300",viewsari:ghirlandajo-ridolfo,viewsari:vaga-perino-del-perino-buonaccorsi-or-de-ceri,viewsari:cooccurrence_extraction_ghi-vag_1,viewsari:annotation_25155
viewsari:cooccurrence_cer-ghi_1,viewsari:cooccurrence,"Co-occurrence of Ceri, Andrea de' and Ghirlandajo, Ridolfo, Vol. 6, Para. 300",viewsari:ceri-andrea-de,viewsari:ghirlandajo-ridolfo,viewsari:cooccurrence_extraction_cer-ghi_1,viewsari:annotation_25156
viewsari:cooccurrence_vag-vag_1_01,viewsari:cooccurrence,"Co-occurrence of Vaga, Perino del (Perino Buonaccorsi, or de' Ceri) and Vaga, Vol. 6, Para. 301",viewsari:vaga-perino-del-perino-buonaccorsi-or-de-ceri,viewsari:vaga,viewsari:cooccurrence_extraction_vag-vag_1_01,viewsari:annotation_25157
viewsari:cooccurrence_san-udi_2,viewsari:cooccurrence,"Co-occurrence of Sanzio, Raffaello (Raffaello da Urbino) and Udine, Giovanni da (Giovanni Nanni, or de' Ricamatori), Vol. 6, Para. 304",viewsari:sanzio-raffaello-raffaello-da-urbino,viewsari:udine-giovanni-da-giovanni-nanni-or-de-ricamatori,viewsari:cooccurrence_extraction_san-udi_2,viewsari:annotation_25159
viewsari:cooccurrence_san-vag_1_01,viewsari:cooccurrence,"Co-occurrence of Sanzio, Raffaello (Raffaello da Urbino) and Vaga, Perino del (Perino Buonaccorsi, or de' Ceri), Vol. 6, Para. 304",viewsari:sanzio-raffaello-raffaello-da-urbino,viewsari:vaga-perino-del-perino-buonaccorsi-or-de-ceri,viewsari:cooccurrence_extraction_san-vag_1_01,viewsari:annotation_25160
viewsari:cooccurrence_udi-vag_1,viewsari:cooccurrence,"Co-occurrence of Udine, Giovanni da (Giovanni Nanni, or de' Ricamatori) and Vaga, Perino del (Perino Buonaccorsi, or de' Ceri), Vol. 6, Para. 304",viewsari:udine-giovanni-da-giovanni-nanni-or-de-ricamatori,viewsari:vaga-perino-del-perino-buonaccorsi-or-de-ceri,viewsari:cooccurrence_extraction_udi-vag_1,viewsari:annotation_25161
viewsari:cooccurrence_san-vag_1_02,viewsari:cooccurrence,"Co-occurrence of San Gallo, Antonio da (the younger) and Vaga, Perino del (Perino Buonaccorsi, or de' Ceri), Vol. 6, Para. 312",viewsari:san-gallo-antonio-da-the-younger,viewsari:vaga-perino-del-perino-buonaccorsi-or-de-ceri,viewsari:cooccurrence_extraction_san-vag_1_02,viewsari:annotation_25162
viewsari:cooccurrence_pil-vag_1,viewsari:cooccurrence,"Co-occurrence of Piloto and Vaga, Perino del (Perino Buonaccorsi, or de' Ceri), Vol. 6, Para. 316",viewsari:piloto,viewsari:vaga-perino-del-perino-buonaccorsi-or-de-ceri,viewsari:cooccurrence_extraction_pil-vag_1,viewsari:annotation_25163
viewsari:cooccurrence_cer-pil_1,viewsari:cooccurrence,"Co-occurrence of Ceri, Andrea de' and Piloto, Vol. 6, Para. 316",viewsari:ceri-andrea-de,viewsari:piloto,viewsari:cooccurrence_extraction_cer-pil_1,viewsari:annotation_25164
viewsari:cooccurrence_mas-vag_1,viewsari:cooccurrence,"Co-occurrence of Masaccio and Vaga, Perino del (Perino Buonaccorsi, or de' Ceri), Vol. 6, Para. 316",viewsari:masaccio,viewsari:vaga-perino-del-perino-buonaccorsi-or-de-ceri,viewsari:cooccurrence_extraction_mas-vag_1,viewsari:annotation_25165
viewsari:cooccurrence_rom-vag_1,viewsari:cooccurrence,"Co-occurrence of Romano, Giulio (Giulio Pippi de' Giannuzzi) and Vaga, Perino del (Perino Buonaccorsi, or de' Ceri), Vol. 6, Para. 323",viewsari:romano-giulio-giulio-pippi-de-giannuzzi,viewsari:vaga-perino-del-perino-buonaccorsi-or-de-ceri,viewsari:cooccurrence_extraction_rom-vag_1,viewsari:annotation_25166
viewsari:cooccurrence_vag-vin_1,viewsari:cooccurrence,"Co-occurrence of Vaga, Perino del (Perino Buonaccorsi, or de' Ceri) and Viniziano, Niccola, Vol. 6, Para. 325",viewsari:vaga-perino-del-perino-buonaccorsi-or-de-ceri,viewsari:viniziano-niccola,viewsari:cooccurrence_extraction_vag-vin_1,viewsari:annotation_25167
viewsari:cooccurrence_tre-vag_1,viewsari:cooccurrence,"Co-occurrence of Treviso, Girolamo da (Girolamo Trevigi) and Vaga, Perino del (Perino Buonaccorsi, or de' Ceri), Vol. 6, Para. 326",viewsari:treviso-girolamo-da-girolamo-trevigi,viewsari:vaga-perino-del-perino-buonaccorsi-or-de-ceri,viewsari:cooccurrence_extraction_tre-vag_1,viewsari:annotation_25168
viewsari:cooccurrence_sog-vag_2,viewsari:cooccurrence,"Co-occurrence of Sogliani, Giovanni Antonio and Vaga, Perino del (Perino Buonaccorsi, or de' Ceri), Vol. 6, Para. 330",viewsari:sogliani-giovanni-antonio,viewsari:vaga-perino-del-perino-buonaccorsi-or-de-ceri,viewsari:cooccurrence_extraction_sog-vag_2,viewsari:annotation_25169
viewsari:cooccurrence_vag-vec_1,viewsari:cooccurrence,"Co-occurrence of Vaga, Perino del (Perino Buonaccorsi, or de' Ceri) and Vecelli, Tiziano (Tiziano da Cadore), Vol. 6, Para. 340",viewsari:vaga-perino-del-perino-buonaccorsi-or-de-ceri,viewsari:vecelli-tiziano-tiziano-da-cadore,viewsari:cooccurrence_extraction_vag-vec_1,viewsari:annotation_25170
viewsari:cooccurrence_baz-bec_1,viewsari:cooccurrence,"Co-occurrence of Bazzi, Giovanni Antonio (Il Sodoma) and Beccafumi, Domenico (Domenico di Pace), Vol. 6, Para. 356",viewsari:bazzi-giovanni-antonio-il-sodoma,viewsari:beccafumi-domenico-domenico-di-pace,viewsari:cooccurrence_extraction_baz-bec_1,viewsari:annotation_25171
viewsari:cooccurrence_bec-duc_1,viewsari:cooccurrence,"Co-occurrence of Beccafumi, Domenico (Domenico di Pace) and Duccio, Vol. 6, Para. 369",viewsari:beccafumi-domenico-domenico-di-pace,viewsari:duccio,viewsari:cooccurrence_extraction_bec-duc_1,viewsari:annotation_25172
viewsari:cooccurrence_bec-sog_1,viewsari:cooccurrence,"Co-occurrence of Beccafumi, Domenico (Domenico di Pace) and Sogliani, Giovanni Antonio, Vol. 6, Para. 372",viewsari:beccafumi-domenico-domenico-di-pace,viewsari:sogliani-giovanni-antonio,viewsari:cooccurrence_extraction_bec-sog_1,viewsari:annotation_25173
viewsari:cooccurrence_bec-cat_1,viewsari:cooccurrence,"Co-occurrence of Beccafumi, Domenico (Domenico di Pace) and Catanei, Piero, Vol. 6, Para. 376",viewsari:beccafumi-domenico-domenico-di-pace,viewsari:catanei-piero,viewsari:cooccurrence_extraction_bec-cat_1,viewsari:annotation_25174
viewsari:cooccurrence_lap-pon_1,viewsari:cooccurrence,"Co-occurrence of Lappoli, Giovanni Antonio and Pontormo, Jacopo da (Jacopo Carrucci), Vol. 6, Para. 380",viewsari:lappoli-giovanni-antonio,viewsari:pontormo-jacopo-da-jacopo-carrucci,viewsari:cooccurrence_extraction_lap-pon_1,viewsari:annotation_25175
viewsari:cooccurrence_lap-ros_1,viewsari:cooccurrence,"Co-occurrence of Lappoli, Giovanni Antonio and Rosso, Il (Giovan Battista de' Rossi), Vol. 6, Para. 386",viewsari:lappoli-giovanni-antonio,viewsari:rosso-il-giovan-battista-de-rossi,viewsari:cooccurrence_extraction_lap-ros_1,viewsari:annotation_25176
viewsari:cooccurrence_ros-vas_1,viewsari:cooccurrence,"Co-occurrence of Rosso, Il (Giovan Battista de' Rossi) and Vasari, Giorgio, Vol. 6, Para. 386",viewsari:rosso-il-giovan-battista-de-rossi,viewsari:vasari-giorgio,viewsari:cooccurrence_extraction_ros-vas_1,viewsari:annotation_25177
viewsari:cooccurrence_lap-vas_1,viewsari:cooccurrence,"Co-occurrence of Lappoli, Giovanni Antonio and Vasari, Giorgio, Vol. 6, Para. 389",viewsari:lappoli-giovanni-antonio,viewsari:vasari-giorgio,viewsari:cooccurrence_extraction_lap-vas_1,viewsari:annotation_25178
viewsari:cooccurrence_clo-tor_1,viewsari:cooccurrence,"Co-occurrence of Clovio, Don Giulio and Torri, Bartolommeo, Vol. 6, Para. 392",viewsari:clovio-don-giulio,viewsari:torri-bartolommeo,viewsari:cooccurrence_extraction_clo-tor_1,viewsari:annotation_25179
viewsari:cooccurrence_tri-ung_1,viewsari:cooccurrence,"Co-occurrence of Tribolo (Niccolò) and Unghero, Nanni, Vol. 7, Para. 2",viewsari:tribolo-niccol,viewsari:unghero-nanni,viewsari:cooccurrence_extraction_tri-ung_1,viewsari:annotation_25180
viewsari:cooccurrence_sar-ung_1,viewsari:cooccurrence,"Co-occurrence of Sarto, Andrea del (Andrea d' Agnolo) and Unghero, Nanni, Vol. 7, Para. 2",viewsari:sarto-andrea-del-andrea-d-agnolo,viewsari:unghero-nanni,viewsari:cooccurrence_extraction_sar-ung_1,viewsari:annotation_25181
viewsari:cooccurrence_sar-tri_1,viewsari:cooccurrence,"Co-occurrence of Sarto, Andrea del (Andrea d' Agnolo) and Tribolo (Niccolò), Vol. 7, Para. 2",viewsari:sarto-andrea-del-andrea-d-agnolo,viewsari:tribolo-niccol,viewsari:cooccurrence_extraction_sar-tri_1,viewsari:annotation_25182
viewsari:cooccurrence_san-tri_1_01,viewsari:cooccurrence,"Co-occurrence of Sansovino, Jacopo (Jacopo Tatti) and Tribolo (Niccolò), Vol. 7, Para. 3",viewsari:sansovino-jacopo-jacopo-tatti,viewsari:tribolo-niccol,viewsari:cooccurrence_extraction_san-tri_1_01,viewsari:annotation_25183
viewsari:cooccurrence_con-tri_1,viewsari:cooccurrence,"Co-occurrence of Contucci, Andrea (Andrea Sansovino) and Tribolo (Niccolò), Vol. 7, Para. 8",viewsari:contucci-andrea-andrea-sansovino,viewsari:tribolo-niccol,viewsari:cooccurrence_extraction_con-tri_1,viewsari:annotation_25184
viewsari:cooccurrence_buo-tri_1,viewsari:cooccurrence,"Co-occurrence of Buonarroti, Michelagnolo and Tribolo (Niccolò), Vol. 7, Para. 38",viewsari:buonarroti-michelagnolo,viewsari:tribolo-niccol,viewsari:cooccurrence_extraction_buo-tri_1,viewsari:annotation_25185
viewsari:cooccurrence_tri-vas_1,viewsari:cooccurrence,"Co-occurrence of Tribolo (Niccolò) and Vasari, Giorgio, Vol. 7, Para. 11",viewsari:tribolo-niccol,viewsari:vasari-giorgio,viewsari:cooccurrence_extraction_tri-vas_1,viewsari:annotation_25186
viewsari:cooccurrence_buo-vas_1,viewsari:cooccurrence,"Co-occurrence of Buonarroti, Michelagnolo and Vasari, Giorgio, Vol. 7, Para. 128",viewsari:buonarroti-michelagnolo,viewsari:vasari-giorgio,viewsari:cooccurrence_extraction_buo-vas_1,viewsari:annotation_25187
viewsari:cooccurrence_ban-tri_1,viewsari:cooccurrence,"Co-occurrence of Bandinelli, Baccio (Baccio de' Brandini) and Tribolo (Niccolò), Vol. 7, Para. 33",viewsari:bandinelli-baccio-baccio-de-brandini,viewsari:tribolo-niccol,viewsari:cooccurrence_extraction_ban-tri_1,viewsari:annotation_25188
viewsari:cooccurrence_san-tri_1_02,viewsari:cooccurrence,"Co-occurrence of San Gallo, Aristotile (Bastiano) da and Tribolo (Niccolò), Vol. 7, Para. 36",viewsari:san-gallo-aristotile-bastiano-da,viewsari:tribolo-niccol,viewsari:cooccurrence_extraction_san-tri_1_02,viewsari:annotation_25189
viewsari:cooccurrence_tas-tri_1,viewsari:cooccurrence,"Co-occurrence of Tasso, Battista del and Tribolo (Niccolò), Vol. 7, Para. 37",viewsari:tasso-battista-del,viewsari:tribolo-niccol,viewsari:cooccurrence_extraction_tas-tri_1,viewsari:annotation_25190
viewsari:cooccurrence_don-tas_1,viewsari:cooccurrence,"Co-occurrence of Donato (Donatello) and Tasso, Battista del, Vol. 7, Para. 37",viewsari:donato-donatello,viewsari:tasso-battista-del,viewsari:cooccurrence_extraction_don-tas_1,viewsari:annotation_25191
viewsari:cooccurrence_don-tri_1,viewsari:cooccurrence,"Co-occurrence of Donato (Donatello) and Tribolo (Niccolò), Vol. 7, Para. 37",viewsari:donato-donatello,viewsari:tribolo-niccol,viewsari:cooccurrence_extraction_don-tri_1,viewsari:annotation_25192
viewsari:cooccurrence_pon-tri_1,viewsari:cooccurrence,"Co-occurrence of Pontormo, Jacopo da (Jacopo Carrucci) and Tribolo (Niccolò), Vol. 7, Para. 37",viewsari:pontormo-jacopo-da-jacopo-carrucci,viewsari:tribolo-niccol,viewsari:cooccurrence_extraction_pon-tri_1,viewsari:annotation_25193
viewsari:cooccurrence_pon-tas_1,viewsari:cooccurrence,"Co-occurrence of Pontormo, Jacopo da (Jacopo Carrucci) and Tasso, Battista del, Vol. 7, Para. 37",viewsari:pontormo-jacopo-da-jacopo-carrucci,viewsari:tasso-battista-del,viewsari:cooccurrence_extraction_pon-tas_1,viewsari:annotation_25194
viewsari:cooccurrence_ban-vin_1_01,viewsari:cooccurrence,"Co-occurrence of Bandinelli, Baccio (Baccio de' Brandini) and Vinci, Pierino (Piero) da, Vol. 7, Para. 47",viewsari:bandinelli-baccio-baccio-de-brandini,viewsari:vinci-pierino-piero-da,viewsari:cooccurrence_extraction_ban-vin_1_01,viewsari:annotation_25195
viewsari:cooccurrence_tri-vin_1,viewsari:cooccurrence,"Co-occurrence of Tribolo (Niccolò) and Vinci, Pierino (Piero) da, Vol. 7, Para. 48",viewsari:tribolo-niccol,viewsari:vinci-pierino-piero-da,viewsari:cooccurrence_extraction_tri-vin_1,viewsari:annotation_25196
viewsari:cooccurrence_vin-vin_1,viewsari:cooccurrence,"Co-occurrence of Vinci, Leonardo da and Vinci, Pierino (Piero) da, Vol. 7, Para. 50",viewsari:vinci-leonardo-da,viewsari:vinci-pierino-piero-da,viewsari:cooccurrence_extraction_vin-vin_1,viewsari:annotation_25197
viewsari:cooccurrence_ban-viv_1,viewsari:cooccurrence,"Co-occurrence of Bandinelli, Baccio (Baccio de' Brandini) and Viviano, Michelagnolo di, Vol. 7, Para. 66",viewsari:bandinelli-baccio-baccio-de-brandini,viewsari:viviano-michelagnolo-di,viewsari:cooccurrence_extraction_ban-viv_1,viewsari:annotation_25198
viewsari:cooccurrence_ban-bud_1,viewsari:cooccurrence,"Co-occurrence of Bandinelli, Baccio (Baccio de' Brandini) and Buda, Girolamo del, Vol. 7, Para. 67",viewsari:bandinelli-baccio-baccio-de-brandini,viewsari:buda-girolamo-del,viewsari:cooccurrence_extraction_ban-bud_1,viewsari:annotation_25199
viewsari:cooccurrence_ban-buo_2,viewsari:cooccurrence,"Co-occurrence of Bandinelli, Baccio (Baccio de' Brandini) and Buonarroti, Michelagnolo, Vol. 7, Para. 69",viewsari:bandinelli-baccio-baccio-de-brandini,viewsari:buonarroti-michelagnolo,viewsari:cooccurrence_extraction_ban-buo_2,viewsari:annotation_25200
viewsari:cooccurrence_ban-viv_2,viewsari:cooccurrence,"Co-occurrence of Bandinelli, Baccio (Baccio de' Brandini) and Viviano, Michelagnolo di, Vol. 7, Para. 69",viewsari:bandinelli-baccio-baccio-de-brandini,viewsari:viviano-michelagnolo-di,viewsari:cooccurrence_extraction_ban-viv_2,viewsari:annotation_25201
viewsari:cooccurrence_buo-vin_2,viewsari:cooccurrence,"Co-occurrence of Buonarroti, Michelagnolo and Vinci, Leonardo da, Vol. 7, Para. 69",viewsari:buonarroti-michelagnolo,viewsari:vinci-leonardo-da,viewsari:cooccurrence_extraction_buo-vin_2,viewsari:annotation_25202
viewsari:cooccurrence_viv-vin_1,viewsari:cooccurrence,"Co-occurrence of Viviano, Michelagnolo di and Vinci, Leonardo da, Vol. 7, Para. 69",viewsari:viviano-michelagnolo-di,viewsari:vinci-leonardo-da,viewsari:cooccurrence_extraction_viv-vin_1,viewsari:annotation_25203
viewsari:cooccurrence_ban-vin_1_02,viewsari:cooccurrence,"Co-occurrence of Bandinelli, Baccio (Baccio de' Brandini) and Vinci, Leonardo da, Vol. 7, Para. 69",viewsari:bandinelli-baccio-baccio-de-brandini,viewsari:vinci-leonardo-da,viewsari:cooccurrence_extraction_ban-vin_1_02,viewsari:annotation_25204
viewsari:cooccurrence_ban-buo_3,viewsari:cooccurrence,"Co-occurrence of Bandinelli, Baccio (Baccio de' Brandini) and Buonarroti, Michelagnolo, Vol. 7, Para. 125",viewsari:bandinelli-baccio-baccio-de-brandini,viewsari:buonarroti-michelagnolo,viewsari:cooccurrence_extraction_ban-buo_3,viewsari:annotation_25205
viewsari:cooccurrence_ban-sar_1,viewsari:cooccurrence,"Co-occurrence of Bandinelli, Baccio (Baccio de' Brandini) and Sarto, Andrea del (Andrea d' Agnolo), Vol. 7, Para. 71",viewsari:bandinelli-baccio-baccio-de-brandini,viewsari:sarto-andrea-del-andrea-d-agnolo,viewsari:cooccurrence_extraction_ban-sar_1,viewsari:annotation_25206
viewsari:cooccurrence_ban-con_1,viewsari:cooccurrence,"Co-occurrence of Bandinelli, Baccio (Baccio de' Brandini) and Contucci, Andrea (Andrea Sansovino), Vol. 7, Para. 76",viewsari:bandinelli-baccio-baccio-de-brandini,viewsari:contucci-andrea-andrea-sansovino,viewsari:cooccurrence_extraction_ban-con_1,viewsari:annotation_25207
viewsari:cooccurrence_ban-pil_1,viewsari:cooccurrence,"Co-occurrence of Bandinelli, Baccio (Baccio de' Brandini) and Piloto, Vol. 7, Para. 86",viewsari:bandinelli-baccio-baccio-de-brandini,viewsari:piloto,viewsari:cooccurrence_extraction_ban-pil_1,viewsari:annotation_25208
viewsari:cooccurrence_ban-pra_1,viewsari:cooccurrence,"Co-occurrence of Bandinelli, Baccio (Baccio de' Brandini) and Prato, Francesco di Girolamo dal, Vol. 7, Para. 91",viewsari:bandinelli-baccio-baccio-de-brandini,viewsari:prato-francesco-di-girolamo-dal,viewsari:cooccurrence_extraction_ban-pra_1,viewsari:annotation_25209
viewsari:cooccurrence_pra-viv_1,viewsari:cooccurrence,"Co-occurrence of Prato, Francesco di Girolamo dal and Viviano, Michelagnolo di, Vol. 7, Para. 91",viewsari:prato-francesco-di-girolamo-dal,viewsari:viviano-michelagnolo-di,viewsari:cooccurrence_extraction_pra-viv_1,viewsari:annotation_25210
viewsari:cooccurrence_ban-lom_1,viewsari:cooccurrence,"Co-occurrence of Bandinelli, Baccio (Baccio de' Brandini) and Lombardi, Alfonso, Vol. 7, Para. 98",viewsari:bandinelli-baccio-baccio-de-brandini,viewsari:lombardi-alfonso,viewsari:cooccurrence_extraction_ban-lom_1,viewsari:annotation_25211
viewsari:cooccurrence_ban-set_1,viewsari:cooccurrence,"Co-occurrence of Bandinelli, Baccio (Baccio de' Brandini) and Settignano, Solosmeo da (Antonio di Giovanni), Vol. 7, Para. 102",viewsari:bandinelli-baccio-baccio-de-brandini,viewsari:settignano-solosmeo-da-antonio-di-giovanni,viewsari:cooccurrence_extraction_ban-set_1,viewsari:annotation_25212
viewsari:cooccurrence_agn-ban_3,viewsari:cooccurrence,"Co-occurrence of Agnolo, Giuliano di Baccio d' and Bandinelli, Baccio (Baccio de' Brandini), Vol. 7, Para. 108",viewsari:agnolo-giuliano-di-baccio-d,viewsari:bandinelli-baccio-baccio-de-brandini,viewsari:cooccurrence_extraction_agn-ban_3,viewsari:annotation_25213
viewsari:cooccurrence_ban-cel_1,viewsari:cooccurrence,"Co-occurrence of Bandinelli, Baccio (Baccio de' Brandini) and Cellini, Benvenuto, Vol. 7, Para. 123",viewsari:bandinelli-baccio-baccio-de-brandini,viewsari:cellini-benvenuto,viewsari:cooccurrence_extraction_ban-cel_1,viewsari:annotation_25214
viewsari:cooccurrence_ban-ros_1_02,viewsari:cooccurrence,"Co-occurrence of Bandinelli, Baccio (Baccio de' Brandini) and Rossi, Vincenzio de', Vol. 7, Para. 120",viewsari:bandinelli-baccio-baccio-de-brandini,viewsari:rossi-vincenzio-de,viewsari:cooccurrence_extraction_ban-ros_1_02,viewsari:annotation_25215
viewsari:cooccurrence_ban-ban_1_01,viewsari:cooccurrence,"Co-occurrence of Bandinelli, Baccio (Baccio de' Brandini) and Bandinelli, Clemente, Vol. 7, Para. 121",viewsari:bandinelli-baccio-baccio-de-brandini,viewsari:bandinelli-clemente,viewsari:cooccurrence_extraction_ban-ban_1_01,viewsari:annotation_25216
viewsari:cooccurrence_ban-ban_2,viewsari:cooccurrence,"Co-occurrence of Bandinelli, Baccio (Baccio de' Brandini) and Bandinelli, Clemente, Vol. 7, Para. 121",viewsari:bandinelli-baccio-baccio-de-brandini,viewsari:bandinelli-clemente,viewsari:cooccurrence_extraction_ban-ban_2,viewsari:annotation_25218
viewsari:cooccurrence_ban-ban_3,viewsari:cooccurrence,"Co-occurrence of Bandinelli, Baccio (Baccio de' Brandini) and Bandinelli, Clemente, Vol. 7, Para. 121",viewsari:bandinelli-baccio-baccio-de-brandini,viewsari:bandinelli-clemente,viewsari:cooccurrence_extraction_ban-ban_3,viewsari:annotation_25219
viewsari:cooccurrence_amm-cel_1,viewsari:cooccurrence,"Co-occurrence of Ammanati, Bartolommeo and Cellini, Benvenuto, Vol. 7, Para. 130",viewsari:ammanati-bartolommeo,viewsari:cellini-benvenuto,viewsari:cooccurrence_extraction_amm-cel_1,viewsari:annotation_25221
viewsari:cooccurrence_cel-vas_1,viewsari:cooccurrence,"Co-occurrence of Cellini, Benvenuto and Vasari, Giorgio, Vol. 7, Para. 128",viewsari:cellini-benvenuto,viewsari:vasari-giorgio,viewsari:cooccurrence_extraction_cel-vas_1,viewsari:annotation_25222
viewsari:cooccurrence_buo-cel_1,viewsari:cooccurrence,"Co-occurrence of Buonarroti, Michelagnolo and Cellini, Benvenuto, Vol. 7, Para. 128",viewsari:buonarroti-michelagnolo,viewsari:cellini-benvenuto,viewsari:cooccurrence_extraction_buo-cel_1,viewsari:annotation_25223
viewsari:cooccurrence_amm-vas_1,viewsari:cooccurrence,"Co-occurrence of Ammanati, Bartolommeo and Vasari, Giorgio, Vol. 7, Para. 128",viewsari:ammanati-bartolommeo,viewsari:vasari-giorgio,viewsari:cooccurrence_extraction_amm-vas_1,viewsari:annotation_25224
viewsari:cooccurrence_amm-buo_1,viewsari:cooccurrence,"Co-occurrence of Ammanati, Bartolommeo and Buonarroti, Michelagnolo, Vol. 7, Para. 128",viewsari:ammanati-bartolommeo,viewsari:buonarroti-michelagnolo,viewsari:cooccurrence_extraction_amm-buo_1,viewsari:annotation_25225
viewsari:cooccurrence_bug-buo_2,viewsari:cooccurrence,"Co-occurrence of Bugiardini, Giuliano and Buonarroti, Michelagnolo, Vol. 7, Para. 134",viewsari:bugiardini-giuliano,viewsari:buonarroti-michelagnolo,viewsari:cooccurrence_extraction_bug-buo_2,viewsari:annotation_25226
viewsari:cooccurrence_alb-bug_1,viewsari:cooccurrence,"Co-occurrence of Albertinelli, Mariotto and Bugiardini, Giuliano, Vol. 7, Para. 137",viewsari:albertinelli-mariotto,viewsari:bugiardini-giuliano,viewsari:cooccurrence_extraction_alb-bug_1,viewsari:annotation_25227
viewsari:cooccurrence_bug-tri_1,viewsari:cooccurrence,"Co-occurrence of Bugiardini, Giuliano and Tribolo (Niccolò), Vol. 7, Para. 142",viewsari:bugiardini-giuliano,viewsari:tribolo-niccol,viewsari:cooccurrence_extraction_bug-tri_1,viewsari:annotation_25228
viewsari:cooccurrence_buo-tri_2,viewsari:cooccurrence,"Co-occurrence of Buonarroti, Michelagnolo and Tribolo (Niccolò), Vol. 7, Para. 142",viewsari:buonarroti-michelagnolo,viewsari:tribolo-niccol,viewsari:cooccurrence_extraction_buo-tri_2,viewsari:annotation_25229
viewsari:cooccurrence_bug-tri_2,viewsari:cooccurrence,"Co-occurrence of Bugiardini, Giuliano and Tribolo (Niccolò), Vol. 7, Para. 142",viewsari:bugiardini-giuliano,viewsari:tribolo-niccol,viewsari:cooccurrence_extraction_bug-tri_2,viewsari:annotation_25230
viewsari:cooccurrence_bug-buo_3,viewsari:cooccurrence,"Co-occurrence of Bugiardini, Giuliano and Buonarroti, Michelagnolo, Vol. 7, Para. 142",viewsari:bugiardini-giuliano,viewsari:buonarroti-michelagnolo,viewsari:cooccurrence_extraction_bug-buo_3,viewsari:annotation_25231
viewsari:cooccurrence_bug-buo_4,viewsari:cooccurrence,"Co-occurrence of Bugiardini, Giuliano and Buonarroti, Michelagnolo, Vol. 7, Para. 142",viewsari:bugiardini-giuliano,viewsari:buonarroti-michelagnolo,viewsari:cooccurrence_extraction_bug-buo_4,viewsari:annotation_25234
viewsari:cooccurrence_bro-bug_1,viewsari:cooccurrence,"Co-occurrence of Bronzino, Agnolo and Bugiardini, Giuliano, Vol. 7, Para. 145",viewsari:bronzino-agnolo,viewsari:bugiardini-giuliano,viewsari:cooccurrence_extraction_bro-bug_1,viewsari:annotation_25235
viewsari:cooccurrence_col-rom_1,viewsari:cooccurrence,"Co-occurrence of Colle, Raffaello dal (Raffaello dal Borgo) and Romano, Giulio (Giulio Pippi de' Giannuzzi), Vol. 7, Para. 146",viewsari:colle-raffaello-dal-raffaello-dal-borgo,viewsari:romano-giulio-giulio-pippi-de-giannuzzi,viewsari:cooccurrence_extraction_col-rom_1,viewsari:annotation_25236
viewsari:cooccurrence_san-rom_4,viewsari:cooccurrence,"Co-occurrence of Sanzio, Raffaello (Raffaello da Urbino) and Romano, Giulio (Giulio Pippi de' Giannuzzi), Vol. 7, Para. 146",viewsari:sanzio-raffaello-raffaello-da-urbino,viewsari:romano-giulio-giulio-pippi-de-giannuzzi,viewsari:cooccurrence_extraction_san-rom_4,viewsari:annotation_25237
viewsari:cooccurrence_cun-ghe_1,viewsari:cooccurrence,"Co-occurrence of Cungi, Battista and Gherardi, Cristofano (Doceno), Vol. 7, Para. 153",viewsari:cungi-battista,viewsari:gherardi-cristofano-doceno,viewsari:cooccurrence_extraction_cun-ghe_1,viewsari:annotation_25238
viewsari:cooccurrence_ghe-vel_1,viewsari:cooccurrence,"Co-occurrence of Gherardi, Cristofano (Doceno) and Veltroni, Stefano, Vol. 7, Para. 156",viewsari:gherardi-cristofano-doceno,viewsari:veltroni-stefano,viewsari:cooccurrence_extraction_ghe-vel_1,viewsari:annotation_25239
viewsari:cooccurrence_ghe-pag_1,viewsari:cooccurrence,"Co-occurrence of Gherardi, Cristofano (Doceno) and Pagani, Lattanzio, Vol. 7, Para. 159",viewsari:gherardi-cristofano-doceno,viewsari:pagani-lattanzio,viewsari:cooccurrence_extraction_ghe-pag_1,viewsari:annotation_25240
viewsari:cooccurrence_mar-pon_1,viewsari:cooccurrence,"Co-occurrence of Martino, Bartolommeo di Jacopo di and Pontormo, Jacopo da (Jacopo Carrucci), Vol. 7, Para. 186",viewsari:martino-bartolommeo-di-jacopo-di,viewsari:pontormo-jacopo-da-jacopo-carrucci,viewsari:cooccurrence_extraction_mar-pon_1,viewsari:annotation_25241
viewsari:cooccurrence_pon-sar_2,viewsari:cooccurrence,"Co-occurrence of Pontormo, Jacopo da (Jacopo Carrucci) and Sarto, Andrea del (Andrea d' Agnolo), Vol. 7, Para. 187",viewsari:pontormo-jacopo-da-jacopo-carrucci,viewsari:sarto-andrea-del-andrea-d-agnolo,viewsari:cooccurrence_extraction_pon-sar_2,viewsari:annotation_25242
viewsari:cooccurrence_alb-pon_1,viewsari:cooccurrence,"Co-occurrence of Albertinelli, Mariotto and Pontormo, Jacopo da (Jacopo Carrucci), Vol. 7, Para. 187",viewsari:albertinelli-mariotto,viewsari:pontormo-jacopo-da-jacopo-carrucci,viewsari:cooccurrence_extraction_alb-pon_1,viewsari:annotation_25243
viewsari:cooccurrence_alb-sar_1,viewsari:cooccurrence,"Co-occurrence of Albertinelli, Mariotto and Sarto, Andrea del (Andrea d' Agnolo), Vol. 7, Para. 187",viewsari:albertinelli-mariotto,viewsari:sarto-andrea-del-andrea-d-agnolo,viewsari:cooccurrence_extraction_alb-sar_1,viewsari:annotation_25244
viewsari:cooccurrence_bro-pon_1,viewsari:cooccurrence,"Co-occurrence of Bronzino, Agnolo and Pontormo, Jacopo da (Jacopo Carrucci), Vol. 7, Para. 239",viewsari:bronzino-agnolo,viewsari:pontormo-jacopo-da-jacopo-carrucci,viewsari:cooccurrence_extraction_bro-pon_1,viewsari:annotation_25245
viewsari:cooccurrence_bro-ros_1,viewsari:cooccurrence,"Co-occurrence of Bronzino, Agnolo and Rosso, Il (Giovan Battista de' Rossi), Vol. 7, Para. 188",viewsari:bronzino-agnolo,viewsari:rosso-il-giovan-battista-de-rossi,viewsari:cooccurrence_extraction_bro-ros_1,viewsari:annotation_25246
viewsari:cooccurrence_bro-cos_1,viewsari:cooccurrence,"Co-occurrence of Bronzino, Agnolo and Cosimo, Andrea di (Andrea di Cosimo Feltrini), Vol. 7, Para. 188",viewsari:bronzino-agnolo,viewsari:cosimo-andrea-di-andrea-di-cosimo-feltrini,viewsari:cooccurrence_extraction_bro-cos_1,viewsari:annotation_25247
viewsari:cooccurrence_bro-sar_1,viewsari:cooccurrence,"Co-occurrence of Bronzino, Agnolo and Sarto, Andrea del (Andrea d' Agnolo), Vol. 7, Para. 188",viewsari:bronzino-agnolo,viewsari:sarto-andrea-del-andrea-d-agnolo,viewsari:cooccurrence_extraction_bro-sar_1,viewsari:annotation_25248
viewsari:cooccurrence_pon-ros_1,viewsari:cooccurrence,"Co-occurrence of Pontormo, Jacopo da (Jacopo Carrucci) and Rosso, Il (Giovan Battista de' Rossi), Vol. 7, Para. 188",viewsari:pontormo-jacopo-da-jacopo-carrucci,viewsari:rosso-il-giovan-battista-de-rossi,viewsari:cooccurrence_extraction_pon-ros_1,viewsari:annotation_25249
viewsari:cooccurrence_cos-pon_1,viewsari:cooccurrence,"Co-occurrence of Cosimo, Andrea di (Andrea di Cosimo Feltrini) and Pontormo, Jacopo da (Jacopo Carrucci), Vol. 7, Para. 189",viewsari:cosimo-andrea-di-andrea-di-cosimo-feltrini,viewsari:pontormo-jacopo-da-jacopo-carrucci,viewsari:cooccurrence_extraction_cos-pon_1,viewsari:annotation_25250
viewsari:cooccurrence_sar-pon_3,viewsari:cooccurrence,"Co-occurrence of Sarto, Andrea del (Andrea d' Agnolo) and Pontormo, Jacopo da (Jacopo Carrucci), Vol. 7, Para. 189",viewsari:sarto-andrea-del-andrea-d-agnolo,viewsari:pontormo-jacopo-da-jacopo-carrucci,viewsari:cooccurrence_extraction_sar-pon_3,viewsari:annotation_25251
viewsari:cooccurrence_cos-ros_1_03,viewsari:cooccurrence,"Co-occurrence of Cosimo, Andrea di (Andrea di Cosimo Feltrini) and Rosso, Il (Giovan Battista de' Rossi), Vol. 7, Para. 188",viewsari:cosimo-andrea-di-andrea-di-cosimo-feltrini,viewsari:rosso-il-giovan-battista-de-rossi,viewsari:cooccurrence_extraction_cos-ros_1_03,viewsari:annotation_25252
viewsari:cooccurrence_sar-ros_1_02,viewsari:cooccurrence,"Co-occurrence of Sarto, Andrea del (Andrea d' Agnolo) and Rosso, Il (Giovan Battista de' Rossi), Vol. 7, Para. 188",viewsari:sarto-andrea-del-andrea-d-agnolo,viewsari:rosso-il-giovan-battista-de-rossi,viewsari:cooccurrence_extraction_sar-ros_1_02,viewsari:annotation_25253
viewsari:cooccurrence_cos-pon_2,viewsari:cooccurrence,"Co-occurrence of Cosimo, Andrea di (Andrea di Cosimo Feltrini) and Pontormo, Jacopo da (Jacopo Carrucci), Vol. 7, Para. 189",viewsari:cosimo-andrea-di-andrea-di-cosimo-feltrini,viewsari:pontormo-jacopo-da-jacopo-carrucci,viewsari:cooccurrence_extraction_cos-pon_2,viewsari:annotation_25254
viewsari:cooccurrence_cos-sar_1_02,viewsari:cooccurrence,"Co-occurrence of Cosimo, Andrea di (Andrea di Cosimo Feltrini) and Sarto, Andrea del (Andrea d' Agnolo), Vol. 7, Para. 189",viewsari:cosimo-andrea-di-andrea-di-cosimo-feltrini,viewsari:sarto-andrea-del-andrea-d-agnolo,viewsari:cooccurrence_extraction_cos-sar_1_02,viewsari:annotation_25256
viewsari:cooccurrence_d-r-pon_1,viewsari:cooccurrence,"Co-occurrence of Dòrer, Albrecht and Pontormo, Jacopo da (Jacopo Carrucci), Vol. 7, Para. 216",viewsari:d-rer-albrecht,viewsari:pontormo-jacopo-da-jacopo-carrucci,viewsari:cooccurrence_extraction_d-r-pon_1,viewsari:annotation_25257
viewsari:cooccurrence_buo-pon_1,viewsari:cooccurrence,"Co-occurrence of Buonarroti, Michelagnolo and Pontormo, Jacopo da (Jacopo Carrucci), Vol. 7, Para. 234",viewsari:buonarroti-michelagnolo,viewsari:pontormo-jacopo-da-jacopo-carrucci,viewsari:cooccurrence_extraction_buo-pon_1,viewsari:annotation_25258
viewsari:cooccurrence_cio-con_1,viewsari:cooccurrence,"Co-occurrence of Cioli, Simone and Contucci, Andrea (Andrea Sansovino), Vol. 7, Para. 254",viewsari:cioli-simone,viewsari:contucci-andrea-andrea-sansovino,viewsari:cooccurrence_extraction_cio-con_1,viewsari:annotation_25259
viewsari:cooccurrence_cio-mos_1,viewsari:cooccurrence,"Co-occurrence of Cioli, Simone and Mosca, Simone, Vol. 7, Para. 254",viewsari:cioli-simone,viewsari:mosca-simone,viewsari:cooccurrence_extraction_cio-mos_1,viewsari:annotation_25260
viewsari:cooccurrence_con-mos_1,viewsari:cooccurrence,"Co-occurrence of Contucci, Andrea (Andrea Sansovino) and Mosca, Simone, Vol. 7, Para. 254",viewsari:contucci-andrea-andrea-sansovino,viewsari:mosca-simone,viewsari:cooccurrence_extraction_con-mos_1,viewsari:annotation_25261
viewsari:cooccurrence_mos-san_1,viewsari:cooccurrence,"Co-occurrence of Mosca, Simone and San Gallo, Antonio da (the younger), Vol. 7, Para. 255",viewsari:mosca-simone,viewsari:san-gallo-antonio-da-the-younger,viewsari:cooccurrence_extraction_mos-san_1,viewsari:annotation_25262
viewsari:cooccurrence_buo-mos_1,viewsari:cooccurrence,"Co-occurrence of Buonarroti, Michelagnolo and Mosca, Simone, Vol. 7, Para. 260",viewsari:buonarroti-michelagnolo,viewsari:mosca-simone,viewsari:cooccurrence_extraction_buo-mos_1,viewsari:annotation_25263
viewsari:cooccurrence_mos-mos_1,viewsari:cooccurrence,"Co-occurrence of Mosca, Simone and Moschino, Francesco, Vol. 7, Para. 261",viewsari:mosca-simone,viewsari:moschino-francesco,viewsari:cooccurrence_extraction_mos-mos_1,viewsari:annotation_25264
viewsari:cooccurrence_gen-sig_1,viewsari:cooccurrence,"Co-occurrence of Genga, Girolamo and Signorelli, Luca (Luca da Cortona), Vol. 7, Para. 264",viewsari:genga-girolamo,viewsari:signorelli-luca-luca-da-cortona,viewsari:cooccurrence_extraction_gen-sig_1,viewsari:annotation_25265
viewsari:cooccurrence_gen-men_1,viewsari:cooccurrence,"Co-occurrence of Genga, Girolamo and Menzochi, Francesco (Francesco da Forlò), Vol. 7, Para. 276",viewsari:genga-girolamo,viewsari:menzochi-francesco-francesco-da-forl,viewsari:cooccurrence_extraction_gen-men_1,viewsari:annotation_25266
viewsari:cooccurrence_gen-sal_1,viewsari:cooccurrence,"Co-occurrence of Genga, Girolamo and Salviati, Francesco (Francesco de' Rossi), Vol. 7, Para. 276",viewsari:genga-girolamo,viewsari:salviati-francesco-francesco-de-rossi,viewsari:cooccurrence_extraction_gen-sal_1,viewsari:annotation_25267
viewsari:cooccurrence_gen-gen_1,viewsari:cooccurrence,"Co-occurrence of Genga, Bartolommeo and Genga, Girolamo, Vol. 7, Para. 282",viewsari:genga-bartolommeo,viewsari:genga-girolamo,viewsari:cooccurrence_extraction_gen-gen_1,viewsari:annotation_25268
viewsari:cooccurrence_san-san_1_09,viewsari:cooccurrence,"Co-occurrence of San Michele, Matteo and San Michele, Michele, Vol. 7, Para. 294",viewsari:san-michele-matteo,viewsari:san-michele-michele,viewsari:cooccurrence_extraction_san-san_1_09,viewsari:annotation_25269
viewsari:cooccurrence_per-san_2,viewsari:cooccurrence,"Co-occurrence of Perugino, Pietro (Pietro Vannucci, or Pietro da Castel della Pieve) and Sanzio, Raffaello (Raffaello da Urbino), Vol. 7, Para. 338",viewsari:perugino-pietro-pietro-vannucci-or-pietro-da-castel-della-pieve,viewsari:sanzio-raffaello-raffaello-da-urbino,viewsari:cooccurrence_extraction_per-san_2,viewsari:annotation_25270
viewsari:cooccurrence_per-san_1_04,viewsari:cooccurrence,"Co-occurrence of Perugino, Pietro (Pietro Vannucci, or Pietro da Castel della Pieve) and San Gallo, Aristotile (Bastiano) da, Vol. 8, Para. 1",viewsari:perugino-pietro-pietro-vannucci-or-pietro-da-castel-della-pieve,viewsari:san-gallo-aristotile-bastiano-da,viewsari:cooccurrence_extraction_per-san_1_04,viewsari:annotation_25271
viewsari:cooccurrence_ghi-per_1,viewsari:cooccurrence,"Co-occurrence of Ghirlandajo, Ridolfo and Perugino, Pietro (Pietro Vannucci, or Pietro da Castel della Pieve), Vol. 8, Para. 1",viewsari:ghirlandajo-ridolfo,viewsari:perugino-pietro-pietro-vannucci-or-pietro-da-castel-della-pieve,viewsari:cooccurrence_extraction_ghi-per_1,viewsari:annotation_25272
viewsari:cooccurrence_buo-per_2,viewsari:cooccurrence,"Co-occurrence of Buonarroti, Michelagnolo and Perugino, Pietro (Pietro Vannucci, or Pietro da Castel della Pieve), Vol. 8, Para. 1",viewsari:buonarroti-michelagnolo,viewsari:perugino-pietro-pietro-vannucci-or-pietro-da-castel-della-pieve,viewsari:cooccurrence_extraction_buo-per_2,viewsari:annotation_25273
viewsari:cooccurrence_ghi-san_1_02,viewsari:cooccurrence,"Co-occurrence of Ghirlandajo, Ridolfo and San Gallo, Aristotile (Bastiano) da, Vol. 8, Para. 1",viewsari:ghirlandajo-ridolfo,viewsari:san-gallo-aristotile-bastiano-da,viewsari:cooccurrence_extraction_ghi-san_1_02,viewsari:annotation_25274
viewsari:cooccurrence_buo-san_1_04,viewsari:cooccurrence,"Co-occurrence of Buonarroti, Michelagnolo and San Gallo, Aristotile (Bastiano) da, Vol. 8, Para. 1",viewsari:buonarroti-michelagnolo,viewsari:san-gallo-aristotile-bastiano-da,viewsari:cooccurrence_extraction_buo-san_1_04,viewsari:annotation_25275
viewsari:cooccurrence_buo-ghi_1_03,viewsari:cooccurrence,"Co-occurrence of Buonarroti, Michelagnolo and Ghirlandajo, Ridolfo, Vol. 8, Para. 1",viewsari:buonarroti-michelagnolo,viewsari:ghirlandajo-ridolfo,viewsari:cooccurrence_extraction_buo-ghi_1_03,viewsari:annotation_25276
viewsari:cooccurrence_san-san_1_10,viewsari:cooccurrence,"Co-occurrence of San Gallo, Aristotile (Bastiano) da and Sanzio, Raffaello (Raffaello da Urbino), Vol. 8, Para. 5",viewsari:san-gallo-aristotile-bastiano-da,viewsari:sanzio-raffaello-raffaello-da-urbino,viewsari:cooccurrence_extraction_san-san_1_10,viewsari:annotation_25277
viewsari:cooccurrence_san-sar_1_02,viewsari:cooccurrence,"Co-occurrence of San Gallo, Aristotile (Bastiano) da and Sarto, Andrea del (Andrea d' Agnolo), Vol. 8, Para. 6",viewsari:san-gallo-aristotile-bastiano-da,viewsari:sarto-andrea-del-andrea-d-agnolo,viewsari:cooccurrence_extraction_san-sar_1_02,viewsari:annotation_25278
viewsari:cooccurrence_san-san_1_11,viewsari:cooccurrence,"Co-occurrence of San Gallo, Antonio da (the younger) and San Gallo, Aristotile (Bastiano) da, Vol. 8, Para. 13",viewsari:san-gallo-antonio-da-the-younger,viewsari:san-gallo-aristotile-bastiano-da,viewsari:cooccurrence_extraction_san-san_1_11,viewsari:annotation_25279
viewsari:cooccurrence_san-vag_1_03,viewsari:cooccurrence,"Co-occurrence of San Gallo, Aristotile (Bastiano) da and Vaga, Perino del (Perino Buonaccorsi, or de' Ceri), Vol. 8, Para. 14",viewsari:san-gallo-aristotile-bastiano-da,viewsari:vaga-perino-del-perino-buonaccorsi-or-de-ceri,viewsari:cooccurrence_extraction_san-vag_1_03,viewsari:annotation_25280
viewsari:cooccurrence_jac-san_1,viewsari:cooccurrence,"Co-occurrence of Jacone (Jacopo) and San Gallo, Aristotile (Bastiano) da, Vol. 8, Para. 17",viewsari:jacone-jacopo,viewsari:san-gallo-aristotile-bastiano-da,viewsari:cooccurrence_extraction_jac-san_1,viewsari:annotation_25281
viewsari:cooccurrence_jac-pil_1,viewsari:cooccurrence,"Co-occurrence of Jacone (Jacopo) and Piloto, Vol. 8, Para. 20",viewsari:jacone-jacopo,viewsari:piloto,viewsari:cooccurrence_extraction_jac-pil_1,viewsari:annotation_25282
viewsari:cooccurrence_sar-ube_1,viewsari:cooccurrence,"Co-occurrence of Sarto, Andrea del (Andrea d' Agnolo) and Ubertini, Francesco (Francesco d' Albertino, or Il Bacchiacca), Vol. 8, Para. 23",viewsari:sarto-andrea-del-andrea-d-agnolo,viewsari:ubertini-francesco-francesco-d-albertino-or-il-bacchiacca,viewsari:cooccurrence_extraction_sar-ube_1,viewsari:annotation_25283
viewsari:cooccurrence_boc-gar_1,viewsari:cooccurrence,"Co-occurrence of Boccaccino, Boccaccio and Garofalo, Benvenuto (Benvenuto Tisi), Vol. 8, Para. 26",viewsari:boccaccino-boccaccio,viewsari:garofalo-benvenuto-benvenuto-tisi,viewsari:cooccurrence_extraction_boc-gar_1,viewsari:annotation_25284
viewsari:cooccurrence_cos-gar_1,viewsari:cooccurrence,"Co-occurrence of Costa, Lorenzo and Garofalo, Benvenuto (Benvenuto Tisi), Vol. 8, Para. 27",viewsari:costa-lorenzo,viewsari:garofalo-benvenuto-benvenuto-tisi,viewsari:cooccurrence_extraction_cos-gar_1,viewsari:annotation_25285
viewsari:cooccurrence_gar-san_1,viewsari:cooccurrence,"Co-occurrence of Garofalo, Benvenuto (Benvenuto Tisi) and Sanzio, Raffaello (Raffaello da Urbino), Vol. 8, Para. 29",viewsari:garofalo-benvenuto-benvenuto-tisi,viewsari:sanzio-raffaello-raffaello-da-urbino,viewsari:cooccurrence_extraction_gar-san_1,viewsari:annotation_25286
viewsari:cooccurrence_car-gar_1,viewsari:cooccurrence,"Co-occurrence of Carpi, Girolamo da (Girolamo da Ferrara) and Garofalo, Benvenuto (Benvenuto Tisi), Vol. 8, Para. 38",viewsari:carpi-girolamo-da-girolamo-da-ferrara,viewsari:garofalo-benvenuto-benvenuto-tisi,viewsari:cooccurrence_extraction_car-gar_1,viewsari:annotation_25287
viewsari:cooccurrence_car-cor_1,viewsari:cooccurrence,"Co-occurrence of Carpi, Girolamo da (Girolamo da Ferrara) and Correggio, Antonio da, Vol. 8, Para. 38",viewsari:carpi-girolamo-da-girolamo-da-ferrara,viewsari:correggio-antonio-da,viewsari:cooccurrence_extraction_car-cor_1,viewsari:annotation_25288
viewsari:cooccurrence_cor-gar_1,viewsari:cooccurrence,"Co-occurrence of Correggio, Antonio da and Garofalo, Benvenuto (Benvenuto Tisi), Vol. 8, Para. 38",viewsari:correggio-antonio-da,viewsari:garofalo-benvenuto-benvenuto-tisi,viewsari:cooccurrence_extraction_cor-gar_1,viewsari:annotation_25289
viewsari:cooccurrence_car-dos_1,viewsari:cooccurrence,"Co-occurrence of Carpi, Girolamo da (Girolamo da Ferrara) and Dossi, Dosso, Vol. 8, Para. 43",viewsari:carpi-girolamo-da-girolamo-da-ferrara,viewsari:dossi-dosso,viewsari:cooccurrence_extraction_car-dos_1,viewsari:annotation_25290
viewsari:cooccurrence_car-vec_1_02,viewsari:cooccurrence,"Co-occurrence of Carpi, Girolamo da (Girolamo da Ferrara) and Vecelli, Tiziano (Tiziano da Cadore), Vol. 8, Para. 43",viewsari:carpi-girolamo-da-girolamo-da-ferrara,viewsari:vecelli-tiziano-tiziano-da-cadore,viewsari:cooccurrence_extraction_car-vec_1_02,viewsari:annotation_25291
viewsari:cooccurrence_dos-vec_1,viewsari:cooccurrence,"Co-occurrence of Dossi, Dosso and Vecelli, Tiziano (Tiziano da Cadore), Vol. 8, Para. 43",viewsari:dossi-dosso,viewsari:vecelli-tiziano-tiziano-da-cadore,viewsari:cooccurrence_extraction_dos-vec_1,viewsari:annotation_25292
viewsari:cooccurrence_maz-rom_1_01,viewsari:cooccurrence,"Co-occurrence of Mazzuoli, Francesco (Parmigiano) and Romano, Giulio (Giulio Pippi de' Giannuzzi), Vol. 8, Para. 54",viewsari:mazzuoli-francesco-parmigiano,viewsari:romano-giulio-giulio-pippi-de-giannuzzi,viewsari:cooccurrence_extraction_maz-rom_1_01,viewsari:annotation_25293
viewsari:cooccurrence_maz-rom_1_02,viewsari:cooccurrence,"Co-occurrence of Mazzuoli, Girolamo and Romano, Giulio (Giulio Pippi de' Giannuzzi), Vol. 8, Para. 54",viewsari:mazzuoli-girolamo,viewsari:romano-giulio-giulio-pippi-de-giannuzzi,viewsari:cooccurrence_extraction_maz-rom_1_02,viewsari:annotation_25294
viewsari:cooccurrence_rom-vit_1,viewsari:cooccurrence,"Co-occurrence of Romano, Giulio (Giulio Pippi de' Giannuzzi) and Vitruvius, Vol. 8, Para. 56",viewsari:romano-giulio-giulio-pippi-de-giannuzzi,viewsari:vitruvius,viewsari:cooccurrence_extraction_rom-vit_1,viewsari:annotation_25295
viewsari:cooccurrence_rom-vin_1,viewsari:cooccurrence,"Co-occurrence of Romano, Giulio (Giulio Pippi de' Giannuzzi) and Vinci, Leonardo da, Vol. 8, Para. 59",viewsari:romano-giulio-giulio-pippi-de-giannuzzi,viewsari:vinci-leonardo-da,viewsari:cooccurrence_extraction_rom-vin_1,viewsari:annotation_25296
viewsari:cooccurrence_bem-mel_1,viewsari:cooccurrence,"Co-occurrence of Bembi, Bonifazio and Melone, Altobello da, Vol. 8, Para. 60",viewsari:bembi-bonifazio,viewsari:melone-altobello-da,viewsari:cooccurrence_extraction_bem-mel_1,viewsari:annotation_25297
viewsari:cooccurrence_lic-mel_1,viewsari:cooccurrence,"Co-occurrence of Licinio, Giovanni Antonio (Cuticello, or Pordenone) and Melone, Altobello da, Vol. 8, Para. 60",viewsari:licinio-giovanni-antonio-cuticello-or-pordenone,viewsari:melone-altobello-da,viewsari:cooccurrence_extraction_lic-mel_1,viewsari:annotation_25298
viewsari:cooccurrence_boc-mel_1_01,viewsari:cooccurrence,"Co-occurrence of Boccaccino, Boccaccio and Melone, Altobello da, Vol. 8, Para. 60",viewsari:boccaccino-boccaccio,viewsari:melone-altobello-da,viewsari:cooccurrence_extraction_boc-mel_1_01,viewsari:annotation_25299
viewsari:cooccurrence_boc-mel_1_02,viewsari:cooccurrence,"Co-occurrence of Boccaccino, Camillo and Melone, Altobello da, Vol. 8, Para. 60",viewsari:boccaccino-camillo,viewsari:melone-altobello-da,viewsari:cooccurrence_extraction_boc-mel_1_02,viewsari:annotation_25300
viewsari:cooccurrence_bem-lic_1,viewsari:cooccurrence,"Co-occurrence of Bembi, Bonifazio and Licinio, Giovanni Antonio (Cuticello, or Pordenone), Vol. 8, Para. 60",viewsari:bembi-bonifazio,viewsari:licinio-giovanni-antonio-cuticello-or-pordenone,viewsari:cooccurrence_extraction_bem-lic_1,viewsari:annotation_25301
viewsari:cooccurrence_bem-boc_1_01,viewsari:cooccurrence,"Co-occurrence of Bembi, Bonifazio and Boccaccino, Boccaccio, Vol. 8, Para. 60",viewsari:bembi-bonifazio,viewsari:boccaccino-boccaccio,viewsari:cooccurrence_extraction_bem-boc_1_01,viewsari:annotation_25302
viewsari:cooccurrence_bem-boc_1_02,viewsari:cooccurrence,"Co-occurrence of Bembi, Bonifazio and Boccaccino, Camillo, Vol. 8, Para. 60",viewsari:bembi-bonifazio,viewsari:boccaccino-camillo,viewsari:cooccurrence_extraction_bem-boc_1_02,viewsari:annotation_25303
viewsari:cooccurrence_boc-lic_1_01,viewsari:cooccurrence,"Co-occurrence of Boccaccino, Boccaccio and Licinio, Giovanni Antonio (Cuticello, or Pordenone), Vol. 8, Para. 60",viewsari:boccaccino-boccaccio,viewsari:licinio-giovanni-antonio-cuticello-or-pordenone,viewsari:cooccurrence_extraction_boc-lic_1_01,viewsari:annotation_25304
viewsari:cooccurrence_boc-lic_1_02,viewsari:cooccurrence,"Co-occurrence of Boccaccino, Camillo and Licinio, Giovanni Antonio (Cuticello, or Pordenone), Vol. 8, Para. 60",viewsari:boccaccino-camillo,viewsari:licinio-giovanni-antonio-cuticello-or-pordenone,viewsari:cooccurrence_extraction_boc-lic_1_02,viewsari:annotation_25305
viewsari:cooccurrence_lic-soi_1,viewsari:cooccurrence,"Co-occurrence of Licinio, Giovanni Antonio (Cuticello, or Pordenone) and Soiaro, Bernardo (Bernardo de' Gatti), Vol. 8, Para. 61",viewsari:licinio-giovanni-antonio-cuticello-or-pordenone,viewsari:soiaro-bernardo-bernardo-de-gatti,viewsari:cooccurrence_extraction_lic-soi_1,viewsari:annotation_25306
viewsari:cooccurrence_rom-san_1_02,viewsari:cooccurrence,"Co-occurrence of Romanino, Girolamo and Sanzio, Raffaello (Raffaello da Urbino), Vol. 8, Para. 77",viewsari:romanino-girolamo,viewsari:sanzio-raffaello-raffaello-da-urbino,viewsari:cooccurrence_extraction_rom-san_1_02,viewsari:annotation_25307
viewsari:cooccurrence_bra-urb_1,viewsari:cooccurrence,"Co-occurrence of Bramantino (Bartolommeo Suardi) and Urbino, Bramante da, Vol. 8, Para. 84",viewsari:bramantino-bartolommeo-suardi,viewsari:urbino-bramante-da,viewsari:cooccurrence_extraction_bra-urb_1,viewsari:annotation_25308
viewsari:cooccurrence_ghi-ghi_2,viewsari:cooccurrence,"Co-occurrence of Ghirlandajo, David and Ghirlandajo, Domenico, Vol. 8, Para. 95",viewsari:ghirlandajo-david,viewsari:ghirlandajo-domenico,viewsari:cooccurrence_extraction_ghi-ghi_2,viewsari:annotation_25309
viewsari:cooccurrence_ghi-ghi_1_05,viewsari:cooccurrence,"Co-occurrence of Ghirlandajo, Benedetto and Ghirlandajo, Domenico, Vol. 8, Para. 95",viewsari:ghirlandajo-benedetto,viewsari:ghirlandajo-domenico,viewsari:cooccurrence_extraction_ghi-ghi_1_05,viewsari:annotation_25310
viewsari:cooccurrence_ghi-ghi_1_06,viewsari:cooccurrence,"Co-occurrence of Ghirlandajo, Benedetto and Ghirlandajo, David, Vol. 8, Para. 95",viewsari:ghirlandajo-benedetto,viewsari:ghirlandajo-david,viewsari:cooccurrence_extraction_ghi-ghi_1_06,viewsari:annotation_25311
viewsari:cooccurrence_ghi-san_2,viewsari:cooccurrence,"Co-occurrence of Ghirlandajo, Ridolfo and Sanzio, Raffaello (Raffaello da Urbino), Vol. 8, Para. 98",viewsari:ghirlandajo-ridolfo,viewsari:sanzio-raffaello-raffaello-da-urbino,viewsari:cooccurrence_extraction_ghi-san_2,viewsari:annotation_25312
viewsari:cooccurrence_ghi-nun_1,viewsari:cooccurrence,"Co-occurrence of Ghirlandajo, Ridolfo and Nunziata, Vol. 8, Para. 99",viewsari:ghirlandajo-ridolfo,viewsari:nunziata,viewsari:cooccurrence_extraction_ghi-nun_1,viewsari:annotation_25313
viewsari:cooccurrence_alb-ghi_1,viewsari:cooccurrence,"Co-occurrence of Albertinelli, Mariotto and Ghirlandajo, Ridolfo, Vol. 8, Para. 100",viewsari:albertinelli-mariotto,viewsari:ghirlandajo-ridolfo,viewsari:cooccurrence_extraction_alb-ghi_1,viewsari:annotation_25314
viewsari:cooccurrence_ghi-ghi_1_07,viewsari:cooccurrence,"Co-occurrence of Ghirlandajo, Domenico and Ghirlandajo, Ridolfo, Vol. 8, Para. 101",viewsari:ghirlandajo-domenico,viewsari:ghirlandajo-ridolfo,viewsari:cooccurrence_extraction_ghi-ghi_1_07,viewsari:annotation_25315
viewsari:cooccurrence_ghi-ghi_1_08,viewsari:cooccurrence,"Co-occurrence of Ghirlandajo, Michele di Ridolfo and Ghirlandajo, Ridolfo, Vol. 8, Para. 110",viewsari:ghirlandajo-michele-di-ridolfo,viewsari:ghirlandajo-ridolfo,viewsari:cooccurrence_extraction_ghi-ghi_1_08,viewsari:annotation_25316
viewsari:cooccurrence_cas-san_1,viewsari:cooccurrence,"Co-occurrence of Castelfranco, Giorgione da and Sanzio, Raffaello (Raffaello da Urbino), Vol. 8, Para. 115",viewsari:castelfranco-giorgione-da,viewsari:sanzio-raffaello-raffaello-da-urbino,viewsari:cooccurrence_extraction_cas-san_1,viewsari:annotation_25317
viewsari:cooccurrence_gio-san_1_05,viewsari:cooccurrence,"Co-occurrence of Giovanni (the Fleming) and Sanzio, Raffaello (Raffaello da Urbino), Vol. 8, Para. 116",viewsari:giovanni-the-fleming,viewsari:sanzio-raffaello-raffaello-da-urbino,viewsari:cooccurrence_extraction_gio-san_1_05,viewsari:annotation_25318
viewsari:cooccurrence_udi-san_3,viewsari:cooccurrence,"Co-occurrence of Udine, Giovanni da (Giovanni Nanni, or de' Ricamatori) and Sanzio, Raffaello (Raffaello da Urbino), Vol. 8, Para. 116",viewsari:udine-giovanni-da-giovanni-nanni-or-de-ricamatori,viewsari:sanzio-raffaello-raffaello-da-urbino,viewsari:cooccurrence_extraction_udi-san_3,viewsari:annotation_25319
viewsari:cooccurrence_gio-udi_1,viewsari:cooccurrence,"Co-occurrence of Giovanni (the Fleming) and Udine, Giovanni da (Giovanni Nanni, or de' Ricamatori), Vol. 8, Para. 116",viewsari:giovanni-the-fleming,viewsari:udine-giovanni-da-giovanni-nanni-or-de-ricamatori,viewsari:cooccurrence_extraction_gio-udi_1,viewsari:annotation_25320
viewsari:cooccurrence_san-udi_4,viewsari:cooccurrence,"Co-occurrence of Sanzio, Raffaello (Raffaello da Urbino) and Udine, Giovanni da (Giovanni Nanni, or de' Ricamatori), Vol. 8, Para. 116",viewsari:sanzio-raffaello-raffaello-da-urbino,viewsari:udine-giovanni-da-giovanni-nanni-or-de-ricamatori,viewsari:cooccurrence_extraction_san-udi_4,viewsari:annotation_25322
viewsari:cooccurrence_udi-vag_2,viewsari:cooccurrence,"Co-occurrence of Udine, Giovanni da (Giovanni Nanni, or de' Ricamatori) and Vaga, Perino del (Perino Buonaccorsi, or de' Ceri), Vol. 8, Para. 124",viewsari:udine-giovanni-da-giovanni-nanni-or-de-ricamatori,viewsari:vaga-perino-del-perino-buonaccorsi-or-de-ceri,viewsari:cooccurrence_extraction_udi-vag_2,viewsari:annotation_25323
viewsari:cooccurrence_buo-fra_1_01,viewsari:cooccurrence,"Co-occurrence of Buonarroti, Michelagnolo and Franco, Battista (Battista Semolei), Vol. 8, Para. 130",viewsari:buonarroti-michelagnolo,viewsari:franco-battista-battista-semolei,viewsari:cooccurrence_extraction_buo-fra_1_01,viewsari:annotation_25324
viewsari:cooccurrence_fra-san_1_02,viewsari:cooccurrence,"Co-occurrence of Franco, Battista (Battista Semolei) and San Gallo, Antonio da (the younger), Vol. 8, Para. 130",viewsari:franco-battista-battista-semolei,viewsari:san-gallo-antonio-da-the-younger,viewsari:cooccurrence_extraction_fra-san_1_02,viewsari:annotation_25325
viewsari:cooccurrence_buo-san_2_02,viewsari:cooccurrence,"Co-occurrence of Buonarroti, Michelagnolo and San Gallo, Antonio da (the younger), Vol. 8, Para. 130",viewsari:buonarroti-michelagnolo,viewsari:san-gallo-antonio-da-the-younger,viewsari:cooccurrence_extraction_buo-san_2_02,viewsari:annotation_25326
viewsari:cooccurrence_fra-sal_1,viewsari:cooccurrence,"Co-occurrence of Franco, Battista (Battista Semolei) and Salviati, Francesco (Francesco de' Rossi), Vol. 8, Para. 139",viewsari:franco-battista-battista-semolei,viewsari:salviati-francesco-francesco-de-rossi,viewsari:cooccurrence_extraction_fra-sal_1,viewsari:annotation_25327
viewsari:cooccurrence_fra-gen_1,viewsari:cooccurrence,"Co-occurrence of Franco, Battista (Battista Semolei) and Genga, Bartolommeo, Vol. 8, Para. 141",viewsari:franco-battista-battista-semolei,viewsari:genga-bartolommeo,viewsari:cooccurrence_extraction_fra-gen_1,viewsari:annotation_25328
viewsari:cooccurrence_amm-fra_1,viewsari:cooccurrence,"Co-occurrence of Ammanati, Bartolommeo and Franco, Battista (Battista Semolei), Vol. 8, Para. 142",viewsari:ammanati-bartolommeo,viewsari:franco-battista-battista-semolei,viewsari:cooccurrence_extraction_amm-fra_1,viewsari:annotation_25329
viewsari:cooccurrence_fra-san_1_03,viewsari:cooccurrence,"Co-occurrence of Franco, Battista (Battista Semolei) and Sansovino, Jacopo (Jacopo Tatti), Vol. 8, Para. 145",viewsari:franco-battista-battista-semolei,viewsari:sansovino-jacopo-jacopo-tatti,viewsari:cooccurrence_extraction_fra-san_1_03,viewsari:annotation_25330
viewsari:cooccurrence_tin-vec_1_01,viewsari:cooccurrence,"Co-occurrence of Tintoretto, Jacopo (Jacopo Robusti) and Vecelli, Orazio, Vol. 8, Para. 149",viewsari:tintoretto-jacopo-jacopo-robusti,viewsari:vecelli-orazio,viewsari:cooccurrence_extraction_tin-vec_1_01,viewsari:annotation_25331
viewsari:cooccurrence_tin-vec_1_02,viewsari:cooccurrence,"Co-occurrence of Tintoretto, Jacopo (Jacopo Robusti) and Vecelli, Tiziano (Tiziano da Cadore), Vol. 8, Para. 149",viewsari:tintoretto-jacopo-jacopo-robusti,viewsari:vecelli-tiziano-tiziano-da-cadore,viewsari:cooccurrence_extraction_tin-vec_1_02,viewsari:annotation_25332
viewsari:cooccurrence_cal-tin_1,viewsari:cooccurrence,"Co-occurrence of Caliari, Paolo (Paolo Veronese) and Tintoretto, Jacopo (Jacopo Robusti), Vol. 8, Para. 149",viewsari:caliari-paolo-paolo-veronese,viewsari:tintoretto-jacopo-jacopo-robusti,viewsari:cooccurrence_extraction_cal-tin_1,viewsari:annotation_25333
viewsari:cooccurrence_vec-vec_1,viewsari:cooccurrence,"Co-occurrence of Vecelli, Orazio and Vecelli, Tiziano (Tiziano da Cadore), Vol. 8, Para. 149",viewsari:vecelli-orazio,viewsari:vecelli-tiziano-tiziano-da-cadore,viewsari:cooccurrence_extraction_vec-vec_1,viewsari:annotation_25334
viewsari:cooccurrence_cal-vec_1_01,viewsari:cooccurrence,"Co-occurrence of Caliari, Paolo (Paolo Veronese) and Vecelli, Orazio, Vol. 8, Para. 149",viewsari:caliari-paolo-paolo-veronese,viewsari:vecelli-orazio,viewsari:cooccurrence_extraction_cal-vec_1_01,viewsari:annotation_25335
viewsari:cooccurrence_cal-vec_1_02,viewsari:cooccurrence,"Co-occurrence of Caliari, Paolo (Paolo Veronese) and Vecelli, Tiziano (Tiziano da Cadore), Vol. 8, Para. 149",viewsari:caliari-paolo-paolo-veronese,viewsari:vecelli-tiziano-tiziano-da-cadore,viewsari:cooccurrence_extraction_cal-vec_1_02,viewsari:annotation_25336
viewsari:cooccurrence_ros-tin_1,viewsari:cooccurrence,"Co-occurrence of Rosa, Cristofano and Tintoretto, Jacopo (Jacopo Robusti), Vol. 8, Para. 151",viewsari:rosa-cristofano,viewsari:tintoretto-jacopo-jacopo-robusti,viewsari:cooccurrence_extraction_ros-tin_1,viewsari:annotation_25337
viewsari:cooccurrence_cal-far_1,viewsari:cooccurrence,"Co-occurrence of Caliari, Paolo (Paolo Veronese) and Farinato, Battista (Battista da Verona), Vol. 8, Para. 154",viewsari:caliari-paolo-paolo-veronese,viewsari:farinato-battista-battista-da-verona,viewsari:cooccurrence_extraction_cal-far_1,viewsari:annotation_25338
viewsari:cooccurrence_rus-vin_1,viewsari:cooccurrence,"Co-occurrence of Rustici, Giovan Francesco and Vinci, Leonardo da, Vol. 8, Para. 156",viewsari:rustici-giovan-francesco,viewsari:vinci-leonardo-da,viewsari:cooccurrence_extraction_rus-vin_1,viewsari:annotation_25339
viewsari:cooccurrence_rus-ver_1,viewsari:cooccurrence,"Co-occurrence of Rustici, Giovan Francesco and Verrocchio, Andrea, Vol. 8, Para. 156",viewsari:rustici-giovan-francesco,viewsari:verrocchio-andrea,viewsari:cooccurrence_extraction_rus-ver_1,viewsari:annotation_25340
viewsari:cooccurrence_ver-vin_3,viewsari:cooccurrence,"Co-occurrence of Verrocchio, Andrea and Vinci, Leonardo da, Vol. 8, Para. 156",viewsari:verrocchio-andrea,viewsari:vinci-leonardo-da,viewsari:cooccurrence_extraction_ver-vin_3,viewsari:annotation_25341
viewsari:cooccurrence_con-rus_1,viewsari:cooccurrence,"Co-occurrence of Contucci, Andrea (Andrea Sansovino) and Rustici, Giovan Francesco, Vol. 8, Para. 159",viewsari:contucci-andrea-andrea-sansovino,viewsari:rustici-giovan-francesco,viewsari:cooccurrence_extraction_con-rus_1,viewsari:annotation_25342
viewsari:cooccurrence_mon-tad_1,viewsari:cooccurrence,"Co-occurrence of Montorsoli, Fra Giovanni Agnolo and Tadda, Francesco del (Francesco Ferrucci), Vol. 8, Para. 177",viewsari:montorsoli-fra-giovanni-agnolo,viewsari:tadda-francesco-del-francesco-ferrucci,viewsari:cooccurrence_extraction_mon-tad_1,viewsari:annotation_25343
viewsari:cooccurrence_buo-sal_1,viewsari:cooccurrence,"Co-occurrence of Buonarroti, Michelagnolo and Salviati, Francesco (Francesco de' Rossi), Vol. 8, Para. 236",viewsari:buonarroti-michelagnolo,viewsari:salviati-francesco-francesco-de-rossi,viewsari:cooccurrence_extraction_buo-sal_1,viewsari:annotation_25344
viewsari:cooccurrence_ban-buo_4,viewsari:cooccurrence,"Co-occurrence of Bandinelli, Baccio (Baccio de' Brandini) and Buonarroti, Michelagnolo, Vol. 8, Para. 208",viewsari:bandinelli-baccio-baccio-de-brandini,viewsari:buonarroti-michelagnolo,viewsari:cooccurrence_extraction_ban-buo_4,viewsari:annotation_25345
viewsari:cooccurrence_ban-sal_1,viewsari:cooccurrence,"Co-occurrence of Bandinelli, Baccio (Baccio de' Brandini) and Salviati, Francesco (Francesco de' Rossi), Vol. 8, Para. 208",viewsari:bandinelli-baccio-baccio-de-brandini,viewsari:salviati-francesco-francesco-de-rossi,viewsari:cooccurrence_extraction_ban-sal_1,viewsari:annotation_25346
viewsari:cooccurrence_sal-sar_2,viewsari:cooccurrence,"Co-occurrence of Salviati, Francesco (Francesco de' Rossi) and Sarto, Andrea del (Andrea d' Agnolo), Vol. 8, Para. 211",viewsari:salviati-francesco-francesco-de-rossi,viewsari:sarto-andrea-del-andrea-d-agnolo,viewsari:cooccurrence_extraction_sal-sar_2,viewsari:annotation_25347
viewsari:cooccurrence_sal-vas_1,viewsari:cooccurrence,"Co-occurrence of Salviati, Francesco (Francesco de' Rossi) and Vasari, Giorgio, Vol. 8, Para. 213",viewsari:salviati-francesco-francesco-de-rossi,viewsari:vasari-giorgio,viewsari:cooccurrence_extraction_sal-vas_1,viewsari:annotation_25348
viewsari:cooccurrence_sar-vas_1,viewsari:cooccurrence,"Co-occurrence of Sarto, Andrea del (Andrea d' Agnolo) and Vasari, Giorgio, Vol. 8, Para. 211",viewsari:sarto-andrea-del-andrea-d-agnolo,viewsari:vasari-giorgio,viewsari:cooccurrence_extraction_sar-vas_1,viewsari:annotation_25349
viewsari:cooccurrence_sal-tas_1,viewsari:cooccurrence,"Co-occurrence of Salviati, Francesco (Francesco de' Rossi) and Tasso, Battista del, Vol. 8, Para. 227",viewsari:salviati-francesco-francesco-de-rossi,viewsari:tasso-battista-del,viewsari:cooccurrence_extraction_sal-tas_1,viewsari:annotation_25350
viewsari:cooccurrence_con-sal_1,viewsari:cooccurrence,"Co-occurrence of Conte, Jacopo del and Salviati, Francesco (Francesco de' Rossi), Vol. 8, Para. 232",viewsari:conte-jacopo-del,viewsari:salviati-francesco-francesco-de-rossi,viewsari:cooccurrence_extraction_con-sal_1,viewsari:annotation_25351
viewsari:cooccurrence_buo-ric_1,viewsari:cooccurrence,"Co-occurrence of Buonarroti, Michelagnolo and Ricciarelli, Daniello (Daniello da Volterra), Vol. 8, Para. 260",viewsari:buonarroti-michelagnolo,viewsari:ricciarelli-daniello-daniello-da-volterra,viewsari:cooccurrence_extraction_buo-ric_1,viewsari:annotation_25352
viewsari:cooccurrence_ric-sal_1,viewsari:cooccurrence,"Co-occurrence of Ricciarelli, Daniello (Daniello da Volterra) and Salviati, Francesco (Francesco de' Rossi), Vol. 8, Para. 236",viewsari:ricciarelli-daniello-daniello-da-volterra,viewsari:salviati-francesco-francesco-de-rossi,viewsari:cooccurrence_extraction_ric-sal_1,viewsari:annotation_25353
viewsari:cooccurrence_lig-sal_1,viewsari:cooccurrence,"Co-occurrence of Ligorio, Pirro and Salviati, Francesco (Francesco de' Rossi), Vol. 8, Para. 237",viewsari:ligorio-pirro,viewsari:salviati-francesco-francesco-de-rossi,viewsari:cooccurrence_extraction_lig-sal_1,viewsari:annotation_25354
viewsari:cooccurrence_man-pra_1,viewsari:cooccurrence,"Co-occurrence of Manno and Prato, Francesco di Girolamo dal, Vol. 8, Para. 241",viewsari:manno,viewsari:prato-francesco-di-girolamo-dal,viewsari:cooccurrence_extraction_man-pra_1,viewsari:annotation_25355
viewsari:cooccurrence_man-sal_1,viewsari:cooccurrence,"Co-occurrence of Manno and Salviati, Francesco (Francesco de' Rossi), Vol. 8, Para. 241",viewsari:manno,viewsari:salviati-francesco-francesco-de-rossi,viewsari:cooccurrence_extraction_man-sal_1,viewsari:annotation_25356
viewsari:cooccurrence_man-sal_2,viewsari:cooccurrence,"Co-occurrence of Manno and Salviati, Francesco (Francesco de' Rossi), Vol. 8, Para. 241",viewsari:manno,viewsari:salviati-francesco-francesco-de-rossi,viewsari:cooccurrence_extraction_man-sal_2,viewsari:annotation_25357
viewsari:cooccurrence_pra-sal_1_01,viewsari:cooccurrence,"Co-occurrence of Prato, Francesco di Girolamo dal and Salviati, Francesco (Francesco de' Rossi), Vol. 8, Para. 241",viewsari:prato-francesco-di-girolamo-dal,viewsari:salviati-francesco-francesco-de-rossi,viewsari:cooccurrence_extraction_pra-sal_1_01,viewsari:annotation_25358
viewsari:cooccurrence_pra-sal_1_02,viewsari:cooccurrence,"Co-occurrence of Prato, Girolamo dal and Salviati, Francesco (Francesco de' Rossi), Vol. 8, Para. 242",viewsari:prato-girolamo-dal,viewsari:salviati-francesco-francesco-de-rossi,viewsari:cooccurrence_extraction_pra-sal_1_02,viewsari:annotation_25360
viewsari:cooccurrence_pra-pra_1,viewsari:cooccurrence,"Co-occurrence of Prato, Francesco di Girolamo dal and Prato, Girolamo dal, Vol. 8, Para. 242",viewsari:prato-francesco-di-girolamo-dal,viewsari:prato-girolamo-dal,viewsari:cooccurrence_extraction_pra-pra_1,viewsari:annotation_25361
viewsari:cooccurrence_sal-pra_2,viewsari:cooccurrence,"Co-occurrence of Salviati, Francesco (Francesco de' Rossi) and Prato, Girolamo dal, Vol. 8, Para. 242",viewsari:salviati-francesco-francesco-de-rossi,viewsari:prato-girolamo-dal,viewsari:cooccurrence_extraction_sal-pra_2,viewsari:annotation_25362
viewsari:cooccurrence_rom-sal_1,viewsari:cooccurrence,"Co-occurrence of Romano, Domenico and Salviati, Francesco (Francesco de' Rossi), Vol. 8, Para. 245",viewsari:romano-domenico,viewsari:salviati-francesco-francesco-de-rossi,viewsari:cooccurrence_extraction_rom-sal_1,viewsari:annotation_25363
viewsari:cooccurrence_ric-vag_1,viewsari:cooccurrence,"Co-occurrence of Ricciarelli, Daniello (Daniello da Volterra) and Vaga, Perino del (Perino Buonaccorsi, or de' Ceri), Vol. 8, Para. 252",viewsari:ricciarelli-daniello-daniello-da-volterra,viewsari:vaga-perino-del-perino-buonaccorsi-or-de-ceri,viewsari:cooccurrence_extraction_ric-vag_1,viewsari:annotation_25364
viewsari:cooccurrence_maz-ric_1,viewsari:cooccurrence,"Co-occurrence of Mazzoni, Giulio and Ricciarelli, Daniello (Daniello da Volterra), Vol. 8, Para. 263",viewsari:mazzoni-giulio,viewsari:ricciarelli-daniello-daniello-da-volterra,viewsari:cooccurrence_extraction_maz-ric_1,viewsari:annotation_25365
viewsari:cooccurrence_zuc-zuc_1_01,viewsari:cooccurrence,"Co-occurrence of Zucchero, Ottaviano and Zucchero, Taddeo, Vol. 8, Para. 265",viewsari:zucchero-ottaviano,viewsari:zucchero-taddeo,viewsari:cooccurrence_extraction_zuc-zuc_1_01,viewsari:annotation_25366
viewsari:cooccurrence_san-zuc_1_01,viewsari:cooccurrence,"Co-occurrence of Sant' Agnolo, Francesco and Zucchero, Ottaviano, Vol. 8, Para. 265",viewsari:sant-agnolo-francesco,viewsari:zucchero-ottaviano,viewsari:cooccurrence_extraction_san-zuc_1_01,viewsari:annotation_25367
viewsari:cooccurrence_san-zuc_1_02,viewsari:cooccurrence,"Co-occurrence of Sant' Agnolo, Francesco and Zucchero, Taddeo, Vol. 8, Para. 265",viewsari:sant-agnolo-francesco,viewsari:zucchero-taddeo,viewsari:cooccurrence_extraction_san-zuc_1_02,viewsari:annotation_25368
viewsari:cooccurrence_por-zuc_1,viewsari:cooccurrence,"Co-occurrence of Porri, Daniello (Daniello da Parma) and Zucchero, Taddeo, Vol. 8, Para. 268",viewsari:porri-daniello-daniello-da-parma,viewsari:zucchero-taddeo,viewsari:cooccurrence_extraction_por-zuc_1,viewsari:annotation_25369
viewsari:cooccurrence_cor-zuc_1,viewsari:cooccurrence,"Co-occurrence of Correggio, Antonio da and Zucchero, Taddeo, Vol. 8, Para. 268",viewsari:correggio-antonio-da,viewsari:zucchero-taddeo,viewsari:cooccurrence_extraction_cor-zuc_1,viewsari:annotation_25370
viewsari:cooccurrence_cor-por_1,viewsari:cooccurrence,"Co-occurrence of Correggio, Antonio da and Porri, Daniello (Daniello da Parma), Vol. 8, Para. 268",viewsari:correggio-antonio-da,viewsari:porri-daniello-daniello-da-parma,viewsari:cooccurrence_extraction_cor-por_1,viewsari:annotation_25371
viewsari:cooccurrence_maz-zuc_1,viewsari:cooccurrence,"Co-occurrence of Mazzuoli, Francesco (Parmigiano) and Zucchero, Taddeo, Vol. 8, Para. 269",viewsari:mazzuoli-francesco-parmigiano,viewsari:zucchero-taddeo,viewsari:cooccurrence_extraction_maz-zuc_1,viewsari:annotation_25372
viewsari:cooccurrence_san-zuc_2,viewsari:cooccurrence,"Co-occurrence of Sant' Agnolo, Francesco and Zucchero, Taddeo, Vol. 8, Para. 269",viewsari:sant-agnolo-francesco,viewsari:zucchero-taddeo,viewsari:cooccurrence_extraction_san-zuc_2,viewsari:annotation_25373
viewsari:cooccurrence_zuc-zuc_1_02,viewsari:cooccurrence,"Co-occurrence of Zucchero, Federigo and Zucchero, Taddeo, Vol. 8, Para. 297",viewsari:zucchero-federigo,viewsari:zucchero-taddeo,viewsari:cooccurrence_extraction_zuc-zuc_1_02,viewsari:annotation_25374
viewsari:cooccurrence_fon-zuc_1,viewsari:cooccurrence,"Co-occurrence of Fontana, Prospero and Zucchero, Taddeo, Vol. 8, Para. 291",viewsari:fontana-prospero,viewsari:zucchero-taddeo,viewsari:cooccurrence_extraction_fon-zuc_1,viewsari:annotation_25375
viewsari:cooccurrence_sal-zuc_1,viewsari:cooccurrence,"Co-occurrence of Salviati, Francesco (Francesco de' Rossi) and Zucchero, Taddeo, Vol. 8, Para. 307",viewsari:salviati-francesco-francesco-de-rossi,viewsari:zucchero-taddeo,viewsari:cooccurrence_extraction_sal-zuc_1,viewsari:annotation_25376
viewsari:cooccurrence_pal-zuc_1_01,viewsari:cooccurrence,"Co-occurrence of Palladio, Andrea and Zucchero, Federigo, Vol. 8, Para. 310",viewsari:palladio-andrea,viewsari:zucchero-federigo,viewsari:cooccurrence_extraction_pal-zuc_1_01,viewsari:annotation_25377
viewsari:cooccurrence_pal-zuc_1_02,viewsari:cooccurrence,"Co-occurrence of Palladio, Andrea and Zucchero, Taddeo, Vol. 8, Para. 310",viewsari:palladio-andrea,viewsari:zucchero-taddeo,viewsari:cooccurrence_extraction_pal-zuc_1_02,viewsari:annotation_25378
viewsari:cooccurrence_san-zuc_1_03,viewsari:cooccurrence,"Co-occurrence of Sanzio, Raffaello (Raffaello da Urbino) and Zucchero, Taddeo, Vol. 8, Para. 314",viewsari:sanzio-raffaello-raffaello-da-urbino,viewsari:zucchero-taddeo,viewsari:cooccurrence_extraction_san-zuc_1_03,viewsari:annotation_25379
viewsari:cooccurrence_san-zuc_1_04,viewsari:cooccurrence,"Co-occurrence of Sanzio, Raffaello (Raffaello da Urbino) and Zucchero, Federigo, Vol. 8, Para. 314",viewsari:sanzio-raffaello-raffaello-da-urbino,viewsari:zucchero-federigo,viewsari:cooccurrence_extraction_san-zuc_1_04,viewsari:annotation_25380
viewsari:cooccurrence_bar-pri_1,viewsari:cooccurrence,"Co-occurrence of Barozzi, Jacopo (Vignuola) and Primaticcio, Francesco, Description of Works, Vol. 8, Para. 315",viewsari:barozzi-jacopo-vignuola,viewsari:primaticcio-francesco-description-of-works,viewsari:cooccurrence_extraction_bar-pri_1,viewsari:annotation_25381
viewsari:cooccurrence_buo-gra_2,viewsari:cooccurrence,"Co-occurrence of Buonarroti, Michelagnolo and Granacci, Francesco (Il Granaccio), Vol. 9, Para. 3",viewsari:buonarroti-michelagnolo,viewsari:granacci-francesco-il-granaccio,viewsari:cooccurrence_extraction_buo-gra_2,viewsari:annotation_25382
viewsari:cooccurrence_ghi-gra_2,viewsari:cooccurrence,"Co-occurrence of Ghirlandajo, Domenico and Granacci, Francesco (Il Granaccio), Vol. 9, Para. 3",viewsari:ghirlandajo-domenico,viewsari:granacci-francesco-il-granaccio,viewsari:cooccurrence_extraction_ghi-gra_2,viewsari:annotation_25383
viewsari:cooccurrence_buo-ghi_2_01,viewsari:cooccurrence,"Co-occurrence of Buonarroti, Michelagnolo and Ghirlandajo, Domenico, Vol. 9, Para. 4",viewsari:buonarroti-michelagnolo,viewsari:ghirlandajo-domenico,viewsari:cooccurrence_extraction_buo-ghi_2_01,viewsari:annotation_25384
viewsari:cooccurrence_ber-don_1,viewsari:cooccurrence,"Co-occurrence of Bertoldo and Donato (Donatello), Vol. 9, Para. 6",viewsari:bertoldo,viewsari:donato-donatello,viewsari:cooccurrence_extraction_ber-don_1,viewsari:annotation_25385
viewsari:cooccurrence_ber-ghi_1,viewsari:cooccurrence,"Co-occurrence of Bertoldo and Ghirlandajo, Domenico, Vol. 9, Para. 6",viewsari:bertoldo,viewsari:ghirlandajo-domenico,viewsari:cooccurrence_extraction_ber-ghi_1,viewsari:annotation_25386
viewsari:cooccurrence_ber-buo_1,viewsari:cooccurrence,"Co-occurrence of Bertoldo and Buonarroti, Michelagnolo, Vol. 9, Para. 6",viewsari:bertoldo,viewsari:buonarroti-michelagnolo,viewsari:cooccurrence_extraction_ber-buo_1,viewsari:annotation_25387
viewsari:cooccurrence_don-ghi_1_03,viewsari:cooccurrence,"Co-occurrence of Donato (Donatello) and Ghirlandajo, Domenico, Vol. 9, Para. 6",viewsari:donato-donatello,viewsari:ghirlandajo-domenico,viewsari:cooccurrence_extraction_don-ghi_1_03,viewsari:annotation_25388
viewsari:cooccurrence_buo-don_2,viewsari:cooccurrence,"Co-occurrence of Buonarroti, Michelagnolo and Donato (Donatello), Vol. 9, Para. 200",viewsari:buonarroti-michelagnolo,viewsari:donato-donatello,viewsari:cooccurrence_extraction_buo-don_2,viewsari:annotation_25389
viewsari:cooccurrence_buo-tor_2,viewsari:cooccurrence,"Co-occurrence of Buonarroti, Michelagnolo and Torrigiano, Vol. 9, Para. 8",viewsari:buonarroti-michelagnolo,viewsari:torrigiano,viewsari:cooccurrence_extraction_buo-tor_2,viewsari:annotation_25390
viewsari:cooccurrence_buo-vin_3,viewsari:cooccurrence,"Co-occurrence of Buonarroti, Michelagnolo and Vinci, Leonardo da, Vol. 9, Para. 20",viewsari:buonarroti-michelagnolo,viewsari:vinci-leonardo-da,viewsari:cooccurrence_extraction_buo-vin_3,viewsari:annotation_25391
viewsari:cooccurrence_buo-fra_1_02,viewsari:cooccurrence,"Co-occurrence of Buonarroti, Michelagnolo and Francia, Francesco, Vol. 9, Para. 26",viewsari:buonarroti-michelagnolo,viewsari:francia-francesco,viewsari:cooccurrence_extraction_buo-fra_1_02,viewsari:annotation_25392
viewsari:cooccurrence_buo-san_3_01,viewsari:cooccurrence,"Co-occurrence of Buonarroti, Michelagnolo and Sanzio, Raffaello (Raffaello da Urbino), Vol. 9, Para. 28",viewsari:buonarroti-michelagnolo,viewsari:sanzio-raffaello-raffaello-da-urbino,viewsari:cooccurrence_extraction_buo-san_3_01,viewsari:annotation_25393
viewsari:cooccurrence_buo-urb_2,viewsari:cooccurrence,"Co-occurrence of Buonarroti, Michelagnolo and Urbino, Bramante da, Vol. 9, Para. 28",viewsari:buonarroti-michelagnolo,viewsari:urbino-bramante-da,viewsari:cooccurrence_extraction_buo-urb_2,viewsari:annotation_25394
viewsari:cooccurrence_san-urb_3,viewsari:cooccurrence,"Co-occurrence of Sanzio, Raffaello (Raffaello da Urbino) and Urbino, Bramante da, Vol. 9, Para. 285",viewsari:sanzio-raffaello-raffaello-da-urbino,viewsari:urbino-bramante-da,viewsari:cooccurrence_extraction_san-urb_3,viewsari:annotation_25395
viewsari:cooccurrence_buo-san_2_03,viewsari:cooccurrence,"Co-occurrence of Buonarroti, Michelagnolo and San Gallo, Giuliano da, Vol. 9, Para. 30",viewsari:buonarroti-michelagnolo,viewsari:san-gallo-giuliano-da,viewsari:cooccurrence_extraction_buo-san_2_03,viewsari:annotation_25396
viewsari:cooccurrence_buo-san_1_05,viewsari:cooccurrence,"Co-occurrence of Buonarroti, Michelagnolo and Sansovino, Jacopo (Jacopo Tatti), Vol. 9, Para. 323",viewsari:buonarroti-michelagnolo,viewsari:sansovino-jacopo-jacopo-tatti,viewsari:cooccurrence_extraction_buo-san_1_05,viewsari:annotation_25397
viewsari:cooccurrence_buo-sar_1,viewsari:cooccurrence,"Co-occurrence of Buonarroti, Michelagnolo and Sarto, Andrea del (Andrea d' Agnolo), Vol. 9, Para. 44",viewsari:buonarroti-michelagnolo,viewsari:sarto-andrea-del-andrea-d-agnolo,viewsari:cooccurrence_extraction_buo-sar_1,viewsari:annotation_25398
viewsari:cooccurrence_ban-buo_5,viewsari:cooccurrence,"Co-occurrence of Bandinelli, Baccio (Baccio de' Brandini) and Buonarroti, Michelagnolo, Vol. 9, Para. 53",viewsari:bandinelli-baccio-baccio-de-brandini,viewsari:buonarroti-michelagnolo,viewsari:cooccurrence_extraction_ban-buo_5,viewsari:annotation_25399
viewsari:cooccurrence_buo-cin_1,viewsari:cooccurrence,"Co-occurrence of Buonarroti, Michelagnolo and Cinque, Battista del, Vol. 9, Para. 57",viewsari:buonarroti-michelagnolo,viewsari:cinque-battista-del,viewsari:cooccurrence_extraction_buo-cin_1,viewsari:annotation_25400
viewsari:cooccurrence_buo-mon_2,viewsari:cooccurrence,"Co-occurrence of Buonarroti, Michelagnolo and Montelupo, Raffaello da, Vol. 9, Para. 80",viewsari:buonarroti-michelagnolo,viewsari:montelupo-raffaello-da,viewsari:cooccurrence_extraction_buo-mon_2,viewsari:annotation_25401
viewsari:cooccurrence_buo-san_3_02,viewsari:cooccurrence,"Co-occurrence of Buonarroti, Michelagnolo and San Gallo, Antonio da (the younger), Vol. 9, Para. 74",viewsari:buonarroti-michelagnolo,viewsari:san-gallo-antonio-da-the-younger,viewsari:cooccurrence_extraction_buo-san_3_02,viewsari:annotation_25402
viewsari:cooccurrence_san-urb_2_03,viewsari:cooccurrence,"Co-occurrence of San Gallo, Antonio da (the younger) and Urbino, Bramante da, Vol. 9, Para. 74",viewsari:san-gallo-antonio-da-the-younger,viewsari:urbino-bramante-da,viewsari:cooccurrence_extraction_san-urb_2_03,viewsari:annotation_25403
viewsari:cooccurrence_buo-por_1,viewsari:cooccurrence,"Co-occurrence of Buonarroti, Michelagnolo and Porta, Fra Guglielmo della (Guglielmo Milanese), Vol. 9, Para. 337",viewsari:buonarroti-michelagnolo,viewsari:porta-fra-guglielmo-della-guglielmo-milanese,viewsari:cooccurrence_extraction_buo-por_1,viewsari:annotation_25404
viewsari:cooccurrence_big-buo_1,viewsari:cooccurrence,"Co-occurrence of Bigio, Nanni di Baccio (Giovanni di Baccio) and Buonarroti, Michelagnolo, Vol. 9, Para. 343",viewsari:bigio-nanni-di-baccio-giovanni-di-baccio,viewsari:buonarroti-michelagnolo,viewsari:cooccurrence_extraction_big-buo_1,viewsari:annotation_25405
viewsari:cooccurrence_big-mon_1,viewsari:cooccurrence,"Co-occurrence of Bigio, Nanni di Baccio (Giovanni di Baccio) and Montelupo, Raffaello da, Vol. 9, Para. 80",viewsari:bigio-nanni-di-baccio-giovanni-di-baccio,viewsari:montelupo-raffaello-da,viewsari:cooccurrence_extraction_big-mon_1,viewsari:annotation_25406
viewsari:cooccurrence_buo-tri_3,viewsari:cooccurrence,"Co-occurrence of Buonarroti, Michelagnolo and Tribolo (Niccolò), Vol. 9, Para. 100",viewsari:buonarroti-michelagnolo,viewsari:tribolo-niccol,viewsari:cooccurrence_extraction_buo-tri_3,viewsari:annotation_25407
viewsari:cooccurrence_buo-cal_1,viewsari:cooccurrence,"Co-occurrence of Buonarroti, Michelagnolo and Calcagni, Tiberio, Vol. 9, Para. 143",viewsari:buonarroti-michelagnolo,viewsari:calcagni-tiberio,viewsari:cooccurrence_extraction_buo-cal_1,viewsari:annotation_25408
viewsari:cooccurrence_buo-ric_2,viewsari:cooccurrence,"Co-occurrence of Buonarroti, Michelagnolo and Ricciarelli, Daniello (Daniello da Volterra), Vol. 9, Para. 144",viewsari:buonarroti-michelagnolo,viewsari:ricciarelli-daniello-daniello-da-volterra,viewsari:cooccurrence_extraction_buo-ric_2,viewsari:annotation_25409
viewsari:cooccurrence_big-ric_1,viewsari:cooccurrence,"Co-occurrence of Bigio, Nanni di Baccio (Giovanni di Baccio) and Ricciarelli, Daniello (Daniello da Volterra), Vol. 9, Para. 144",viewsari:bigio-nanni-di-baccio-giovanni-di-baccio,viewsari:ricciarelli-daniello-daniello-da-volterra,viewsari:cooccurrence_extraction_big-ric_1,viewsari:annotation_25410
viewsari:cooccurrence_buo-lig_1,viewsari:cooccurrence,"Co-occurrence of Buonarroti, Michelagnolo and Ligorio, Pirro, Vol. 9, Para. 144",viewsari:buonarroti-michelagnolo,viewsari:ligorio-pirro,viewsari:cooccurrence_extraction_buo-lig_1,viewsari:annotation_25411
viewsari:cooccurrence_buo-ven_1,viewsari:cooccurrence,"Co-occurrence of Buonarroti, Michelagnolo and Venusti, Marcello (Marcello Mantovano), Vol. 9, Para. 149",viewsari:buonarroti-michelagnolo,viewsari:venusti-marcello-marcello-mantovano,viewsari:cooccurrence_extraction_buo-ven_1,viewsari:annotation_25412
viewsari:cooccurrence_buo-con_1,viewsari:cooccurrence,"Co-occurrence of Buonarroti, Michelagnolo and Condivi, Ascanio (Ascanio dalla Ripa Transone), Vol. 9, Para. 150",viewsari:buonarroti-michelagnolo,viewsari:condivi-ascanio-ascanio-dalla-ripa-transone,viewsari:cooccurrence_extraction_buo-con_1,viewsari:annotation_25413
viewsari:cooccurrence_buo-ghi_2_02,viewsari:cooccurrence,"Co-occurrence of Buonarroti, Michelagnolo and Ghiberti, Lorenzo (Lorenzo di Bartoluccio Ghiberti, or Lorenzo di Cione Ghiberti), Vol. 9, Para. 154",viewsari:buonarroti-michelagnolo,viewsari:ghiberti-lorenzo-lorenzo-di-bartoluccio-ghiberti-or-lorenzo-di-cione-ghiberti,viewsari:cooccurrence_extraction_buo-ghi_2_02,viewsari:annotation_25414
viewsari:cooccurrence_buo-men_1,viewsari:cooccurrence,"Co-occurrence of Buonarroti, Michelagnolo and Menighella, Vol. 9, Para. 155",viewsari:buonarroti-michelagnolo,viewsari:menighella,viewsari:cooccurrence_extraction_buo-men_1,viewsari:annotation_25415
viewsari:cooccurrence_buo-top_1,viewsari:cooccurrence,"Co-occurrence of Buonarroti, Michelagnolo and Topolino, Vol. 9, Para. 156",viewsari:buonarroti-michelagnolo,viewsari:topolino,viewsari:cooccurrence_extraction_buo-top_1,viewsari:annotation_25416
viewsari:cooccurrence_buo-min_1,viewsari:cooccurrence,"Co-occurrence of Buonarroti, Michelagnolo and Minga, Andrea del, Vol. 9, Para. 195",viewsari:buonarroti-michelagnolo,viewsari:minga-andrea-del,viewsari:cooccurrence_extraction_buo-min_1,viewsari:annotation_25417
viewsari:cooccurrence_buo-par_1,viewsari:cooccurrence,"Co-occurrence of Buonarroti, Michelagnolo and Parrhasius, Vol. 9, Para. 200",viewsari:buonarroti-michelagnolo,viewsari:parrhasius,viewsari:cooccurrence_extraction_buo-par_1,viewsari:annotation_25418
viewsari:cooccurrence_buo-gio_1,viewsari:cooccurrence,"Co-occurrence of Buonarroti, Michelagnolo and Giotto, Vol. 9, Para. 200",viewsari:buonarroti-michelagnolo,viewsari:giotto,viewsari:cooccurrence_extraction_buo-gio_1,viewsari:annotation_25419
viewsari:cooccurrence_buo-mas_1,viewsari:cooccurrence,"Co-occurrence of Buonarroti, Michelagnolo and Masaccio, Vol. 9, Para. 200",viewsari:buonarroti-michelagnolo,viewsari:masaccio,viewsari:cooccurrence_extraction_buo-mas_1,viewsari:annotation_25420
viewsari:cooccurrence_bru-buo_2,viewsari:cooccurrence,"Co-occurrence of Brunelleschi, Filippo (Filippo di Ser Brunellesco) and Buonarroti, Michelagnolo, Vol. 9, Para. 200",viewsari:brunelleschi-filippo-filippo-di-ser-brunellesco,viewsari:buonarroti-michelagnolo,viewsari:cooccurrence_extraction_bru-buo_2,viewsari:annotation_25421
viewsari:cooccurrence_gio-par_1,viewsari:cooccurrence,"Co-occurrence of Giotto and Parrhasius, Vol. 9, Para. 200",viewsari:giotto,viewsari:parrhasius,viewsari:cooccurrence_extraction_gio-par_1,viewsari:annotation_25422
viewsari:cooccurrence_mas-par_1,viewsari:cooccurrence,"Co-occurrence of Masaccio and Parrhasius, Vol. 9, Para. 200",viewsari:masaccio,viewsari:parrhasius,viewsari:cooccurrence_extraction_mas-par_1,viewsari:annotation_25423
viewsari:cooccurrence_don-par_1,viewsari:cooccurrence,"Co-occurrence of Donato (Donatello) and Parrhasius, Vol. 9, Para. 200",viewsari:donato-donatello,viewsari:parrhasius,viewsari:cooccurrence_extraction_don-par_1,viewsari:annotation_25424
viewsari:cooccurrence_bru-par_1,viewsari:cooccurrence,"Co-occurrence of Brunelleschi, Filippo (Filippo di Ser Brunellesco) and Parrhasius, Vol. 9, Para. 200",viewsari:brunelleschi-filippo-filippo-di-ser-brunellesco,viewsari:parrhasius,viewsari:cooccurrence_extraction_bru-par_1,viewsari:annotation_25425
viewsari:cooccurrence_gio-mas_1,viewsari:cooccurrence,"Co-occurrence of Giotto and Masaccio, Vol. 9, Para. 200",viewsari:giotto,viewsari:masaccio,viewsari:cooccurrence_extraction_gio-mas_1,viewsari:annotation_25426
viewsari:cooccurrence_don-gio_1,viewsari:cooccurrence,"Co-occurrence of Donato (Donatello) and Giotto, Vol. 9, Para. 200",viewsari:donato-donatello,viewsari:giotto,viewsari:cooccurrence_extraction_don-gio_1,viewsari:annotation_25427
viewsari:cooccurrence_bru-gio_1,viewsari:cooccurrence,"Co-occurrence of Brunelleschi, Filippo (Filippo di Ser Brunellesco) and Giotto, Vol. 9, Para. 200",viewsari:brunelleschi-filippo-filippo-di-ser-brunellesco,viewsari:giotto,viewsari:cooccurrence_extraction_bru-gio_1,viewsari:annotation_25428
viewsari:cooccurrence_don-mas_1,viewsari:cooccurrence,"Co-occurrence of Donato (Donatello) and Masaccio, Vol. 9, Para. 200",viewsari:donato-donatello,viewsari:masaccio,viewsari:cooccurrence_extraction_don-mas_1,viewsari:annotation_25429
viewsari:cooccurrence_bru-mas_2,viewsari:cooccurrence,"Co-occurrence of Brunelleschi, Filippo (Filippo di Ser Brunellesco) and Masaccio, Vol. 9, Para. 200",viewsari:brunelleschi-filippo-filippo-di-ser-brunellesco,viewsari:masaccio,viewsari:cooccurrence_extraction_bru-mas_2,viewsari:annotation_25430
viewsari:cooccurrence_bru-don_2,viewsari:cooccurrence,"Co-occurrence of Brunelleschi, Filippo (Filippo di Ser Brunellesco) and Donato (Donatello), Vol. 9, Para. 200",viewsari:brunelleschi-filippo-filippo-di-ser-brunellesco,viewsari:donato-donatello,viewsari:cooccurrence_extraction_bru-don_2,viewsari:annotation_25431
viewsari:cooccurrence_pri-rom_1,viewsari:cooccurrence,"Co-occurrence of Primaticcio, Francesco, Description of Works and Romano, Giulio (Giulio Pippi de' Giannuzzi), Vol. 9, Para. 229",viewsari:primaticcio-francesco-description-of-works,viewsari:romano-giulio-giulio-pippi-de-giannuzzi,viewsari:cooccurrence_extraction_pri-rom_1,viewsari:annotation_25432
viewsari:cooccurrence_pri-ros_1,viewsari:cooccurrence,"Co-occurrence of Primaticcio, Francesco, Description of Works and Rosso, Il (Giovan Battista de' Rossi), Vol. 9, Para. 230",viewsari:primaticcio-francesco-description-of-works,viewsari:rosso-il-giovan-battista-de-rossi,viewsari:cooccurrence_extraction_pri-ros_1,viewsari:annotation_25433
viewsari:cooccurrence_fon-pri_1,viewsari:cooccurrence,"Co-occurrence of Fontana, Prospero and Primaticcio, Francesco, Description of Works, Vol. 9, Para. 234",viewsari:fontana-prospero,viewsari:primaticcio-francesco-description-of-works,viewsari:cooccurrence_extraction_fon-pri_1,viewsari:annotation_25434
viewsari:cooccurrence_cas-vec_1,viewsari:cooccurrence,"Co-occurrence of Castelfranco, Giorgione da and Vecelli, Tiziano (Tiziano da Cadore), Vol. 9, Para. 254",viewsari:castelfranco-giorgione-da,viewsari:vecelli-tiziano-tiziano-da-cadore,viewsari:cooccurrence_extraction_cas-vec_1,viewsari:annotation_25435
viewsari:cooccurrence_ber-vec_1,viewsari:cooccurrence,"Co-occurrence of Bernardi, Giovanni (Giovanni da Castel Bolognese) and Vecelli, Tiziano (Tiziano da Cadore), Vol. 9, Para. 254",viewsari:bernardi-giovanni-giovanni-da-castel-bolognese,viewsari:vecelli-tiziano-tiziano-da-cadore,viewsari:cooccurrence_extraction_ber-vec_1,viewsari:annotation_25436
viewsari:cooccurrence_san-vec_1,viewsari:cooccurrence,"Co-occurrence of Sanzio, Raffaello (Raffaello da Urbino) and Vecelli, Tiziano (Tiziano da Cadore), Vol. 9, Para. 254",viewsari:sanzio-raffaello-raffaello-da-urbino,viewsari:vecelli-tiziano-tiziano-da-cadore,viewsari:cooccurrence_extraction_san-vec_1,viewsari:annotation_25437
viewsari:cooccurrence_cas-san_2,viewsari:cooccurrence,"Co-occurrence of Castelfranco, Giorgione da and Sanzio, Raffaello (Raffaello da Urbino), Vol. 9, Para. 254",viewsari:castelfranco-giorgione-da,viewsari:sanzio-raffaello-raffaello-da-urbino,viewsari:cooccurrence_extraction_cas-san_2,viewsari:annotation_25438
viewsari:cooccurrence_lic-vec_1,viewsari:cooccurrence,"Co-occurrence of Licinio, Giovanni Antonio (Cuticello, or Pordenone) and Vecelli, Tiziano (Tiziano da Cadore), Vol. 9, Para. 258",viewsari:licinio-giovanni-antonio-cuticello-or-pordenone,viewsari:vecelli-tiziano-tiziano-da-cadore,viewsari:cooccurrence_extraction_lic-vec_1,viewsari:annotation_25439
viewsari:cooccurrence_rom-vec_1,viewsari:cooccurrence,"Co-occurrence of Romano, Giulio (Giulio Pippi de' Giannuzzi) and Vecelli, Tiziano (Tiziano da Cadore), Vol. 9, Para. 258",viewsari:romano-giulio-giulio-pippi-de-giannuzzi,viewsari:vecelli-tiziano-tiziano-da-cadore,viewsari:cooccurrence_extraction_rom-vec_1,viewsari:annotation_25440
viewsari:cooccurrence_buo-vec_1,viewsari:cooccurrence,"Co-occurrence of Buonarroti, Michelagnolo and Vecelli, Tiziano (Tiziano da Cadore), Vol. 9, Para. 264",viewsari:buonarroti-michelagnolo,viewsari:vecelli-tiziano-tiziano-da-cadore,viewsari:cooccurrence_extraction_buo-vec_1,viewsari:annotation_25441
viewsari:cooccurrence_ros-vec_1,viewsari:cooccurrence,"Co-occurrence of Rosa, Cristofano and Vecelli, Tiziano (Tiziano da Cadore), Vol. 9, Para. 273",viewsari:rosa-cristofano,viewsari:vecelli-tiziano-tiziano-da-cadore,viewsari:cooccurrence_extraction_ros-vec_1,viewsari:annotation_25442
viewsari:cooccurrence_bor-cas_1,viewsari:cooccurrence,"Co-occurrence of Bordone, Paris and Castelfranco, Giorgione da, Vol. 9, Para. 276",viewsari:bordone-paris,viewsari:castelfranco-giorgione-da,viewsari:cooccurrence_extraction_bor-cas_1,viewsari:annotation_25443
viewsari:cooccurrence_bor-vec_1,viewsari:cooccurrence,"Co-occurrence of Bordone, Paris and Vecelli, Tiziano (Tiziano da Cadore), Vol. 9, Para. 276",viewsari:bordone-paris,viewsari:vecelli-tiziano-tiziano-da-cadore,viewsari:cooccurrence_extraction_bor-vec_1,viewsari:annotation_25444
viewsari:cooccurrence_con-san_2,viewsari:cooccurrence,"Co-occurrence of Contucci, Andrea (Andrea Sansovino) and Sansovino, Jacopo (Jacopo Tatti), Vol. 9, Para. 283",viewsari:contucci-andrea-andrea-sansovino,viewsari:sansovino-jacopo-jacopo-tatti,viewsari:cooccurrence_extraction_con-san_2,viewsari:annotation_25445
viewsari:cooccurrence_san-sar_3,viewsari:cooccurrence,"Co-occurrence of Sansovino, Jacopo (Jacopo Tatti) and Sarto, Andrea del (Andrea d' Agnolo), Vol. 9, Para. 284",viewsari:sansovino-jacopo-jacopo-tatti,viewsari:sarto-andrea-del-andrea-d-agnolo,viewsari:cooccurrence_extraction_san-sar_3,viewsari:annotation_25446
viewsari:cooccurrence_mon-san_1,viewsari:cooccurrence,"Co-occurrence of Montelupo, Baccio da and Sansovino, Jacopo (Jacopo Tatti), Vol. 9, Para. 284",viewsari:montelupo-baccio-da,viewsari:sansovino-jacopo-jacopo-tatti,viewsari:cooccurrence_extraction_mon-san_1,viewsari:annotation_25447
viewsari:cooccurrence_san-ung_1,viewsari:cooccurrence,"Co-occurrence of Sansovino, Jacopo (Jacopo Tatti) and Unghero, Nanni, Vol. 9, Para. 284",viewsari:sansovino-jacopo-jacopo-tatti,viewsari:unghero-nanni,viewsari:cooccurrence_extraction_san-ung_1,viewsari:annotation_25448
viewsari:cooccurrence_mon-sar_1,viewsari:cooccurrence,"Co-occurrence of Montelupo, Baccio da and Sarto, Andrea del (Andrea d' Agnolo), Vol. 9, Para. 284",viewsari:montelupo-baccio-da,viewsari:sarto-andrea-del-andrea-d-agnolo,viewsari:cooccurrence_extraction_mon-sar_1,viewsari:annotation_25449
viewsari:cooccurrence_sar-ung_2,viewsari:cooccurrence,"Co-occurrence of Sarto, Andrea del (Andrea d' Agnolo) and Unghero, Nanni, Vol. 9, Para. 284",viewsari:sarto-andrea-del-andrea-d-agnolo,viewsari:unghero-nanni,viewsari:cooccurrence_extraction_sar-ung_2,viewsari:annotation_25450
viewsari:cooccurrence_mon-ung_1,viewsari:cooccurrence,"Co-occurrence of Montelupo, Baccio da and Unghero, Nanni, Vol. 9, Para. 284",viewsari:montelupo-baccio-da,viewsari:unghero-nanni,viewsari:cooccurrence_extraction_mon-ung_1,viewsari:annotation_25451
viewsari:cooccurrence_san-san_1_12,viewsari:cooccurrence,"Co-occurrence of Sansovino, Jacopo (Jacopo Tatti) and Sanzio, Raffaello (Raffaello da Urbino), Vol. 9, Para. 285",viewsari:sansovino-jacopo-jacopo-tatti,viewsari:sanzio-raffaello-raffaello-da-urbino,viewsari:cooccurrence_extraction_san-san_1_12,viewsari:annotation_25452
viewsari:cooccurrence_san-urb_1_06,viewsari:cooccurrence,"Co-occurrence of Sansovino, Jacopo (Jacopo Tatti) and Urbino, Bramante da, Vol. 9, Para. 286",viewsari:sansovino-jacopo-jacopo-tatti,viewsari:urbino-bramante-da,viewsari:cooccurrence_extraction_san-urb_1_06,viewsari:annotation_25453
viewsari:cooccurrence_per-san_1_05,viewsari:cooccurrence,"Co-occurrence of Perugino, Pietro (Pietro Vannucci, or Pietro da Castel della Pieve) and Sansovino, Jacopo (Jacopo Tatti), Vol. 9, Para. 286",viewsari:perugino-pietro-pietro-vannucci-or-pietro-da-castel-della-pieve,viewsari:sansovino-jacopo-jacopo-tatti,viewsari:cooccurrence_extraction_per-san_1_05,viewsari:annotation_25454
viewsari:cooccurrence_ban-san_1,viewsari:cooccurrence,"Co-occurrence of Bandinelli, Baccio (Baccio de' Brandini) and Sansovino, Jacopo (Jacopo Tatti), Vol. 9, Para. 286",viewsari:bandinelli-baccio-baccio-de-brandini,viewsari:sansovino-jacopo-jacopo-tatti,viewsari:cooccurrence_extraction_ban-san_1,viewsari:annotation_25455
viewsari:cooccurrence_ban-urb_1,viewsari:cooccurrence,"Co-occurrence of Bandinelli, Baccio (Baccio de' Brandini) and Urbino, Bramante da, Vol. 9, Para. 286",viewsari:bandinelli-baccio-baccio-de-brandini,viewsari:urbino-bramante-da,viewsari:cooccurrence_extraction_ban-urb_1,viewsari:annotation_25456
viewsari:cooccurrence_fab-san_1,viewsari:cooccurrence,"Co-occurrence of Fabbro, Pippo del and Sansovino, Jacopo (Jacopo Tatti), Vol. 9, Para. 287",viewsari:fabbro-pippo-del,viewsari:sansovino-jacopo-jacopo-tatti,viewsari:cooccurrence_extraction_fab-san_1,viewsari:annotation_25457
viewsari:cooccurrence_san-ser_1,viewsari:cooccurrence,"Co-occurrence of Sansovino, Jacopo (Jacopo Tatti) and Serlio, Sebastiano, Vol. 9, Para. 291",viewsari:sansovino-jacopo-jacopo-tatti,viewsari:serlio-sebastiano,viewsari:cooccurrence_extraction_san-ser_1,viewsari:annotation_25458
viewsari:cooccurrence_lom-san_1,viewsari:cooccurrence,"Co-occurrence of Lombardo, Girolamo (Girolamo Ferrarese) and Sansovino, Jacopo (Jacopo Tatti), Vol. 9, Para. 298",viewsari:lombardo-girolamo-girolamo-ferrarese,viewsari:sansovino-jacopo-jacopo-tatti,viewsari:cooccurrence_extraction_lom-san_1,viewsari:annotation_25459
viewsari:cooccurrence_sal-san_1_02,viewsari:cooccurrence,"Co-occurrence of Salò, Pietro da and Sansovino, Jacopo (Jacopo Tatti), Vol. 9, Para. 301",viewsari:sal-pietro-da,viewsari:sansovino-jacopo-jacopo-tatti,viewsari:cooccurrence_extraction_sal-san_1_02,viewsari:annotation_25460
viewsari:cooccurrence_lug-san_1,viewsari:cooccurrence,"Co-occurrence of Lugano, Tommaso da and Sansovino, Jacopo (Jacopo Tatti), Vol. 9, Para. 303",viewsari:lugano-tommaso-da,viewsari:sansovino-jacopo-jacopo-tatti,viewsari:cooccurrence_extraction_lug-san_1,viewsari:annotation_25461
viewsari:cooccurrence_amm-san_1,viewsari:cooccurrence,"Co-occurrence of Ammanati, Bartolommeo and Sansovino, Jacopo (Jacopo Tatti), Vol. 9, Para. 305",viewsari:ammanati-bartolommeo,viewsari:sansovino-jacopo-jacopo-tatti,viewsari:cooccurrence_extraction_amm-san_1,viewsari:annotation_25462
viewsari:cooccurrence_cat-san_1,viewsari:cooccurrence,"Co-occurrence of Cattaneo, Danese (Danese da Carrara) and Sansovino, Jacopo (Jacopo Tatti), Vol. 9, Para. 306",viewsari:cattaneo-danese-danese-da-carrara,viewsari:sansovino-jacopo-jacopo-tatti,viewsari:cooccurrence_extraction_cat-san_1,viewsari:annotation_25463
viewsari:cooccurrence_big-san_1,viewsari:cooccurrence,"Co-occurrence of Bigio, Nanni di Baccio (Giovanni di Baccio) and San Gallo, Antonio da (the younger), Vol. 9, Para. 343",viewsari:bigio-nanni-di-baccio-giovanni-di-baccio,viewsari:san-gallo-antonio-da-the-younger,viewsari:cooccurrence_extraction_big-san_1,viewsari:annotation_25464
viewsari:cooccurrence_bro-pon_2,viewsari:cooccurrence,"Co-occurrence of Bronzino, Agnolo and Pontormo, Jacopo da (Jacopo Carrucci), Vol. 10, Para. 8",viewsari:bronzino-agnolo,viewsari:pontormo-jacopo-da-jacopo-carrucci,viewsari:cooccurrence_extraction_bro-pon_2,viewsari:annotation_25465
viewsari:cooccurrence_all-bro_1,viewsari:cooccurrence,"Co-occurrence of Allori, Alessandro (Alessandro del Bronzino) and Bronzino, Agnolo, Vol. 10, Para. 12",viewsari:allori-alessandro-alessandro-del-bronzino,viewsari:bronzino-agnolo,viewsari:cooccurrence_extraction_all-bro_1,viewsari:annotation_25466
viewsari:cooccurrence_bro-buo_1,viewsari:cooccurrence,"Co-occurrence of Bronzino, Agnolo and Buonarroti, Michelagnolo, Vol. 10, Para. 12",viewsari:bronzino-agnolo,viewsari:buonarroti-michelagnolo,viewsari:cooccurrence_extraction_bro-buo_1,viewsari:annotation_25467
viewsari:cooccurrence_all-buo_1,viewsari:cooccurrence,"Co-occurrence of Allori, Alessandro (Alessandro del Bronzino) and Buonarroti, Michelagnolo, Vol. 10, Para. 12",viewsari:allori-alessandro-alessandro-del-bronzino,viewsari:buonarroti-michelagnolo,viewsari:cooccurrence_extraction_all-buo_1,viewsari:annotation_25468
viewsari:cooccurrence_buo-lor_1,viewsari:cooccurrence,"Co-occurrence of Buonarroti, Michelagnolo and Lorenzi, Battista (Battista del Cavaliere), Vol. 10, Para. 37",viewsari:buonarroti-michelagnolo,viewsari:lorenzi-battista-battista-del-cavaliere,viewsari:cooccurrence_extraction_buo-lor_1,viewsari:annotation_25469
