"instance_id","rdf:type","rdf_type_2","rdfs:label","frbr:is part of","frbr:has embodiment","rdfs:seeAlso","start_page","vol","level"
"viewsari:the_lives_1568_volume-1_cimabue-bio","viewsari:biography","fabio:Expression","Life of Giovanni Cimabue","viewsari:the_lives_1568_volume-1","viewsari:the_lives_1568_gutenberg_web_version_of_volume-1_cimabue-bio","","1","1","expression"
"viewsari:the_lives_1568_gutenberg_web_version_of_volume-1_cimabue-bio","viewsari:biography web representation","fabio:WebPage","Gutenberg Web Version of Life of Giovanni Cimabue (Volume 1)","viewsari:the_lives_1568_gutenberg_web_version_of_volume-1","","https://www.gutenberg.org/files/25326/25326-h/25326-h.htm#Page_1","1","1","manifestation"
"viewsari:the_lives_1568_volume-1_arnolfo-di-lapo-bio","viewsari:biography","fabio:Expression","Life of Arnolfo di Lapo","viewsari:the_lives_1568_volume-1","viewsari:the_lives_1568_gutenberg_web_version_of_volume-1_arnolfo-di-lapo-bio","","11","1","expression"
"viewsari:the_lives_1568_gutenberg_web_version_of_volume-1_arnolfo-di-lapo-bio","viewsari:biography web representation","fabio:WebPage","Gutenberg Web Version of Life of Arnolfo di Lapo (Volume 1)","viewsari:the_lives_1568_gutenberg_web_version_of_volume-1","","https://www.gutenberg.org/files/25326/25326-h/25326-h.htm#Page_11","11","1","manifestation"
"viewsari:the_lives_1568_volume-1_niccola-giovanni-pisa-bio","viewsari:biography","fabio:Expression","Life of Niccola and Giovanni of Pisa","viewsari:the_lives_1568_volume-1","viewsari:the_lives_1568_gutenberg_web_version_of_volume-1_niccola-giovanni-pisa-bio","","27","1","expression"
"viewsari:the_lives_1568_gutenberg_web_version_of_volume-1_niccola-giovanni-pisa-bio","viewsari:biography web representation","fabio:WebPage","Gutenberg Web Version of Life of Niccola and Giovanni of Pisa (Volume 1)","viewsari:the_lives_1568_gutenberg_web_version_of_volume-1","","https://www.gutenberg.org/files/25326/25326-h/25326-h.htm#Page_27","27","1","manifestation"
"viewsari:the_lives_1568_volume-1_andrea-tafi-bio","viewsari:biography","fabio:Expression","Life of Andrea Tafi","viewsari:the_lives_1568_volume-1","viewsari:the_lives_1568_gutenberg_web_version_of_volume-1_andrea-tafi-bio","","45","1","expression"
"viewsari:the_lives_1568_gutenberg_web_version_of_volume-1_andrea-tafi-bio","viewsari:biography web representation","fabio:WebPage","Gutenberg Web Version of Life of Andrea Tafi (Volume 1)","viewsari:the_lives_1568_gutenberg_web_version_of_volume-1","","https://www.gutenberg.org/files/25326/25326-h/25326-h.htm#Page_45","45","1","manifestation"
"viewsari:the_lives_1568_volume-1_gaddo-gaddi-bio","viewsari:biography","fabio:Expression","Life of Gaddo Gaddi","viewsari:the_lives_1568_volume-1","viewsari:the_lives_1568_gutenberg_web_version_of_volume-1_gaddo-gaddi-bio","","53","1","expression"
"viewsari:the_lives_1568_gutenberg_web_version_of_volume-1_gaddo-gaddi-bio","viewsari:biography web representation","fabio:WebPage","Gutenberg Web Version of Life of Gaddo Gaddi (Volume 1)","viewsari:the_lives_1568_gutenberg_web_version_of_volume-1","","https://www.gutenberg.org/files/25326/25326-h/25326-h.htm#Page_53","53","1","manifestation"
"viewsari:the_lives_1568_volume-1_margaritone-bio","viewsari:biography","fabio:Expression","Life of Margaritone","viewsari:the_lives_1568_volume-1","viewsari:the_lives_1568_gutenberg_web_version_of_volume-1_margaritone-bio","","61","1","expression"
"viewsari:the_lives_1568_gutenberg_web_version_of_volume-1_margaritone-bio","viewsari:biography web representation","fabio:WebPage","Gutenberg Web Version of Life of Margaritone (Volume 1)","viewsari:the_lives_1568_gutenberg_web_version_of_volume-1","","https://www.gutenberg.org/files/25326/25326-h/25326-h.htm#Page_61","61","1","manifestation"
"viewsari:the_lives_1568_volume-1_giotto-bio","viewsari:biography","fabio:Expression","Life of Giotto","viewsari:the_lives_1568_volume-1","viewsari:the_lives_1568_gutenberg_web_version_of_volume-1_giotto-bio","","69","1","expression"
"viewsari:the_lives_1568_gutenberg_web_version_of_volume-1_giotto-bio","viewsari:biography web representation","fabio:WebPage","Gutenberg Web Version of Life of Giotto (Volume 1)","viewsari:the_lives_1568_gutenberg_web_version_of_volume-1","","https://www.gutenberg.org/files/25326/25326-h/25326-h.htm#Page_69","69","1","manifestation"
"viewsari:the_lives_1568_volume-1_agostino-agnolo-siena-bio","viewsari:biography","fabio:Expression","Life of Agostino and Agnolo of Siena","viewsari:the_lives_1568_volume-1","viewsari:the_lives_1568_gutenberg_web_version_of_volume-1_agostino-agnolo-siena-bio","","95","1","expression"
"viewsari:the_lives_1568_gutenberg_web_version_of_volume-1_agostino-agnolo-siena-bio","viewsari:biography web representation","fabio:WebPage","Gutenberg Web Version of Life of Agostino and Agnolo of Siena (Volume 1)","viewsari:the_lives_1568_gutenberg_web_version_of_volume-1","","https://www.gutenberg.org/files/25326/25326-h/25326-h.htm#Page_95","95","1","manifestation"
"viewsari:the_lives_1568_volume-1_stefano-ugolino-sanese-bio","viewsari:biography","fabio:Expression","Life of Stefano and Ugolino Sanese","viewsari:the_lives_1568_volume-1","viewsari:the_lives_1568_gutenberg_web_version_of_volume-1_stefano-ugolino-sanese-bio","","107","1","expression"
"viewsari:the_lives_1568_gutenberg_web_version_of_volume-1_stefano-ugolino-sanese-bio","viewsari:biography web representation","fabio:WebPage","Gutenberg Web Version of Life of Stefano and Ugolino Sanese (Volume 1)","viewsari:the_lives_1568_gutenberg_web_version_of_volume-1","","https://www.gutenberg.org/files/25326/25326-h/25326-h.htm#Page_107","107","1","manifestation"
"viewsari:the_lives_1568_volume-1_pietro-laurati-bio","viewsari:biography","fabio:Expression","Life of Pietro Laurati","viewsari:the_lives_1568_volume-1","viewsari:the_lives_1568_gutenberg_web_version_of_volume-1_pietro-laurati-bio","","115","1","expression"
"viewsari:the_lives_1568_gutenberg_web_version_of_volume-1_pietro-laurati-bio","viewsari:biography web representation","fabio:WebPage","Gutenberg Web Version of Life of Pietro Laurati (Volume 1)","viewsari:the_lives_1568_gutenberg_web_version_of_volume-1","","https://www.gutenberg.org/files/25326/25326-h/25326-h.htm#Page_115","115","1","manifestation"
"viewsari:the_lives_1568_volume-1_andrea-pisano-bio","viewsari:biography","fabio:Expression","Life of Andrea Pisano","viewsari:the_lives_1568_volume-1","viewsari:the_lives_1568_gutenberg_web_version_of_volume-1_andrea-pisano-bio","","121","1","expression"
"viewsari:the_lives_1568_gutenberg_web_version_of_volume-1_andrea-pisano-bio","viewsari:biography web representation","fabio:WebPage","Gutenberg Web Version of Life of Andrea Pisano (Volume 1)","viewsari:the_lives_1568_gutenberg_web_version_of_volume-1","","https://www.gutenberg.org/files/25326/25326-h/25326-h.htm#Page_121","121","1","manifestation"
"viewsari:the_lives_1568_volume-1_buffalmacco-bio","viewsari:biography","fabio:Expression","Life of Buonamico Buffalmacco","viewsari:the_lives_1568_volume-1","viewsari:the_lives_1568_gutenberg_web_version_of_volume-1_buffalmacco-bio","","133","1","expression"
"viewsari:the_lives_1568_gutenberg_web_version_of_volume-1_buffalmacco-bio","viewsari:biography web representation","fabio:WebPage","Gutenberg Web Version of Life of Buonamico Buffalmacco (Volume 1)","viewsari:the_lives_1568_gutenberg_web_version_of_volume-1","","https://www.gutenberg.org/files/25326/25326-h/25326-h.htm#Page_133","133","1","manifestation"
"viewsari:the_lives_1568_volume-1_ambrogio-lorenzetti-bio","viewsari:biography","fabio:Expression","Life of Ambrogio Lorenzetti","viewsari:the_lives_1568_volume-1","viewsari:the_lives_1568_gutenberg_web_version_of_volume-1_ambrogio-lorenzetti-bio","","153","1","expression"
"viewsari:the_lives_1568_gutenberg_web_version_of_volume-1_ambrogio-lorenzetti-bio","viewsari:biography web representation","fabio:WebPage","Gutenberg Web Version of Life of Ambrogio Lorenzetti (Volume 1)","viewsari:the_lives_1568_gutenberg_web_version_of_volume-1","","https://www.gutenberg.org/files/25326/25326-h/25326-h.htm#Page_153","153","1","manifestation"
"viewsari:the_lives_1568_volume-1_pietro-cavallini-bio","viewsari:biography","fabio:Expression","Life of Pietro Cavallini","viewsari:the_lives_1568_volume-1","viewsari:the_lives_1568_gutenberg_web_version_of_volume-1_pietro-cavallini-bio","","159","1","expression"
"viewsari:the_lives_1568_gutenberg_web_version_of_volume-1_pietro-cavallini-bio","viewsari:biography web representation","fabio:WebPage","Gutenberg Web Version of Life of Pietro Cavallini (Volume 1)","viewsari:the_lives_1568_gutenberg_web_version_of_volume-1","","https://www.gutenberg.org/files/25326/25326-h/25326-h.htm#Page_159","159","1","manifestation"
"viewsari:the_lives_1568_volume-1_simone-sanese-bio","viewsari:biography","fabio:Expression","Life of Simone Sanese","viewsari:the_lives_1568_volume-1","viewsari:the_lives_1568_gutenberg_web_version_of_volume-1_simone-sanese-bio","","165","1","expression"
"viewsari:the_lives_1568_gutenberg_web_version_of_volume-1_simone-sanese-bio","viewsari:biography web representation","fabio:WebPage","Gutenberg Web Version of Life of Simone Sanese (Volume 1)","viewsari:the_lives_1568_gutenberg_web_version_of_volume-1","","https://www.gutenberg.org/files/25326/25326-h/25326-h.htm#Page_165","165","1","manifestation"
"viewsari:the_lives_1568_volume-1_taddeo-gaddi-bio","viewsari:biography","fabio:Expression","Life of Taddeo Gaddi","viewsari:the_lives_1568_volume-1","viewsari:the_lives_1568_gutenberg_web_version_of_volume-1_taddeo-gaddi-bio","","175","1","expression"
"viewsari:the_lives_1568_gutenberg_web_version_of_volume-1_taddeo-gaddi-bio","viewsari:biography web representation","fabio:WebPage","Gutenberg Web Version of Life of Taddeo Gaddi (Volume 1)","viewsari:the_lives_1568_gutenberg_web_version_of_volume-1","","https://www.gutenberg.org/files/25326/25326-h/25326-h.htm#Page_175","175","1","manifestation"
"viewsari:the_lives_1568_volume-1_andrea-orcagna-bio","viewsari:biography","fabio:Expression","Life of Andrea di Cione Orcagna","viewsari:the_lives_1568_volume-1","viewsari:the_lives_1568_gutenberg_web_version_of_volume-1_andrea-orcagna-bio","","187","1","expression"
"viewsari:the_lives_1568_gutenberg_web_version_of_volume-1_andrea-orcagna-bio","viewsari:biography web representation","fabio:WebPage","Gutenberg Web Version of Life of Andrea di Cione Orcagna (Volume 1)","viewsari:the_lives_1568_gutenberg_web_version_of_volume-1","","https://www.gutenberg.org/files/25326/25326-h/25326-h.htm#Page_187","187","1","manifestation"
"viewsari:the_lives_1568_volume-1_giottino-bio","viewsari:biography","fabio:Expression","Life of Tommaso Giottino","viewsari:the_lives_1568_volume-1","viewsari:the_lives_1568_gutenberg_web_version_of_volume-1_giottino-bio","","201","1","expression"
"viewsari:the_lives_1568_gutenberg_web_version_of_volume-1_giottino-bio","viewsari:biography web representation","fabio:WebPage","Gutenberg Web Version of Life of Tommaso Giottino (Volume 1)","viewsari:the_lives_1568_gutenberg_web_version_of_volume-1","","https://www.gutenberg.org/files/25326/25326-h/25326-h.htm#Page_201","201","1","manifestation"
"viewsari:the_lives_1568_volume-1_giovanni-dal-ponte-bio","viewsari:biography","fabio:Expression","Life of Giovanni dal Ponte","viewsari:the_lives_1568_volume-1","viewsari:the_lives_1568_gutenberg_web_version_of_volume-1_giovanni-dal-ponte-bio","","209","1","expression"
"viewsari:the_lives_1568_gutenberg_web_version_of_volume-1_giovanni-dal-ponte-bio","viewsari:biography web representation","fabio:WebPage","Gutenberg Web Version of Life of Giovanni dal Ponte (Volume 1)","viewsari:the_lives_1568_gutenberg_web_version_of_volume-1","","https://www.gutenberg.org/files/25326/25326-h/25326-h.htm#Page_209","209","1","manifestation"
"viewsari:the_lives_1568_volume-1_agnolo-gaddi-bio","viewsari:biography","fabio:Expression","Life of Agnolo Gaddi","viewsari:the_lives_1568_volume-1","viewsari:the_lives_1568_gutenberg_web_version_of_volume-1_agnolo-gaddi-bio","","215","1","expression"
"viewsari:the_lives_1568_gutenberg_web_version_of_volume-1_agnolo-gaddi-bio","viewsari:biography web representation","fabio:WebPage","Gutenberg Web Version of Life of Agnolo Gaddi (Volume 1)","viewsari:the_lives_1568_gutenberg_web_version_of_volume-1","","https://www.gutenberg.org/files/25326/25326-h/25326-h.htm#Page_215","215","1","manifestation"
"viewsari:the_lives_1568_volume-3_filarete-simone-bio","viewsari:biography","fabio:Expression","Life of Antonio Filarete and Simone","viewsari:the_lives_1568_volume-3","viewsari:the_lives_1568_gutenberg_web_version_of_volume-3_filarete-simone-bio","","1","3","expression"
"viewsari:the_lives_1568_gutenberg_web_version_of_volume-3_filarete-simone-bio","viewsari:biography web representation","fabio:WebPage","Gutenberg Web Version of Life of Antonio Filarete and Simone (Volume 3)","viewsari:the_lives_1568_gutenberg_web_version_of_volume-3","","https://www.gutenberg.org/files/26860/26860-h/26860-h.htm#Page_1","1","3","manifestation"
"viewsari:the_lives_1568_volume-3_giuliano-da-maiano-bio","viewsari:biography","fabio:Expression","Life of Giuliano da Maiano","viewsari:the_lives_1568_volume-3","viewsari:the_lives_1568_gutenberg_web_version_of_volume-3_giuliano-da-maiano-bio","","9","3","expression"
"viewsari:the_lives_1568_gutenberg_web_version_of_volume-3_giuliano-da-maiano-bio","viewsari:biography web representation","fabio:WebPage","Gutenberg Web Version of Life of Giuliano da Maiano (Volume 3)","viewsari:the_lives_1568_gutenberg_web_version_of_volume-3","","https://www.gutenberg.org/files/26860/26860-h/26860-h.htm#Page_9","9","3","manifestation"
"viewsari:the_lives_1568_volume-3_piero-della-francesca-bio","viewsari:biography","fabio:Expression","Life of Piero della Francesca","viewsari:the_lives_1568_volume-3","viewsari:the_lives_1568_gutenberg_web_version_of_volume-3_piero-della-francesca-bio","","15","3","expression"
"viewsari:the_lives_1568_gutenberg_web_version_of_volume-3_piero-della-francesca-bio","viewsari:biography web representation","fabio:WebPage","Gutenberg Web Version of Life of Piero della Francesca (Volume 3)","viewsari:the_lives_1568_gutenberg_web_version_of_volume-3","","https://www.gutenberg.org/files/26860/26860-h/26860-h.htm#Page_15","15","3","manifestation"
"viewsari:the_lives_1568_volume-3_fra-angelico-bio","viewsari:biography","fabio:Expression","Life of Fra Giovanni da Fiesole (Fra Angelico)","viewsari:the_lives_1568_volume-3","viewsari:the_lives_1568_gutenberg_web_version_of_volume-3_fra-angelico-bio","","25","3","expression"
"viewsari:the_lives_1568_gutenberg_web_version_of_volume-3_fra-angelico-bio","viewsari:biography web representation","fabio:WebPage","Gutenberg Web Version of Life of Fra Giovanni da Fiesole (Fra Angelico) (Volume 3)","viewsari:the_lives_1568_gutenberg_web_version_of_volume-3","","https://www.gutenberg.org/files/26860/26860-h/26860-h.htm#Page_25","25","3","manifestation"
"viewsari:the_lives_1568_volume-3_alberti-bio","viewsari:biography","fabio:Expression","Life of Leon Battista Alberti","viewsari:the_lives_1568_volume-3","viewsari:the_lives_1568_gutenberg_web_version_of_volume-3_alberti-bio","","41","3","expression"
"viewsari:the_lives_1568_gutenberg_web_version_of_volume-3_alberti-bio","viewsari:biography web representation","fabio:WebPage","Gutenberg Web Version of Life of Leon Battista Alberti (Volume 3)","viewsari:the_lives_1568_gutenberg_web_version_of_volume-3","","https://www.gutenberg.org/files/26860/26860-h/26860-h.htm#Page_41","41","3","manifestation"
"viewsari:the_lives_1568_volume-3_lazzaro-vasari-bio","viewsari:biography","fabio:Expression","Life of Lazzaro Vasari","viewsari:the_lives_1568_volume-3","viewsari:the_lives_1568_gutenberg_web_version_of_volume-3_lazzaro-vasari-bio","","49","3","expression"
"viewsari:the_lives_1568_gutenberg_web_version_of_volume-3_lazzaro-vasari-bio","viewsari:biography web representation","fabio:WebPage","Gutenberg Web Version of Life of Lazzaro Vasari (Volume 3)","viewsari:the_lives_1568_gutenberg_web_version_of_volume-3","","https://www.gutenberg.org/files/26860/26860-h/26860-h.htm#Page_49","49","3","manifestation"
"viewsari:the_lives_1568_volume-3_antonello-da-messina-bio","viewsari:biography","fabio:Expression","Life of Antonello da Messina","viewsari:the_lives_1568_volume-3","viewsari:the_lives_1568_gutenberg_web_version_of_volume-3_antonello-da-messina-bio","","57","3","expression"
"viewsari:the_lives_1568_gutenberg_web_version_of_volume-3_antonello-da-messina-bio","viewsari:biography web representation","fabio:WebPage","Gutenberg Web Version of Life of Antonello da Messina (Volume 3)","viewsari:the_lives_1568_gutenberg_web_version_of_volume-3","","https://www.gutenberg.org/files/26860/26860-h/26860-h.htm#Page_57","57","3","manifestation"
"viewsari:the_lives_1568_volume-3_baldovinetti-bio","viewsari:biography","fabio:Expression","Life of Alesso Baldovinetti","viewsari:the_lives_1568_volume-3","viewsari:the_lives_1568_gutenberg_web_version_of_volume-3_baldovinetti-bio","","65","3","expression"
"viewsari:the_lives_1568_gutenberg_web_version_of_volume-3_baldovinetti-bio","viewsari:biography web representation","fabio:WebPage","Gutenberg Web Version of Life of Alesso Baldovinetti (Volume 3)","viewsari:the_lives_1568_gutenberg_web_version_of_volume-3","","https://www.gutenberg.org/files/26860/26860-h/26860-h.htm#Page_65","65","3","manifestation"
"viewsari:the_lives_1568_volume-3_vellano-bio","viewsari:biography","fabio:Expression","Life of Vellano da Padova","viewsari:the_lives_1568_volume-3","viewsari:the_lives_1568_gutenberg_web_version_of_volume-3_vellano-bio","","71","3","expression"
"viewsari:the_lives_1568_gutenberg_web_version_of_volume-3_vellano-bio","viewsari:biography web representation","fabio:WebPage","Gutenberg Web Version of Life of Vellano da Padova (Volume 3)","viewsari:the_lives_1568_gutenberg_web_version_of_volume-3","","https://www.gutenberg.org/files/26860/26860-h/26860-h.htm#Page_71","71","3","manifestation"
"viewsari:the_lives_1568_volume-3_fra-filippo-lippi-bio","viewsari:biography","fabio:Expression","Life of Fra Filippo Lippi","viewsari:the_lives_1568_volume-3","viewsari:the_lives_1568_gutenberg_web_version_of_volume-3_fra-filippo-lippi-bio","","77","3","expression"
"viewsari:the_lives_1568_gutenberg_web_version_of_volume-3_fra-filippo-lippi-bio","viewsari:biography web representation","fabio:WebPage","Gutenberg Web Version of Life of Fra Filippo Lippi (Volume 3)","viewsari:the_lives_1568_gutenberg_web_version_of_volume-3","","https://www.gutenberg.org/files/26860/26860-h/26860-h.htm#Page_77","77","3","manifestation"
"viewsari:the_lives_1568_volume-3_paolo-romano-bio","viewsari:biography","fabio:Expression","Life of Paolo Romano and Maestro Mino and Chimenti Camicia","viewsari:the_lives_1568_volume-3","viewsari:the_lives_1568_gutenberg_web_version_of_volume-3_paolo-romano-bio","","89","3","expression"
"viewsari:the_lives_1568_gutenberg_web_version_of_volume-3_paolo-romano-bio","viewsari:biography web representation","fabio:WebPage","Gutenberg Web Version of Life of Paolo Romano and Maestro Mino and Chimenti Camicia (Volume 3)","viewsari:the_lives_1568_gutenberg_web_version_of_volume-3","","https://www.gutenberg.org/files/26860/26860-h/26860-h.htm#Page_89","89","3","manifestation"
"viewsari:the_lives_1568_volume-3_andrea-dal-castagno-bio","viewsari:biography","fabio:Expression","Life of Andrea dal Castagno and Domenico Viniziano","viewsari:the_lives_1568_volume-3","viewsari:the_lives_1568_gutenberg_web_version_of_volume-3_andrea-dal-castagno-bio","","95","3","expression"
"viewsari:the_lives_1568_gutenberg_web_version_of_volume-3_andrea-dal-castagno-bio","viewsari:biography web representation","fabio:WebPage","Gutenberg Web Version of Life of Andrea dal Castagno and Domenico Viniziano (Volume 3)","viewsari:the_lives_1568_gutenberg_web_version_of_volume-3","","https://www.gutenberg.org/files/26860/26860-h/26860-h.htm#Page_95","95","3","manifestation"
"viewsari:the_lives_1568_volume-3_gentile-pisanello-bio","viewsari:biography","fabio:Expression","Life of Gentile da Fabriano and Vittore Pisanello","viewsari:the_lives_1568_volume-3","viewsari:the_lives_1568_gutenberg_web_version_of_volume-3_gentile-pisanello-bio","","107","3","expression"
"viewsari:the_lives_1568_gutenberg_web_version_of_volume-3_gentile-pisanello-bio","viewsari:biography web representation","fabio:WebPage","Gutenberg Web Version of Life of Gentile da Fabriano and Vittore Pisanello (Volume 3)","viewsari:the_lives_1568_gutenberg_web_version_of_volume-3","","https://www.gutenberg.org/files/26860/26860-h/26860-h.htm#Page_107","107","3","manifestation"
"viewsari:the_lives_1568_volume-3_pesello-peselli-bio","viewsari:biography","fabio:Expression","Life of Pesello and Francesco Peselli","viewsari:the_lives_1568_volume-3","viewsari:the_lives_1568_gutenberg_web_version_of_volume-3_pesello-peselli-bio","","115","3","expression"
"viewsari:the_lives_1568_gutenberg_web_version_of_volume-3_pesello-peselli-bio","viewsari:biography web representation","fabio:WebPage","Gutenberg Web Version of Life of Pesello and Francesco Peselli (Volume 3)","viewsari:the_lives_1568_gutenberg_web_version_of_volume-3","","https://www.gutenberg.org/files/26860/26860-h/26860-h.htm#Page_115","115","3","manifestation"
"viewsari:the_lives_1568_volume-3_benozzo-gozzoli-bio","viewsari:biography","fabio:Expression","Life of Benozzo Gozzoli","viewsari:the_lives_1568_volume-3","viewsari:the_lives_1568_gutenberg_web_version_of_volume-3_benozzo-gozzoli-bio","","119","3","expression"
"viewsari:the_lives_1568_gutenberg_web_version_of_volume-3_benozzo-gozzoli-bio","viewsari:biography web representation","fabio:WebPage","Gutenberg Web Version of Life of Benozzo Gozzoli (Volume 3)","viewsari:the_lives_1568_gutenberg_web_version_of_volume-3","","https://www.gutenberg.org/files/26860/26860-h/26860-h.htm#Page_119","119","3","manifestation"
"viewsari:the_lives_1568_volume-3_francesco-di-giorgio-bio","viewsari:biography","fabio:Expression","Life of Francesco di Giorgio and Lorenzo Vecchietto","viewsari:the_lives_1568_volume-3","viewsari:the_lives_1568_gutenberg_web_version_of_volume-3_francesco-di-giorgio-bio","","127","3","expression"
"viewsari:the_lives_1568_gutenberg_web_version_of_volume-3_francesco-di-giorgio-bio","viewsari:biography web representation","fabio:WebPage","Gutenberg Web Version of Life of Francesco di Giorgio and Lorenzo Vecchietto (Volume 3)","viewsari:the_lives_1568_gutenberg_web_version_of_volume-3","","https://www.gutenberg.org/files/26860/26860-h/26860-h.htm#Page_127","127","3","manifestation"
"viewsari:the_lives_1568_volume-3_galasso-ferrarese-bio","viewsari:biography","fabio:Expression","Life of Galasso Ferrarese","viewsari:the_lives_1568_volume-3","viewsari:the_lives_1568_gutenberg_web_version_of_volume-3_galasso-ferrarese-bio","","133","3","expression"
"viewsari:the_lives_1568_gutenberg_web_version_of_volume-3_galasso-ferrarese-bio","viewsari:biography web representation","fabio:WebPage","Gutenberg Web Version of Life of Galasso Ferrarese (Volume 3)","viewsari:the_lives_1568_gutenberg_web_version_of_volume-3","","https://www.gutenberg.org/files/26860/26860-h/26860-h.htm#Page_133","133","3","manifestation"
"viewsari:the_lives_1568_volume-3_rossellino-bio","viewsari:biography","fabio:Expression","Life of Antonio Rossellino and Bernardo Rossellino","viewsari:the_lives_1568_volume-3","viewsari:the_lives_1568_gutenberg_web_version_of_volume-3_rossellino-bio","","137","3","expression"
"viewsari:the_lives_1568_gutenberg_web_version_of_volume-3_rossellino-bio","viewsari:biography web representation","fabio:WebPage","Gutenberg Web Version of Life of Antonio Rossellino and Bernardo Rossellino (Volume 3)","viewsari:the_lives_1568_gutenberg_web_version_of_volume-3","","https://www.gutenberg.org/files/26860/26860-h/26860-h.htm#Page_137","137","3","manifestation"
"viewsari:the_lives_1568_volume-3_desiderio-da-settignano-bio","viewsari:biography","fabio:Expression","Life of Desiderio da Settignano","viewsari:the_lives_1568_volume-3","viewsari:the_lives_1568_gutenberg_web_version_of_volume-3_desiderio-da-settignano-bio","","145","3","expression"
"viewsari:the_lives_1568_gutenberg_web_version_of_volume-3_desiderio-da-settignano-bio","viewsari:biography web representation","fabio:WebPage","Gutenberg Web Version of Life of Desiderio da Settignano (Volume 3)","viewsari:the_lives_1568_gutenberg_web_version_of_volume-3","","https://www.gutenberg.org/files/26860/26860-h/26860-h.htm#Page_145","145","3","manifestation"
"viewsari:the_lives_1568_volume-3_mino-da-fiesole-bio","viewsari:biography","fabio:Expression","Life of Mino da Fiesole","viewsari:the_lives_1568_volume-3","viewsari:the_lives_1568_gutenberg_web_version_of_volume-3_mino-da-fiesole-bio","","151","3","expression"
"viewsari:the_lives_1568_gutenberg_web_version_of_volume-3_mino-da-fiesole-bio","viewsari:biography web representation","fabio:WebPage","Gutenberg Web Version of Life of Mino da Fiesole (Volume 3)","viewsari:the_lives_1568_gutenberg_web_version_of_volume-3","","https://www.gutenberg.org/files/26860/26860-h/26860-h.htm#Page_151","151","3","manifestation"
"viewsari:the_lives_1568_volume-3_lorenzo-costa-bio","viewsari:biography","fabio:Expression","Life of Lorenzo Costa","viewsari:the_lives_1568_volume-3","viewsari:the_lives_1568_gutenberg_web_version_of_volume-3_lorenzo-costa-bio","","159","3","expression"
"viewsari:the_lives_1568_gutenberg_web_version_of_volume-3_lorenzo-costa-bio","viewsari:biography web representation","fabio:WebPage","Gutenberg Web Version of Life of Lorenzo Costa (Volume 3)","viewsari:the_lives_1568_gutenberg_web_version_of_volume-3","","https://www.gutenberg.org/files/26860/26860-h/26860-h.htm#Page_159","159","3","manifestation"
"viewsari:the_lives_1568_volume-3_ercole-ferrarese-bio","viewsari:biography","fabio:Expression","Life of Ercole Ferrarese","viewsari:the_lives_1568_volume-3","viewsari:the_lives_1568_gutenberg_web_version_of_volume-3_ercole-ferrarese-bio","","165","3","expression"
"viewsari:the_lives_1568_gutenberg_web_version_of_volume-3_ercole-ferrarese-bio","viewsari:biography web representation","fabio:WebPage","Gutenberg Web Version of Life of Ercole Ferrarese (Volume 3)","viewsari:the_lives_1568_gutenberg_web_version_of_volume-3","","https://www.gutenberg.org/files/26860/26860-h/26860-h.htm#Page_165","165","3","manifestation"
"viewsari:the_lives_1568_volume-3_bellini-bio","viewsari:biography","fabio:Expression","Life of Jacopo Giovanni and Gentile Bellini","viewsari:the_lives_1568_volume-3","viewsari:the_lives_1568_gutenberg_web_version_of_volume-3_bellini-bio","","171","3","expression"
"viewsari:the_lives_1568_gutenberg_web_version_of_volume-3_bellini-bio","viewsari:biography web representation","fabio:WebPage","Gutenberg Web Version of Life of Jacopo Giovanni and Gentile Bellini (Volume 3)","viewsari:the_lives_1568_gutenberg_web_version_of_volume-3","","https://www.gutenberg.org/files/26860/26860-h/26860-h.htm#Page_171","171","3","manifestation"
"viewsari:the_lives_1568_volume-3_cosimo-rosselli-bio","viewsari:biography","fabio:Expression","Life of Cosimo Rosselli","viewsari:the_lives_1568_volume-3","viewsari:the_lives_1568_gutenberg_web_version_of_volume-3_cosimo-rosselli-bio","","185","3","expression"
"viewsari:the_lives_1568_gutenberg_web_version_of_volume-3_cosimo-rosselli-bio","viewsari:biography web representation","fabio:WebPage","Gutenberg Web Version of Life of Cosimo Rosselli (Volume 3)","viewsari:the_lives_1568_gutenberg_web_version_of_volume-3","","https://www.gutenberg.org/files/26860/26860-h/26860-h.htm#Page_185","185","3","manifestation"
"viewsari:the_lives_1568_volume-3_cecca-bio","viewsari:biography","fabio:Expression","Life of Cecca","viewsari:the_lives_1568_volume-3","viewsari:the_lives_1568_gutenberg_web_version_of_volume-3_cecca-bio","","191","3","expression"
"viewsari:the_lives_1568_gutenberg_web_version_of_volume-3_cecca-bio","viewsari:biography web representation","fabio:WebPage","Gutenberg Web Version of Life of Cecca (Volume 3)","viewsari:the_lives_1568_gutenberg_web_version_of_volume-3","","https://www.gutenberg.org/files/26860/26860-h/26860-h.htm#Page_191","191","3","manifestation"
"viewsari:the_lives_1568_volume-3_don-bartolommeo-della-gatta-bio","viewsari:biography","fabio:Expression","Life of Don Bartolommeo della Gatta","viewsari:the_lives_1568_volume-3","viewsari:the_lives_1568_gutenberg_web_version_of_volume-3_don-bartolommeo-della-gatta-bio","","201","3","expression"
"viewsari:the_lives_1568_gutenberg_web_version_of_volume-3_don-bartolommeo-della-gatta-bio","viewsari:biography web representation","fabio:WebPage","Gutenberg Web Version of Life of Don Bartolommeo della Gatta (Volume 3)","viewsari:the_lives_1568_gutenberg_web_version_of_volume-3","","https://www.gutenberg.org/files/26860/26860-h/26860-h.htm#Page_201","201","3","manifestation"
"viewsari:the_lives_1568_volume-3_gherardo-bio","viewsari:biography","fabio:Expression","Life of Gherardo","viewsari:the_lives_1568_volume-3","viewsari:the_lives_1568_gutenberg_web_version_of_volume-3_gherardo-bio","","211","3","expression"
"viewsari:the_lives_1568_gutenberg_web_version_of_volume-3_gherardo-bio","viewsari:biography web representation","fabio:WebPage","Gutenberg Web Version of Life of Gherardo (Volume 3)","viewsari:the_lives_1568_gutenberg_web_version_of_volume-3","","https://www.gutenberg.org/files/26860/26860-h/26860-h.htm#Page_211","211","3","manifestation"
"viewsari:the_lives_1568_volume-3_ghirlandajo-bio","viewsari:biography","fabio:Expression","Life of Domenico Ghirlandajo","viewsari:the_lives_1568_volume-3","viewsari:the_lives_1568_gutenberg_web_version_of_volume-3_ghirlandajo-bio","","217","3","expression"
"viewsari:the_lives_1568_gutenberg_web_version_of_volume-3_ghirlandajo-bio","viewsari:biography web representation","fabio:WebPage","Gutenberg Web Version of Life of Domenico Ghirlandajo (Volume 3)","viewsari:the_lives_1568_gutenberg_web_version_of_volume-3","","https://www.gutenberg.org/files/26860/26860-h/26860-h.htm#Page_217","217","3","manifestation"
"viewsari:the_lives_1568_volume-3_pollaiuolo-bio","viewsari:biography","fabio:Expression","Life of Antonio and Piero Pollaiuolo","viewsari:the_lives_1568_volume-3","viewsari:the_lives_1568_gutenberg_web_version_of_volume-3_pollaiuolo-bio","","235","3","expression"
"viewsari:the_lives_1568_gutenberg_web_version_of_volume-3_pollaiuolo-bio","viewsari:biography web representation","fabio:WebPage","Gutenberg Web Version of Life of Antonio and Piero Pollaiuolo (Volume 3)","viewsari:the_lives_1568_gutenberg_web_version_of_volume-3","","https://www.gutenberg.org/files/26860/26860-h/26860-h.htm#Page_235","235","3","manifestation"
"viewsari:the_lives_1568_volume-3_botticelli-bio","viewsari:biography","fabio:Expression","Life of Sandro Botticelli","viewsari:the_lives_1568_volume-3","viewsari:the_lives_1568_gutenberg_web_version_of_volume-3_botticelli-bio","","245","3","expression"
"viewsari:the_lives_1568_gutenberg_web_version_of_volume-3_botticelli-bio","viewsari:biography web representation","fabio:WebPage","Gutenberg Web Version of Life of Sandro Botticelli (Volume 3)","viewsari:the_lives_1568_gutenberg_web_version_of_volume-3","","https://www.gutenberg.org/files/26860/26860-h/26860-h.htm#Page_245","245","3","manifestation"
"viewsari:the_lives_1568_volume-3_benedetto-da-maiano-bio","viewsari:biography","fabio:Expression","Life of Benedetto da Maiano","viewsari:the_lives_1568_volume-3","viewsari:the_lives_1568_gutenberg_web_version_of_volume-3_benedetto-da-maiano-bio","","255","3","expression"
"viewsari:the_lives_1568_gutenberg_web_version_of_volume-3_benedetto-da-maiano-bio","viewsari:biography web representation","fabio:WebPage","Gutenberg Web Version of Life of Benedetto da Maiano (Volume 3)","viewsari:the_lives_1568_gutenberg_web_version_of_volume-3","","https://www.gutenberg.org/files/26860/26860-h/26860-h.htm#Page_255","255","3","manifestation"
"viewsari:the_lives_1568_volume-3_verrocchio-bio","viewsari:biography","fabio:Expression","Life of Andrea Verrocchio","viewsari:the_lives_1568_volume-3","viewsari:the_lives_1568_gutenberg_web_version_of_volume-3_verrocchio-bio","","265","3","expression"
"viewsari:the_lives_1568_gutenberg_web_version_of_volume-3_verrocchio-bio","viewsari:biography web representation","fabio:WebPage","Gutenberg Web Version of Life of Andrea Verrocchio (Volume 3)","viewsari:the_lives_1568_gutenberg_web_version_of_volume-3","","https://www.gutenberg.org/files/26860/26860-h/26860-h.htm#Page_265","265","3","manifestation"
"viewsari:the_lives_1568_volume-3_mantegna-bio","viewsari:biography","fabio:Expression","Life of Andrea Mantegna","viewsari:the_lives_1568_volume-3","viewsari:the_lives_1568_gutenberg_web_version_of_volume-3_mantegna-bio","","277","3","expression"
"viewsari:the_lives_1568_gutenberg_web_version_of_volume-3_mantegna-bio","viewsari:biography web representation","fabio:WebPage","Gutenberg Web Version of Life of Andrea Mantegna (Volume 3)","viewsari:the_lives_1568_gutenberg_web_version_of_volume-3","","https://www.gutenberg.org/files/26860/26860-h/26860-h.htm#Page_277","277","3","manifestation"
"viewsari:the_lives_1568_volume-10_bronzino-bio","viewsari:biography","fabio:Expression","Life of Agnolo Bronzino","viewsari:the_lives_1568_volume-10","viewsari:the_lives_1568_gutenberg_web_version_of_volume-10_bronzino-bio","","1","10","expression"
"viewsari:the_lives_1568_gutenberg_web_version_of_volume-10_bronzino-bio","viewsari:biography web representation","fabio:WebPage","Gutenberg Web Version of Life of Agnolo Bronzino (Volume 10)","viewsari:the_lives_1568_gutenberg_web_version_of_volume-10","","https://www.gutenberg.org/files/33203/33203-h/33203-h.htm#Page_1","1","10","manifestation"
"viewsari:the_lives_1568_volume-10_academicians-design-bio","viewsari:biography","fabio:Expression","Life of Academicians of Design","viewsari:the_lives_1568_volume-10","viewsari:the_lives_1568_gutenberg_web_version_of_volume-10_academicians-design-bio","","65","10","expression"
"viewsari:the_lives_1568_gutenberg_web_version_of_volume-10_academicians-design-bio","viewsari:biography web representation","fabio:WebPage","Gutenberg Web Version of Life of Academicians of Design (Volume 10)","viewsari:the_lives_1568_gutenberg_web_version_of_volume-10","","https://www.gutenberg.org/files/33203/33203-h/33203-h.htm#Page_65","65","10","manifestation"
"viewsari:the_lives_1568_volume-10_festive-preparations-bio","viewsari:biography","fabio:Expression","Life of Description of Festive Preparations","viewsari:the_lives_1568_volume-10","viewsari:the_lives_1568_gutenberg_web_version_of_volume-10_festive-preparations-bio","","155","10","expression"
"viewsari:the_lives_1568_gutenberg_web_version_of_volume-10_festive-preparations-bio","viewsari:biography web representation","fabio:WebPage","Gutenberg Web Version of Life of Description of Festive Preparations (Volume 10)","viewsari:the_lives_1568_gutenberg_web_version_of_volume-10","","https://www.gutenberg.org/files/33203/33203-h/33203-h.htm#Page_155","155","10","manifestation"
"viewsari:the_lives_1568_volume-10_vasari-v10-bio","viewsari:biography","fabio:Expression","Life of Giorgio Vasari","viewsari:the_lives_1568_volume-10","viewsari:the_lives_1568_gutenberg_web_version_of_volume-10_vasari-v10-bio","","167","10","expression"
"viewsari:the_lives_1568_gutenberg_web_version_of_volume-10_vasari-v10-bio","viewsari:biography web representation","fabio:WebPage","Gutenberg Web Version of Life of Giorgio Vasari (Volume 10)","viewsari:the_lives_1568_gutenberg_web_version_of_volume-10","","https://www.gutenberg.org/files/33203/33203-h/33203-h.htm#Page_167","167","10","manifestation"
"viewsari:the_lives_1568_volume-2_berna-bio","viewsari:biography","fabio:Expression","Life of Berna","viewsari:the_lives_1568_volume-2","viewsari:the_lives_1568_gutenberg_web_version_of_volume-2_berna-bio","","1","2","expression"
"viewsari:the_lives_1568_gutenberg_web_version_of_volume-2_berna-bio","viewsari:biography web representation","fabio:WebPage","Gutenberg Web Version of Life of Berna (Volume 2)","viewsari:the_lives_1568_gutenberg_web_version_of_volume-2","","https://www.gutenberg.org/files/25759/25759-h/25759-h.htm#Page_1","1","2","manifestation"
"viewsari:the_lives_1568_volume-2_duccio-bio","viewsari:biography","fabio:Expression","Life of Duccio","viewsari:the_lives_1568_volume-2","viewsari:the_lives_1568_gutenberg_web_version_of_volume-2_duccio-bio","","7","2","expression"
"viewsari:the_lives_1568_gutenberg_web_version_of_volume-2_duccio-bio","viewsari:biography web representation","fabio:WebPage","Gutenberg Web Version of Life of Duccio (Volume 2)","viewsari:the_lives_1568_gutenberg_web_version_of_volume-2","","https://www.gutenberg.org/files/25759/25759-h/25759-h.htm#Page_7","7","2","manifestation"
"viewsari:the_lives_1568_volume-2_antonio-viniziano-bio","viewsari:biography","fabio:Expression","Life of Antonio Viniziano","viewsari:the_lives_1568_volume-2","viewsari:the_lives_1568_gutenberg_web_version_of_volume-2_antonio-viniziano-bio","","13","2","expression"
"viewsari:the_lives_1568_gutenberg_web_version_of_volume-2_antonio-viniziano-bio","viewsari:biography web representation","fabio:WebPage","Gutenberg Web Version of Life of Antonio Viniziano (Volume 2)","viewsari:the_lives_1568_gutenberg_web_version_of_volume-2","","https://www.gutenberg.org/files/25759/25759-h/25759-h.htm#Page_13","13","2","manifestation"
"viewsari:the_lives_1568_volume-2_jacopo-casentino-bio","viewsari:biography","fabio:Expression","Life of Jacopo di Casentino","viewsari:the_lives_1568_volume-2","viewsari:the_lives_1568_gutenberg_web_version_of_volume-2_jacopo-casentino-bio","","21","2","expression"
"viewsari:the_lives_1568_gutenberg_web_version_of_volume-2_jacopo-casentino-bio","viewsari:biography web representation","fabio:WebPage","Gutenberg Web Version of Life of Jacopo di Casentino (Volume 2)","viewsari:the_lives_1568_gutenberg_web_version_of_volume-2","","https://www.gutenberg.org/files/25759/25759-h/25759-h.htm#Page_21","21","2","manifestation"
"viewsari:the_lives_1568_volume-2_spinello-aretino-bio","viewsari:biography","fabio:Expression","Life of Spinello Aretino","viewsari:the_lives_1568_volume-2","viewsari:the_lives_1568_gutenberg_web_version_of_volume-2_spinello-aretino-bio","","27","2","expression"
"viewsari:the_lives_1568_gutenberg_web_version_of_volume-2_spinello-aretino-bio","viewsari:biography web representation","fabio:WebPage","Gutenberg Web Version of Life of Spinello Aretino (Volume 2)","viewsari:the_lives_1568_gutenberg_web_version_of_volume-2","","https://www.gutenberg.org/files/25759/25759-h/25759-h.htm#Page_27","27","2","manifestation"
"viewsari:the_lives_1568_volume-2_starnina-bio","viewsari:biography","fabio:Expression","Life of Gherardo Starnina","viewsari:the_lives_1568_volume-2","viewsari:the_lives_1568_gutenberg_web_version_of_volume-2_starnina-bio","","41","2","expression"
"viewsari:the_lives_1568_gutenberg_web_version_of_volume-2_starnina-bio","viewsari:biography web representation","fabio:WebPage","Gutenberg Web Version of Life of Gherardo Starnina (Volume 2)","viewsari:the_lives_1568_gutenberg_web_version_of_volume-2","","https://www.gutenberg.org/files/25759/25759-h/25759-h.htm#Page_41","41","2","manifestation"
"viewsari:the_lives_1568_volume-2_lippo-bio","viewsari:biography","fabio:Expression","Life of Lippo","viewsari:the_lives_1568_volume-2","viewsari:the_lives_1568_gutenberg_web_version_of_volume-2_lippo-bio","","47","2","expression"
"viewsari:the_lives_1568_gutenberg_web_version_of_volume-2_lippo-bio","viewsari:biography web representation","fabio:WebPage","Gutenberg Web Version of Life of Lippo (Volume 2)","viewsari:the_lives_1568_gutenberg_web_version_of_volume-2","","https://www.gutenberg.org/files/25759/25759-h/25759-h.htm#Page_47","47","2","manifestation"
"viewsari:the_lives_1568_volume-2_don-lorenzo-monaco-bio","viewsari:biography","fabio:Expression","Life of Don Lorenzo Monaco","viewsari:the_lives_1568_volume-2","viewsari:the_lives_1568_gutenberg_web_version_of_volume-2_don-lorenzo-monaco-bio","","53","2","expression"
"viewsari:the_lives_1568_gutenberg_web_version_of_volume-2_don-lorenzo-monaco-bio","viewsari:biography web representation","fabio:WebPage","Gutenberg Web Version of Life of Don Lorenzo Monaco (Volume 2)","viewsari:the_lives_1568_gutenberg_web_version_of_volume-2","","https://www.gutenberg.org/files/25759/25759-h/25759-h.htm#Page_53","53","2","manifestation"
"viewsari:the_lives_1568_volume-2_taddeo-bartoli-bio","viewsari:biography","fabio:Expression","Life of Taddeo Bartoli","viewsari:the_lives_1568_volume-2","viewsari:the_lives_1568_gutenberg_web_version_of_volume-2_taddeo-bartoli-bio","","59","2","expression"
"viewsari:the_lives_1568_gutenberg_web_version_of_volume-2_taddeo-bartoli-bio","viewsari:biography web representation","fabio:WebPage","Gutenberg Web Version of Life of Taddeo Bartoli (Volume 2)","viewsari:the_lives_1568_gutenberg_web_version_of_volume-2","","https://www.gutenberg.org/files/25759/25759-h/25759-h.htm#Page_59","59","2","manifestation"
"viewsari:the_lives_1568_volume-2_lorenzo-di-bicci-bio","viewsari:biography","fabio:Expression","Life of Lorenzo di Bicci","viewsari:the_lives_1568_volume-2","viewsari:the_lives_1568_gutenberg_web_version_of_volume-2_lorenzo-di-bicci-bio","","65","2","expression"
"viewsari:the_lives_1568_gutenberg_web_version_of_volume-2_lorenzo-di-bicci-bio","viewsari:biography web representation","fabio:WebPage","Gutenberg Web Version of Life of Lorenzo di Bicci (Volume 2)","viewsari:the_lives_1568_gutenberg_web_version_of_volume-2","","https://www.gutenberg.org/files/25759/25759-h/25759-h.htm#Page_65","65","2","manifestation"
"viewsari:the_lives_1568_volume-2_jacopo-della-quercia-bio","viewsari:biography","fabio:Expression","Life of Jacopo della Quercia","viewsari:the_lives_1568_volume-2","viewsari:the_lives_1568_gutenberg_web_version_of_volume-2_jacopo-della-quercia-bio","","89","2","expression"
"viewsari:the_lives_1568_gutenberg_web_version_of_volume-2_jacopo-della-quercia-bio","viewsari:biography web representation","fabio:WebPage","Gutenberg Web Version of Life of Jacopo della Quercia (Volume 2)","viewsari:the_lives_1568_gutenberg_web_version_of_volume-2","","https://www.gutenberg.org/files/25759/25759-h/25759-h.htm#Page_89","89","2","manifestation"
"viewsari:the_lives_1568_volume-2_niccolo-aretino-bio","viewsari:biography","fabio:Expression","Life of Niccolò Aretino","viewsari:the_lives_1568_volume-2","viewsari:the_lives_1568_gutenberg_web_version_of_volume-2_niccolo-aretino-bio","","99","2","expression"
"viewsari:the_lives_1568_gutenberg_web_version_of_volume-2_niccolo-aretino-bio","viewsari:biography web representation","fabio:WebPage","Gutenberg Web Version of Life of Niccolò Aretino (Volume 2)","viewsari:the_lives_1568_gutenberg_web_version_of_volume-2","","https://www.gutenberg.org/files/25759/25759-h/25759-h.htm#Page_99","99","2","manifestation"
"viewsari:the_lives_1568_volume-2_dello-bio","viewsari:biography","fabio:Expression","Life of Dello","viewsari:the_lives_1568_volume-2","viewsari:the_lives_1568_gutenberg_web_version_of_volume-2_dello-bio","","105","2","expression"
"viewsari:the_lives_1568_gutenberg_web_version_of_volume-2_dello-bio","viewsari:biography web representation","fabio:WebPage","Gutenberg Web Version of Life of Dello (Volume 2)","viewsari:the_lives_1568_gutenberg_web_version_of_volume-2","","https://www.gutenberg.org/files/25759/25759-h/25759-h.htm#Page_105","105","2","manifestation"
"viewsari:the_lives_1568_volume-2_nanni-di-banco-bio","viewsari:biography","fabio:Expression","Life of Nanni d'Antonio di Banco","viewsari:the_lives_1568_volume-2","viewsari:the_lives_1568_gutenberg_web_version_of_volume-2_nanni-di-banco-bio","","111","2","expression"
"viewsari:the_lives_1568_gutenberg_web_version_of_volume-2_nanni-di-banco-bio","viewsari:biography web representation","fabio:WebPage","Gutenberg Web Version of Life of Nanni d'Antonio di Banco (Volume 2)","viewsari:the_lives_1568_gutenberg_web_version_of_volume-2","","https://www.gutenberg.org/files/25759/25759-h/25759-h.htm#Page_111","111","2","manifestation"
"viewsari:the_lives_1568_volume-2_luca-della-robbia-bio","viewsari:biography","fabio:Expression","Life of Luca della Robbia","viewsari:the_lives_1568_volume-2","viewsari:the_lives_1568_gutenberg_web_version_of_volume-2_luca-della-robbia-bio","","117","2","expression"
"viewsari:the_lives_1568_gutenberg_web_version_of_volume-2_luca-della-robbia-bio","viewsari:biography web representation","fabio:WebPage","Gutenberg Web Version of Life of Luca della Robbia (Volume 2)","viewsari:the_lives_1568_gutenberg_web_version_of_volume-2","","https://www.gutenberg.org/files/25759/25759-h/25759-h.htm#Page_117","117","2","manifestation"
"viewsari:the_lives_1568_volume-2_paolo-uccello-bio","viewsari:biography","fabio:Expression","Life of Paolo Uccello","viewsari:the_lives_1568_volume-2","viewsari:the_lives_1568_gutenberg_web_version_of_volume-2_paolo-uccello-bio","","129","2","expression"
"viewsari:the_lives_1568_gutenberg_web_version_of_volume-2_paolo-uccello-bio","viewsari:biography web representation","fabio:WebPage","Gutenberg Web Version of Life of Paolo Uccello (Volume 2)","viewsari:the_lives_1568_gutenberg_web_version_of_volume-2","","https://www.gutenberg.org/files/25759/25759-h/25759-h.htm#Page_129","129","2","manifestation"
"viewsari:the_lives_1568_volume-2_ghiberti-bio","viewsari:biography","fabio:Expression","Life of Lorenzo Ghiberti","viewsari:the_lives_1568_volume-2","viewsari:the_lives_1568_gutenberg_web_version_of_volume-2_ghiberti-bio","","141","2","expression"
"viewsari:the_lives_1568_gutenberg_web_version_of_volume-2_ghiberti-bio","viewsari:biography web representation","fabio:WebPage","Gutenberg Web Version of Life of Lorenzo Ghiberti (Volume 2)","viewsari:the_lives_1568_gutenberg_web_version_of_volume-2","","https://www.gutenberg.org/files/25759/25759-h/25759-h.htm#Page_141","141","2","manifestation"
"viewsari:the_lives_1568_volume-2_masolino-bio","viewsari:biography","fabio:Expression","Life of Masolino da Panicale","viewsari:the_lives_1568_volume-2","viewsari:the_lives_1568_gutenberg_web_version_of_volume-2_masolino-bio","","163","2","expression"
"viewsari:the_lives_1568_gutenberg_web_version_of_volume-2_masolino-bio","viewsari:biography web representation","fabio:WebPage","Gutenberg Web Version of Life of Masolino da Panicale (Volume 2)","viewsari:the_lives_1568_gutenberg_web_version_of_volume-2","","https://www.gutenberg.org/files/25759/25759-h/25759-h.htm#Page_163","163","2","manifestation"
"viewsari:the_lives_1568_volume-2_parri-spinelli-bio","viewsari:biography","fabio:Expression","Life of Parri Spinelli","viewsari:the_lives_1568_volume-2","viewsari:the_lives_1568_gutenberg_web_version_of_volume-2_parri-spinelli-bio","","169","2","expression"
"viewsari:the_lives_1568_gutenberg_web_version_of_volume-2_parri-spinelli-bio","viewsari:biography web representation","fabio:WebPage","Gutenberg Web Version of Life of Parri Spinelli (Volume 2)","viewsari:the_lives_1568_gutenberg_web_version_of_volume-2","","https://www.gutenberg.org/files/25759/25759-h/25759-h.htm#Page_169","169","2","manifestation"
"viewsari:the_lives_1568_volume-2_masaccio-bio","viewsari:biography","fabio:Expression","Life of Masaccio","viewsari:the_lives_1568_volume-2","viewsari:the_lives_1568_gutenberg_web_version_of_volume-2_masaccio-bio","","181","2","expression"
"viewsari:the_lives_1568_gutenberg_web_version_of_volume-2_masaccio-bio","viewsari:biography web representation","fabio:WebPage","Gutenberg Web Version of Life of Masaccio (Volume 2)","viewsari:the_lives_1568_gutenberg_web_version_of_volume-2","","https://www.gutenberg.org/files/25759/25759-h/25759-h.htm#Page_181","181","2","manifestation"
"viewsari:the_lives_1568_volume-2_brunelleschi-bio","viewsari:biography","fabio:Expression","Life of Filippo Brunelleschi","viewsari:the_lives_1568_volume-2","viewsari:the_lives_1568_gutenberg_web_version_of_volume-2_brunelleschi-bio","","193","2","expression"
"viewsari:the_lives_1568_gutenberg_web_version_of_volume-2_brunelleschi-bio","viewsari:biography web representation","fabio:WebPage","Gutenberg Web Version of Life of Filippo Brunelleschi (Volume 2)","viewsari:the_lives_1568_gutenberg_web_version_of_volume-2","","https://www.gutenberg.org/files/25759/25759-h/25759-h.htm#Page_193","193","2","manifestation"
"viewsari:the_lives_1568_volume-2_donatello-bio","viewsari:biography","fabio:Expression","Life of Donatello","viewsari:the_lives_1568_volume-2","viewsari:the_lives_1568_gutenberg_web_version_of_volume-2_donatello-bio","","237","2","expression"
"viewsari:the_lives_1568_gutenberg_web_version_of_volume-2_donatello-bio","viewsari:biography web representation","fabio:WebPage","Gutenberg Web Version of Life of Donatello (Volume 2)","viewsari:the_lives_1568_gutenberg_web_version_of_volume-2","","https://www.gutenberg.org/files/25759/25759-h/25759-h.htm#Page_237","237","2","manifestation"
"viewsari:the_lives_1568_volume-2_michelozzo-bio","viewsari:biography","fabio:Expression","Life of Michelozzo Michelozzi","viewsari:the_lives_1568_volume-2","viewsari:the_lives_1568_gutenberg_web_version_of_volume-2_michelozzo-bio","","257","2","expression"
"viewsari:the_lives_1568_gutenberg_web_version_of_volume-2_michelozzo-bio","viewsari:biography web representation","fabio:WebPage","Gutenberg Web Version of Life of Michelozzo Michelozzi (Volume 2)","viewsari:the_lives_1568_gutenberg_web_version_of_volume-2","","https://www.gutenberg.org/files/25759/25759-h/25759-h.htm#Page_257","257","2","manifestation"
"viewsari:the_lives_1568_volume-4_filippino-lippi-bio","viewsari:biography","fabio:Expression","Life of Filippo Lippi, Called Filippino","viewsari:the_lives_1568_volume-4","viewsari:the_lives_1568_gutenberg_web_version_of_volume-4_filippino-lippi-bio","","1","4","expression"
"viewsari:the_lives_1568_gutenberg_web_version_of_volume-4_filippino-lippi-bio","viewsari:biography web representation","fabio:WebPage","Gutenberg Web Version of Life of Filippo Lippi, Called Filippino (Volume 4)","viewsari:the_lives_1568_gutenberg_web_version_of_volume-4","","https://www.gutenberg.org/files/28420/28420-h/28420-h.htm#Page_1","1","4","manifestation"
"viewsari:the_lives_1568_volume-4_bernardino-pinturicchio-bio","viewsari:biography","fabio:Expression","Life of Bernardino Pinturicchio","viewsari:the_lives_1568_volume-4","viewsari:the_lives_1568_gutenberg_web_version_of_volume-4_bernardino-pinturicchio-bio","","11","4","expression"
"viewsari:the_lives_1568_gutenberg_web_version_of_volume-4_bernardino-pinturicchio-bio","viewsari:biography web representation","fabio:WebPage","Gutenberg Web Version of Life of Bernardino Pinturicchio (Volume 4)","viewsari:the_lives_1568_gutenberg_web_version_of_volume-4","","https://www.gutenberg.org/files/28420/28420-h/28420-h.htm#Page_11","11","4","manifestation"
"viewsari:the_lives_1568_volume-4_francesco-francia-bio","viewsari:biography","fabio:Expression","Life of Francesco Francia","viewsari:the_lives_1568_volume-4","viewsari:the_lives_1568_gutenberg_web_version_of_volume-4_francesco-francia-bio","","21","4","expression"
"viewsari:the_lives_1568_gutenberg_web_version_of_volume-4_francesco-francia-bio","viewsari:biography web representation","fabio:WebPage","Gutenberg Web Version of Life of Francesco Francia (Volume 4)","viewsari:the_lives_1568_gutenberg_web_version_of_volume-4","","https://www.gutenberg.org/files/28420/28420-h/28420-h.htm#Page_21","21","4","manifestation"
"viewsari:the_lives_1568_volume-4_pietro-perugino-bio","viewsari:biography","fabio:Expression","Life of Pietro Perugino","viewsari:the_lives_1568_volume-4","viewsari:the_lives_1568_gutenberg_web_version_of_volume-4_pietro-perugino-bio","","31","4","expression"
"viewsari:the_lives_1568_gutenberg_web_version_of_volume-4_pietro-perugino-bio","viewsari:biography web representation","fabio:WebPage","Gutenberg Web Version of Life of Pietro Perugino (Volume 4)","viewsari:the_lives_1568_gutenberg_web_version_of_volume-4","","https://www.gutenberg.org/files/28420/28420-h/28420-h.htm#Page_31","31","4","manifestation"
"viewsari:the_lives_1568_volume-4_vittore-scarpaccia-bio","viewsari:biography","fabio:Expression","Life of Vittore Scarpaccia and Other Venetian and Lombard Painters","viewsari:the_lives_1568_volume-4","viewsari:the_lives_1568_gutenberg_web_version_of_volume-4_vittore-scarpaccia-bio","","49","4","expression"
"viewsari:the_lives_1568_gutenberg_web_version_of_volume-4_vittore-scarpaccia-bio","viewsari:biography web representation","fabio:WebPage","Gutenberg Web Version of Life of Vittore Scarpaccia and Other Venetian and Lombard Painters (Volume 4)","viewsari:the_lives_1568_gutenberg_web_version_of_volume-4","","https://www.gutenberg.org/files/28420/28420-h/28420-h.htm#Page_49","49","4","manifestation"
"viewsari:the_lives_1568_volume-4_jacopo-lindaco-bio","viewsari:biography","fabio:Expression","Life of Jacopo, Called L'Indaco","viewsari:the_lives_1568_volume-4","viewsari:the_lives_1568_gutenberg_web_version_of_volume-4_jacopo-lindaco-bio","","63","4","expression"
"viewsari:the_lives_1568_gutenberg_web_version_of_volume-4_jacopo-lindaco-bio","viewsari:biography web representation","fabio:WebPage","Gutenberg Web Version of Life of Jacopo, Called L'Indaco (Volume 4)","viewsari:the_lives_1568_gutenberg_web_version_of_volume-4","","https://www.gutenberg.org/files/28420/28420-h/28420-h.htm#Page_63","63","4","manifestation"
"viewsari:the_lives_1568_volume-4_luca-signorelli-bio","viewsari:biography","fabio:Expression","Life of Luca Signorelli","viewsari:the_lives_1568_volume-4","viewsari:the_lives_1568_gutenberg_web_version_of_volume-4_luca-signorelli-bio","","69","4","expression"
"viewsari:the_lives_1568_gutenberg_web_version_of_volume-4_luca-signorelli-bio","viewsari:biography web representation","fabio:WebPage","Gutenberg Web Version of Life of Luca Signorelli (Volume 4)","viewsari:the_lives_1568_gutenberg_web_version_of_volume-4","","https://www.gutenberg.org/files/28420/28420-h/28420-h.htm#Page_69","69","4","manifestation"
"viewsari:the_lives_1568_volume-4_leonardo-da-vinci-bio","viewsari:biography","fabio:Expression","Life of Leonardo da Vinci","viewsari:the_lives_1568_volume-4","viewsari:the_lives_1568_gutenberg_web_version_of_volume-4_leonardo-da-vinci-bio","","87","4","expression"
"viewsari:the_lives_1568_gutenberg_web_version_of_volume-4_leonardo-da-vinci-bio","viewsari:biography web representation","fabio:WebPage","Gutenberg Web Version of Life of Leonardo da Vinci (Volume 4)","viewsari:the_lives_1568_gutenberg_web_version_of_volume-4","","https://www.gutenberg.org/files/28420/28420-h/28420-h.htm#Page_87","87","4","manifestation"
"viewsari:the_lives_1568_volume-4_giorgione-da-castelfranco-bio","viewsari:biography","fabio:Expression","Life of Giorgione da Castelfranco","viewsari:the_lives_1568_volume-4","viewsari:the_lives_1568_gutenberg_web_version_of_volume-4_giorgione-da-castelfranco-bio","","107","4","expression"
"viewsari:the_lives_1568_gutenberg_web_version_of_volume-4_giorgione-da-castelfranco-bio","viewsari:biography web representation","fabio:WebPage","Gutenberg Web Version of Life of Giorgione da Castelfranco (Volume 4)","viewsari:the_lives_1568_gutenberg_web_version_of_volume-4","","https://www.gutenberg.org/files/28420/28420-h/28420-h.htm#Page_107","107","4","manifestation"
"viewsari:the_lives_1568_volume-4_antonio-da-correggio-bio","viewsari:biography","fabio:Expression","Life of Antonio da Correggio","viewsari:the_lives_1568_volume-4","viewsari:the_lives_1568_gutenberg_web_version_of_volume-4_antonio-da-correggio-bio","","115","4","expression"
"viewsari:the_lives_1568_gutenberg_web_version_of_volume-4_antonio-da-correggio-bio","viewsari:biography web representation","fabio:WebPage","Gutenberg Web Version of Life of Antonio da Correggio (Volume 4)","viewsari:the_lives_1568_gutenberg_web_version_of_volume-4","","https://www.gutenberg.org/files/28420/28420-h/28420-h.htm#Page_115","115","4","manifestation"
"viewsari:the_lives_1568_volume-4_piero-di-cosimo-bio","viewsari:biography","fabio:Expression","Life of Piero di Cosimo","viewsari:the_lives_1568_volume-4","viewsari:the_lives_1568_gutenberg_web_version_of_volume-4_piero-di-cosimo-bio","","123","4","expression"
"viewsari:the_lives_1568_gutenberg_web_version_of_volume-4_piero-di-cosimo-bio","viewsari:biography web representation","fabio:WebPage","Gutenberg Web Version of Life of Piero di Cosimo (Volume 4)","viewsari:the_lives_1568_gutenberg_web_version_of_volume-4","","https://www.gutenberg.org/files/28420/28420-h/28420-h.htm#Page_123","123","4","manifestation"
"viewsari:the_lives_1568_volume-4_bramante-da-urbino-bio","viewsari:biography","fabio:Expression","Life of Bramante da Urbino","viewsari:the_lives_1568_volume-4","viewsari:the_lives_1568_gutenberg_web_version_of_volume-4_bramante-da-urbino-bio","","135","4","expression"
"viewsari:the_lives_1568_gutenberg_web_version_of_volume-4_bramante-da-urbino-bio","viewsari:biography web representation","fabio:WebPage","Gutenberg Web Version of Life of Bramante da Urbino (Volume 4)","viewsari:the_lives_1568_gutenberg_web_version_of_volume-4","","https://www.gutenberg.org/files/28420/28420-h/28420-h.htm#Page_135","135","4","manifestation"
"viewsari:the_lives_1568_volume-4_fra-bartolommeo-di-san-marco-bio","viewsari:biography","fabio:Expression","Life of Fra Bartolommeo di San Marco","viewsari:the_lives_1568_volume-4","viewsari:the_lives_1568_gutenberg_web_version_of_volume-4_fra-bartolommeo-di-san-marco-bio","","149","4","expression"
"viewsari:the_lives_1568_gutenberg_web_version_of_volume-4_fra-bartolommeo-di-san-marco-bio","viewsari:biography web representation","fabio:WebPage","Gutenberg Web Version of Life of Fra Bartolommeo di San Marco (Volume 4)","viewsari:the_lives_1568_gutenberg_web_version_of_volume-4","","https://www.gutenberg.org/files/28420/28420-h/28420-h.htm#Page_149","149","4","manifestation"
"viewsari:the_lives_1568_volume-4_mariotto-albertinelli-bio","viewsari:biography","fabio:Expression","Life of Mariotto Albertinelli","viewsari:the_lives_1568_volume-4","viewsari:the_lives_1568_gutenberg_web_version_of_volume-4_mariotto-albertinelli-bio","","163","4","expression"
"viewsari:the_lives_1568_gutenberg_web_version_of_volume-4_mariotto-albertinelli-bio","viewsari:biography web representation","fabio:WebPage","Gutenberg Web Version of Life of Mariotto Albertinelli (Volume 4)","viewsari:the_lives_1568_gutenberg_web_version_of_volume-4","","https://www.gutenberg.org/files/28420/28420-h/28420-h.htm#Page_163","163","4","manifestation"
"viewsari:the_lives_1568_volume-4_raffaellino-del-garbo-bio","viewsari:biography","fabio:Expression","Life of Raffaellino del Garbo","viewsari:the_lives_1568_volume-4","viewsari:the_lives_1568_gutenberg_web_version_of_volume-4_raffaellino-del-garbo-bio","","173","4","expression"
"viewsari:the_lives_1568_gutenberg_web_version_of_volume-4_raffaellino-del-garbo-bio","viewsari:biography web representation","fabio:WebPage","Gutenberg Web Version of Life of Raffaellino del Garbo (Volume 4)","viewsari:the_lives_1568_gutenberg_web_version_of_volume-4","","https://www.gutenberg.org/files/28420/28420-h/28420-h.htm#Page_173","173","4","manifestation"
"viewsari:the_lives_1568_volume-4_torrigiano-bio","viewsari:biography","fabio:Expression","Life of Torrigiano","viewsari:the_lives_1568_volume-4","viewsari:the_lives_1568_gutenberg_web_version_of_volume-4_torrigiano-bio","","181","4","expression"
"viewsari:the_lives_1568_gutenberg_web_version_of_volume-4_torrigiano-bio","viewsari:biography web representation","fabio:WebPage","Gutenberg Web Version of Life of Torrigiano (Volume 4)","viewsari:the_lives_1568_gutenberg_web_version_of_volume-4","","https://www.gutenberg.org/files/28420/28420-h/28420-h.htm#Page_181","181","4","manifestation"
"viewsari:the_lives_1568_volume-4_giuliano-and-antonio-da-san-gallo-bio","viewsari:biography","fabio:Expression","Life of Giuliano and Antonio da San Gallo","viewsari:the_lives_1568_volume-4","viewsari:the_lives_1568_gutenberg_web_version_of_volume-4_giuliano-and-antonio-da-san-gallo-bio","","189","4","expression"
"viewsari:the_lives_1568_gutenberg_web_version_of_volume-4_giuliano-and-antonio-da-san-gallo-bio","viewsari:biography web representation","fabio:WebPage","Gutenberg Web Version of Life of Giuliano and Antonio da San Gallo (Volume 4)","viewsari:the_lives_1568_gutenberg_web_version_of_volume-4","","https://www.gutenberg.org/files/28420/28420-h/28420-h.htm#Page_189","189","4","manifestation"
"viewsari:the_lives_1568_volume-4_raffaello-da-urbino-bio","viewsari:biography","fabio:Expression","Life of Raffaello da Urbino","viewsari:the_lives_1568_volume-4","viewsari:the_lives_1568_gutenberg_web_version_of_volume-4_raffaello-da-urbino-bio","","207","4","expression"
"viewsari:the_lives_1568_gutenberg_web_version_of_volume-4_raffaello-da-urbino-bio","viewsari:biography web representation","fabio:WebPage","Gutenberg Web Version of Life of Raffaello da Urbino (Volume 4)","viewsari:the_lives_1568_gutenberg_web_version_of_volume-4","","https://www.gutenberg.org/files/28420/28420-h/28420-h.htm#Page_207","207","4","manifestation"
"viewsari:the_lives_1568_volume-4_guglielmo-da-marcilla-bio","viewsari:biography","fabio:Expression","Life of Guglielmo da Marcilla","viewsari:the_lives_1568_volume-4","viewsari:the_lives_1568_gutenberg_web_version_of_volume-4_guglielmo-da-marcilla-bio","","251","4","expression"
"viewsari:the_lives_1568_gutenberg_web_version_of_volume-4_guglielmo-da-marcilla-bio","viewsari:biography web representation","fabio:WebPage","Gutenberg Web Version of Life of Guglielmo da Marcilla (Volume 4)","viewsari:the_lives_1568_gutenberg_web_version_of_volume-4","","https://www.gutenberg.org/files/28420/28420-h/28420-h.htm#Page_251","251","4","manifestation"
"viewsari:the_lives_1568_volume-4_simone-il-cronaca-bio","viewsari:biography","fabio:Expression","Life of Simone, Called Il Cronaca","viewsari:the_lives_1568_volume-4","viewsari:the_lives_1568_gutenberg_web_version_of_volume-4_simone-il-cronaca-bio","","263","4","expression"
"viewsari:the_lives_1568_gutenberg_web_version_of_volume-4_simone-il-cronaca-bio","viewsari:biography web representation","fabio:WebPage","Gutenberg Web Version of Life of Simone, Called Il Cronaca (Volume 4)","viewsari:the_lives_1568_gutenberg_web_version_of_volume-4","","https://www.gutenberg.org/files/28420/28420-h/28420-h.htm#Page_263","263","4","manifestation"
"viewsari:the_lives_1568_volume-4_domenico-puligo-bio","viewsari:biography","fabio:Expression","Life of Domenico Puligo","viewsari:the_lives_1568_volume-4","viewsari:the_lives_1568_gutenberg_web_version_of_volume-4_domenico-puligo-bio","","277","4","expression"
"viewsari:the_lives_1568_gutenberg_web_version_of_volume-4_domenico-puligo-bio","viewsari:biography web representation","fabio:WebPage","Gutenberg Web Version of Life of Domenico Puligo (Volume 4)","viewsari:the_lives_1568_gutenberg_web_version_of_volume-4","","https://www.gutenberg.org/files/28420/28420-h/28420-h.htm#Page_277","277","4","manifestation"
"viewsari:the_lives_1568_volume-5_andrea-da-fiesole-bio","viewsari:biography","fabio:Expression","Life of Andrea da Fiesole and Others","viewsari:the_lives_1568_volume-5","viewsari:the_lives_1568_gutenberg_web_version_of_volume-5_andrea-da-fiesole-bio","","1","5","expression"
"viewsari:the_lives_1568_gutenberg_web_version_of_volume-5_andrea-da-fiesole-bio","viewsari:biography web representation","fabio:WebPage","Gutenberg Web Version of Life of Andrea da Fiesole and Others (Volume 5)","viewsari:the_lives_1568_gutenberg_web_version_of_volume-5","","https://www.gutenberg.org/files/28421/28421-h/28421-h.htm#Page_1","1","5","manifestation"
"viewsari:the_lives_1568_volume-5_vincenzio-da-san-gimignano-bio","viewsari:biography","fabio:Expression","Life of Vincenzio da San Gimignano and Timoteo da Urbino","viewsari:the_lives_1568_volume-5","viewsari:the_lives_1568_gutenberg_web_version_of_volume-5_vincenzio-da-san-gimignano-bio","","9","5","expression"
"viewsari:the_lives_1568_gutenberg_web_version_of_volume-5_vincenzio-da-san-gimignano-bio","viewsari:biography web representation","fabio:WebPage","Gutenberg Web Version of Life of Vincenzio da San Gimignano and Timoteo da Urbino (Volume 5)","viewsari:the_lives_1568_gutenberg_web_version_of_volume-5","","https://www.gutenberg.org/files/28421/28421-h/28421-h.htm#Page_9","9","5","manifestation"
"viewsari:the_lives_1568_volume-5_andrea-dal-monte-sansovino-bio","viewsari:biography","fabio:Expression","Life of Andrea dal Monte Sansovino","viewsari:the_lives_1568_volume-5","viewsari:the_lives_1568_gutenberg_web_version_of_volume-5_andrea-dal-monte-sansovino-bio","","19","5","expression"
"viewsari:the_lives_1568_gutenberg_web_version_of_volume-5_andrea-dal-monte-sansovino-bio","viewsari:biography web representation","fabio:WebPage","Gutenberg Web Version of Life of Andrea dal Monte Sansovino (Volume 5)","viewsari:the_lives_1568_gutenberg_web_version_of_volume-5","","https://www.gutenberg.org/files/28421/28421-h/28421-h.htm#Page_19","19","5","manifestation"
"viewsari:the_lives_1568_volume-5_benedetto-da-rovezzano-bio","viewsari:biography","fabio:Expression","Life of Benedetto da Rovezzano","viewsari:the_lives_1568_volume-5","viewsari:the_lives_1568_gutenberg_web_version_of_volume-5_benedetto-da-rovezzano-bio","","33","5","expression"
"viewsari:the_lives_1568_gutenberg_web_version_of_volume-5_benedetto-da-rovezzano-bio","viewsari:biography web representation","fabio:WebPage","Gutenberg Web Version of Life of Benedetto da Rovezzano (Volume 5)","viewsari:the_lives_1568_gutenberg_web_version_of_volume-5","","https://www.gutenberg.org/files/28421/28421-h/28421-h.htm#Page_33","33","5","manifestation"
"viewsari:the_lives_1568_volume-5_baccio-da-montelupo-bio","viewsari:biography","fabio:Expression","Life of Baccio da Montelupo and Raffaello His Son","viewsari:the_lives_1568_volume-5","viewsari:the_lives_1568_gutenberg_web_version_of_volume-5_baccio-da-montelupo-bio","","39","5","expression"
"viewsari:the_lives_1568_gutenberg_web_version_of_volume-5_baccio-da-montelupo-bio","viewsari:biography web representation","fabio:WebPage","Gutenberg Web Version of Life of Baccio da Montelupo and Raffaello His Son (Volume 5)","viewsari:the_lives_1568_gutenberg_web_version_of_volume-5","","https://www.gutenberg.org/files/28421/28421-h/28421-h.htm#Page_39","39","5","manifestation"
"viewsari:the_lives_1568_volume-5_lorenzo-di-credi-bio","viewsari:biography","fabio:Expression","Life of Lorenzo di Credi","viewsari:the_lives_1568_volume-5","viewsari:the_lives_1568_gutenberg_web_version_of_volume-5_lorenzo-di-credi-bio","","47","5","expression"
"viewsari:the_lives_1568_gutenberg_web_version_of_volume-5_lorenzo-di-credi-bio","viewsari:biography web representation","fabio:WebPage","Gutenberg Web Version of Life of Lorenzo di Credi (Volume 5)","viewsari:the_lives_1568_gutenberg_web_version_of_volume-5","","https://www.gutenberg.org/files/28421/28421-h/28421-h.htm#Page_47","47","5","manifestation"
"viewsari:the_lives_1568_volume-5_lorenzetto-and-boccaccino-bio","viewsari:biography","fabio:Expression","Life of Lorenzetto and Boccaccino","viewsari:the_lives_1568_volume-5","viewsari:the_lives_1568_gutenberg_web_version_of_volume-5_lorenzetto-and-boccaccino-bio","","53","5","expression"
"viewsari:the_lives_1568_gutenberg_web_version_of_volume-5_lorenzetto-and-boccaccino-bio","viewsari:biography web representation","fabio:WebPage","Gutenberg Web Version of Life of Lorenzetto and Boccaccino (Volume 5)","viewsari:the_lives_1568_gutenberg_web_version_of_volume-5","","https://www.gutenberg.org/files/28421/28421-h/28421-h.htm#Page_53","53","5","manifestation"
"viewsari:the_lives_1568_volume-5_baldassarre-peruzzi-bio","viewsari:biography","fabio:Expression","Life of Baldassarre Peruzzi","viewsari:the_lives_1568_volume-5","viewsari:the_lives_1568_gutenberg_web_version_of_volume-5_baldassarre-peruzzi-bio","","61","5","expression"
"viewsari:the_lives_1568_gutenberg_web_version_of_volume-5_baldassarre-peruzzi-bio","viewsari:biography web representation","fabio:WebPage","Gutenberg Web Version of Life of Baldassarre Peruzzi (Volume 5)","viewsari:the_lives_1568_gutenberg_web_version_of_volume-5","","https://www.gutenberg.org/files/28421/28421-h/28421-h.htm#Page_61","61","5","manifestation"
"viewsari:the_lives_1568_volume-5_giovanfrancesco-penni-bio","viewsari:biography","fabio:Expression","Life of Giovan Francesco Penni and Pellegrino da Modena","viewsari:the_lives_1568_volume-5","viewsari:the_lives_1568_gutenberg_web_version_of_volume-5_giovanfrancesco-penni-bio","","75","5","expression"
"viewsari:the_lives_1568_gutenberg_web_version_of_volume-5_giovanfrancesco-penni-bio","viewsari:biography web representation","fabio:WebPage","Gutenberg Web Version of Life of Giovan Francesco Penni and Pellegrino da Modena (Volume 5)","viewsari:the_lives_1568_gutenberg_web_version_of_volume-5","","https://www.gutenberg.org/files/28421/28421-h/28421-h.htm#Page_75","75","5","manifestation"
"viewsari:the_lives_1568_volume-5_andrea-del-sarto-bio","viewsari:biography","fabio:Expression","Life of Andrea del Sarto","viewsari:the_lives_1568_volume-5","viewsari:the_lives_1568_gutenberg_web_version_of_volume-5_andrea-del-sarto-bio","","83","5","expression"
"viewsari:the_lives_1568_gutenberg_web_version_of_volume-5_andrea-del-sarto-bio","viewsari:biography web representation","fabio:WebPage","Gutenberg Web Version of Life of Andrea del Sarto (Volume 5)","viewsari:the_lives_1568_gutenberg_web_version_of_volume-5","","https://www.gutenberg.org/files/28421/28421-h/28421-h.htm#Page_83","83","5","manifestation"
"viewsari:the_lives_1568_volume-5_madonna-properzia-de-rossi-bio","viewsari:biography","fabio:Expression","Life of Madonna Properzia de' Rossi","viewsari:the_lives_1568_volume-5","viewsari:the_lives_1568_gutenberg_web_version_of_volume-5_madonna-properzia-de-rossi-bio","","121","5","expression"
"viewsari:the_lives_1568_gutenberg_web_version_of_volume-5_madonna-properzia-de-rossi-bio","viewsari:biography web representation","fabio:WebPage","Gutenberg Web Version of Life of Madonna Properzia de' Rossi (Volume 5)","viewsari:the_lives_1568_gutenberg_web_version_of_volume-5","","https://www.gutenberg.org/files/28421/28421-h/28421-h.htm#Page_121","121","5","manifestation"
"viewsari:the_lives_1568_volume-5_alfonso-lombardi-bio","viewsari:biography","fabio:Expression","Life of Alfonso Lombardi, Michelagnolo da Siena, Girolamo Santa Croce, and Dosso and Battista Dossi","viewsari:the_lives_1568_volume-5","viewsari:the_lives_1568_gutenberg_web_version_of_volume-5_alfonso-lombardi-bio","","129","5","expression"
"viewsari:the_lives_1568_gutenberg_web_version_of_volume-5_alfonso-lombardi-bio","viewsari:biography web representation","fabio:WebPage","Gutenberg Web Version of Life of Alfonso Lombardi, Michelagnolo da Siena, Girolamo Santa Croce, and Dosso and Battista Dossi (Volume 5)","viewsari:the_lives_1568_gutenberg_web_version_of_volume-5","","https://www.gutenberg.org/files/28421/28421-h/28421-h.htm#Page_129","129","5","manifestation"
"viewsari:the_lives_1568_volume-5_giovanni-antonio-licinio-bio","viewsari:biography","fabio:Expression","Life of Giovanni Antonio Licinio of Pordenone and Others","viewsari:the_lives_1568_volume-5","viewsari:the_lives_1568_gutenberg_web_version_of_volume-5_giovanni-antonio-licinio-bio","","143","5","expression"
"viewsari:the_lives_1568_gutenberg_web_version_of_volume-5_giovanni-antonio-licinio-bio","viewsari:biography web representation","fabio:WebPage","Gutenberg Web Version of Life of Giovanni Antonio Licinio of Pordenone and Others (Volume 5)","viewsari:the_lives_1568_gutenberg_web_version_of_volume-5","","https://www.gutenberg.org/files/28421/28421-h/28421-h.htm#Page_143","143","5","manifestation"
"viewsari:the_lives_1568_volume-5_giovanni-antonio-sogliani-bio","viewsari:biography","fabio:Expression","Life of Giovanni Antonio Sogliani","viewsari:the_lives_1568_volume-5","viewsari:the_lives_1568_gutenberg_web_version_of_volume-5_giovanni-antonio-sogliani-bio","","157","5","expression"
"viewsari:the_lives_1568_gutenberg_web_version_of_volume-5_giovanni-antonio-sogliani-bio","viewsari:biography web representation","fabio:WebPage","Gutenberg Web Version of Life of Giovanni Antonio Sogliani (Volume 5)","viewsari:the_lives_1568_gutenberg_web_version_of_volume-5","","https://www.gutenberg.org/files/28421/28421-h/28421-h.htm#Page_157","157","5","manifestation"
"viewsari:the_lives_1568_volume-5_girolamo-da-treviso-bio","viewsari:biography","fabio:Expression","Life of Girolamo da Treviso","viewsari:the_lives_1568_volume-5","viewsari:the_lives_1568_gutenberg_web_version_of_volume-5_girolamo-da-treviso-bio","","167","5","expression"
"viewsari:the_lives_1568_gutenberg_web_version_of_volume-5_girolamo-da-treviso-bio","viewsari:biography web representation","fabio:WebPage","Gutenberg Web Version of Life of Girolamo da Treviso (Volume 5)","viewsari:the_lives_1568_gutenberg_web_version_of_volume-5","","https://www.gutenberg.org/files/28421/28421-h/28421-h.htm#Page_167","167","5","manifestation"
"viewsari:the_lives_1568_volume-5_polidoro-da-caravaggio-bio","viewsari:biography","fabio:Expression","Life of Polidoro da Caravaggio and Maturino","viewsari:the_lives_1568_volume-5","viewsari:the_lives_1568_gutenberg_web_version_of_volume-5_polidoro-da-caravaggio-bio","","173","5","expression"
"viewsari:the_lives_1568_gutenberg_web_version_of_volume-5_polidoro-da-caravaggio-bio","viewsari:biography web representation","fabio:WebPage","Gutenberg Web Version of Life of Polidoro da Caravaggio and Maturino (Volume 5)","viewsari:the_lives_1568_gutenberg_web_version_of_volume-5","","https://www.gutenberg.org/files/28421/28421-h/28421-h.htm#Page_173","173","5","manifestation"
"viewsari:the_lives_1568_volume-5_il-rosso-bio","viewsari:biography","fabio:Expression","Life of Il Rosso","viewsari:the_lives_1568_volume-5","viewsari:the_lives_1568_gutenberg_web_version_of_volume-5_il-rosso-bio","","187","5","expression"
"viewsari:the_lives_1568_gutenberg_web_version_of_volume-5_il-rosso-bio","viewsari:biography web representation","fabio:WebPage","Gutenberg Web Version of Life of Il Rosso (Volume 5)","viewsari:the_lives_1568_gutenberg_web_version_of_volume-5","","https://www.gutenberg.org/files/28421/28421-h/28421-h.htm#Page_187","187","5","manifestation"
"viewsari:the_lives_1568_volume-5_bartolommeo-da-bagnacavallo-bio","viewsari:biography","fabio:Expression","Life of Bartolommeo da Bagnacavallo and Others","viewsari:the_lives_1568_volume-5","viewsari:the_lives_1568_gutenberg_web_version_of_volume-5_bartolommeo-da-bagnacavallo-bio","","205","5","expression"
"viewsari:the_lives_1568_gutenberg_web_version_of_volume-5_bartolommeo-da-bagnacavallo-bio","viewsari:biography web representation","fabio:WebPage","Gutenberg Web Version of Life of Bartolommeo da Bagnacavallo and Others (Volume 5)","viewsari:the_lives_1568_gutenberg_web_version_of_volume-5","","https://www.gutenberg.org/files/28421/28421-h/28421-h.htm#Page_205","205","5","manifestation"
"viewsari:the_lives_1568_volume-5_franciabigio-bio","viewsari:biography","fabio:Expression","Life of Franciabigio","viewsari:the_lives_1568_volume-5","viewsari:the_lives_1568_gutenberg_web_version_of_volume-5_franciabigio-bio","","215","5","expression"
"viewsari:the_lives_1568_gutenberg_web_version_of_volume-5_franciabigio-bio","viewsari:biography web representation","fabio:WebPage","Gutenberg Web Version of Life of Franciabigio (Volume 5)","viewsari:the_lives_1568_gutenberg_web_version_of_volume-5","","https://www.gutenberg.org/files/28421/28421-h/28421-h.htm#Page_215","215","5","manifestation"
"viewsari:the_lives_1568_volume-5_morto-da-feltro-bio","viewsari:biography","fabio:Expression","Life of Morto da Feltro and Andrea di Cosimo Feltrini","viewsari:the_lives_1568_volume-5","viewsari:the_lives_1568_gutenberg_web_version_of_volume-5_morto-da-feltro-bio","","225","5","expression"
"viewsari:the_lives_1568_gutenberg_web_version_of_volume-5_morto-da-feltro-bio","viewsari:biography web representation","fabio:WebPage","Gutenberg Web Version of Life of Morto da Feltro and Andrea di Cosimo Feltrini (Volume 5)","viewsari:the_lives_1568_gutenberg_web_version_of_volume-5","","https://www.gutenberg.org/files/28421/28421-h/28421-h.htm#Page_225","225","5","manifestation"
"viewsari:the_lives_1568_volume-5_marco-calavrese-bio","viewsari:biography","fabio:Expression","Life of Marco Calavrese","viewsari:the_lives_1568_volume-5","viewsari:the_lives_1568_gutenberg_web_version_of_volume-5_marco-calavrese-bio","","235","5","expression"
"viewsari:the_lives_1568_gutenberg_web_version_of_volume-5_marco-calavrese-bio","viewsari:biography web representation","fabio:WebPage","Gutenberg Web Version of Life of Marco Calavrese (Volume 5)","viewsari:the_lives_1568_gutenberg_web_version_of_volume-5","","https://www.gutenberg.org/files/28421/28421-h/28421-h.htm#Page_235","235","5","manifestation"
"viewsari:the_lives_1568_volume-5_francesco-mazzuoli-bio","viewsari:biography","fabio:Expression","Life of Francesco Mazzuoli (Parmigiano)","viewsari:the_lives_1568_volume-5","viewsari:the_lives_1568_gutenberg_web_version_of_volume-5_francesco-mazzuoli-bio","","241","5","expression"
"viewsari:the_lives_1568_gutenberg_web_version_of_volume-5_francesco-mazzuoli-bio","viewsari:biography web representation","fabio:WebPage","Gutenberg Web Version of Life of Francesco Mazzuoli (Parmigiano) (Volume 5)","viewsari:the_lives_1568_gutenberg_web_version_of_volume-5","","https://www.gutenberg.org/files/28421/28421-h/28421-h.htm#Page_241","241","5","manifestation"
"viewsari:the_lives_1568_volume-5_jacopo-palma-and-lorenzo-lotto-bio","viewsari:biography","fabio:Expression","Life of Jacopo Palma and Lorenzo Lotto","viewsari:the_lives_1568_volume-5","viewsari:the_lives_1568_gutenberg_web_version_of_volume-5_jacopo-palma-and-lorenzo-lotto-bio","","257","5","expression"
"viewsari:the_lives_1568_gutenberg_web_version_of_volume-5_jacopo-palma-and-lorenzo-lotto-bio","viewsari:biography web representation","fabio:WebPage","Gutenberg Web Version of Life of Jacopo Palma and Lorenzo Lotto (Volume 5)","viewsari:the_lives_1568_gutenberg_web_version_of_volume-5","","https://www.gutenberg.org/files/28421/28421-h/28421-h.htm#Page_257","257","5","manifestation"
"viewsari:the_lives_1568_volume-6_fra-giocondo-liberale-bio","viewsari:biography","fabio:Expression","Life of Fra Giocondo, Liberale, and Others","viewsari:the_lives_1568_volume-6","viewsari:the_lives_1568_gutenberg_web_version_of_volume-6_fra-giocondo-liberale-bio","","1","6","expression"
"viewsari:the_lives_1568_gutenberg_web_version_of_volume-6_fra-giocondo-liberale-bio","viewsari:biography web representation","fabio:WebPage","Gutenberg Web Version of Life of Fra Giocondo, Liberale, and Others (Volume 6)","viewsari:the_lives_1568_gutenberg_web_version_of_volume-6","","https://www.gutenberg.org/files/28422/28422-h/28422-h.htm#Page_1","1","6","manifestation"
"viewsari:the_lives_1568_volume-6_francesco-granacci-bio","viewsari:biography","fabio:Expression","Life of Francesco Granacci","viewsari:the_lives_1568_volume-6","viewsari:the_lives_1568_gutenberg_web_version_of_volume-6_francesco-granacci-bio","","55","6","expression"
"viewsari:the_lives_1568_gutenberg_web_version_of_volume-6_francesco-granacci-bio","viewsari:biography web representation","fabio:WebPage","Gutenberg Web Version of Life of Francesco Granacci (Volume 6)","viewsari:the_lives_1568_gutenberg_web_version_of_volume-6","","https://www.gutenberg.org/files/28422/28422-h/28422-h.htm#Page_55","55","6","manifestation"
"viewsari:the_lives_1568_volume-6_baccio-d-agnolo-bio","viewsari:biography","fabio:Expression","Life of Baccio d'Agnolo","viewsari:the_lives_1568_volume-6","viewsari:the_lives_1568_gutenberg_web_version_of_volume-6_baccio-d-agnolo-bio","","63","6","expression"
"viewsari:the_lives_1568_gutenberg_web_version_of_volume-6_baccio-d-agnolo-bio","viewsari:biography web representation","fabio:WebPage","Gutenberg Web Version of Life of Baccio d'Agnolo (Volume 6)","viewsari:the_lives_1568_gutenberg_web_version_of_volume-6","","https://www.gutenberg.org/files/28422/28422-h/28422-h.htm#Page_63","63","6","manifestation"
"viewsari:the_lives_1568_volume-6_valerio-vicentino-bio","viewsari:biography","fabio:Expression","Life of Valerio Vicentino, Giovanni da Castel Bolognese, Matteo dal Nassaro, and Others","viewsari:the_lives_1568_volume-6","viewsari:the_lives_1568_gutenberg_web_version_of_volume-6_valerio-vicentino-bio","","73","6","expression"
"viewsari:the_lives_1568_gutenberg_web_version_of_volume-6_valerio-vicentino-bio","viewsari:biography web representation","fabio:WebPage","Gutenberg Web Version of Life of Valerio Vicentino, Giovanni da Castel Bolognese, Matteo dal Nassaro, and Others (Volume 6)","viewsari:the_lives_1568_gutenberg_web_version_of_volume-6","","https://www.gutenberg.org/files/28422/28422-h/28422-h.htm#Page_73","73","6","manifestation"
"viewsari:the_lives_1568_volume-6_marc-antonio-bolognese-bio","viewsari:biography","fabio:Expression","Life of Marc'Antonio Bolognese and Others","viewsari:the_lives_1568_volume-6","viewsari:the_lives_1568_gutenberg_web_version_of_volume-6_marc-antonio-bolognese-bio","","89","6","expression"
"viewsari:the_lives_1568_gutenberg_web_version_of_volume-6_marc-antonio-bolognese-bio","viewsari:biography web representation","fabio:WebPage","Gutenberg Web Version of Life of Marc'Antonio Bolognese and Others (Volume 6)","viewsari:the_lives_1568_gutenberg_web_version_of_volume-6","","https://www.gutenberg.org/files/28422/28422-h/28422-h.htm#Page_89","89","6","manifestation"
"viewsari:the_lives_1568_volume-6_antonio-da-san-gallo-bio","viewsari:biography","fabio:Expression","Life of Antonio da San Gallo","viewsari:the_lives_1568_volume-6","viewsari:the_lives_1568_gutenberg_web_version_of_volume-6_antonio-da-san-gallo-bio","","121","6","expression"
"viewsari:the_lives_1568_gutenberg_web_version_of_volume-6_antonio-da-san-gallo-bio","viewsari:biography web representation","fabio:WebPage","Gutenberg Web Version of Life of Antonio da San Gallo (Volume 6)","viewsari:the_lives_1568_gutenberg_web_version_of_volume-6","","https://www.gutenberg.org/files/28422/28422-h/28422-h.htm#Page_121","121","6","manifestation"
"viewsari:the_lives_1568_volume-6_giulio-romano-bio","viewsari:biography","fabio:Expression","Life of Giulio Romano","viewsari:the_lives_1568_volume-6","viewsari:the_lives_1568_gutenberg_web_version_of_volume-6_giulio-romano-bio","","143","6","expression"
"viewsari:the_lives_1568_gutenberg_web_version_of_volume-6_giulio-romano-bio","viewsari:biography web representation","fabio:WebPage","Gutenberg Web Version of Life of Giulio Romano (Volume 6)","viewsari:the_lives_1568_gutenberg_web_version_of_volume-6","","https://www.gutenberg.org/files/28422/28422-h/28422-h.htm#Page_143","143","6","manifestation"
"viewsari:the_lives_1568_volume-6_fra-sebastiano-del-piombo-bio","viewsari:biography","fabio:Expression","Life of Fra Sebastiano Viniziano del Piombo","viewsari:the_lives_1568_volume-6","viewsari:the_lives_1568_gutenberg_web_version_of_volume-6_fra-sebastiano-del-piombo-bio","","171","6","expression"
"viewsari:the_lives_1568_gutenberg_web_version_of_volume-6_fra-sebastiano-del-piombo-bio","viewsari:biography web representation","fabio:WebPage","Gutenberg Web Version of Life of Fra Sebastiano Viniziano del Piombo (Volume 6)","viewsari:the_lives_1568_gutenberg_web_version_of_volume-6","","https://www.gutenberg.org/files/28422/28422-h/28422-h.htm#Page_171","171","6","manifestation"
"viewsari:the_lives_1568_volume-6_perino-del-vaga-bio","viewsari:biography","fabio:Expression","Life of Perino del Vaga","viewsari:the_lives_1568_volume-6","viewsari:the_lives_1568_gutenberg_web_version_of_volume-6_perino-del-vaga-bio","","187","6","expression"
"viewsari:the_lives_1568_gutenberg_web_version_of_volume-6_perino-del-vaga-bio","viewsari:biography web representation","fabio:WebPage","Gutenberg Web Version of Life of Perino del Vaga (Volume 6)","viewsari:the_lives_1568_gutenberg_web_version_of_volume-6","","https://www.gutenberg.org/files/28422/28422-h/28422-h.htm#Page_187","187","6","manifestation"
"viewsari:the_lives_1568_volume-6_domenico-beccafumi-bio","viewsari:biography","fabio:Expression","Life of Domenico Beccafumi","viewsari:the_lives_1568_volume-6","viewsari:the_lives_1568_gutenberg_web_version_of_volume-6_domenico-beccafumi-bio","","233","6","expression"
"viewsari:the_lives_1568_gutenberg_web_version_of_volume-6_domenico-beccafumi-bio","viewsari:biography web representation","fabio:WebPage","Gutenberg Web Version of Life of Domenico Beccafumi (Volume 6)","viewsari:the_lives_1568_gutenberg_web_version_of_volume-6","","https://www.gutenberg.org/files/28422/28422-h/28422-h.htm#Page_233","233","6","manifestation"
"viewsari:the_lives_1568_volume-6_giovanni-antonio-lappoli-bio","viewsari:biography","fabio:Expression","Life of Giovanni Antonio Lappoli","viewsari:the_lives_1568_volume-6","viewsari:the_lives_1568_gutenberg_web_version_of_volume-6_giovanni-antonio-lappoli-bio","","253","6","expression"
"viewsari:the_lives_1568_gutenberg_web_version_of_volume-6_giovanni-antonio-lappoli-bio","viewsari:biography web representation","fabio:WebPage","Gutenberg Web Version of Life of Giovanni Antonio Lappoli (Volume 6)","viewsari:the_lives_1568_gutenberg_web_version_of_volume-6","","https://www.gutenberg.org/files/28422/28422-h/28422-h.htm#Page_253","253","6","manifestation"
"viewsari:the_lives_1568_volume-6_niccolo-soggi-bio","viewsari:biography","fabio:Expression","Life of Niccolo Soggi","viewsari:the_lives_1568_volume-6","viewsari:the_lives_1568_gutenberg_web_version_of_volume-6_niccolo-soggi-bio","","267","6","expression"
"viewsari:the_lives_1568_gutenberg_web_version_of_volume-6_niccolo-soggi-bio","viewsari:biography web representation","fabio:WebPage","Gutenberg Web Version of Life of Niccolo Soggi (Volume 6)","viewsari:the_lives_1568_gutenberg_web_version_of_volume-6","","https://www.gutenberg.org/files/28422/28422-h/28422-h.htm#Page_267","267","6","manifestation"
"viewsari:the_lives_1568_volume-7_tribolo-bio","viewsari:biography","fabio:Expression","Life of Niccolo, Called Tribolo","viewsari:the_lives_1568_volume-7","viewsari:the_lives_1568_gutenberg_web_version_of_volume-7_tribolo-bio","","1","7","expression"
"viewsari:the_lives_1568_gutenberg_web_version_of_volume-7_tribolo-bio","viewsari:biography web representation","fabio:WebPage","Gutenberg Web Version of Life of Niccolo, Called Tribolo (Volume 7)","viewsari:the_lives_1568_gutenberg_web_version_of_volume-7","","https://www.gutenberg.org/files/31845/31845-h/31845-h.htm#Page_1","1","7","manifestation"
"viewsari:the_lives_1568_volume-7_pierino-da-vinci-bio","viewsari:biography","fabio:Expression","Life of Pierino da Vinci","viewsari:the_lives_1568_volume-7","viewsari:the_lives_1568_gutenberg_web_version_of_volume-7_pierino-da-vinci-bio","","39","7","expression"
"viewsari:the_lives_1568_gutenberg_web_version_of_volume-7_pierino-da-vinci-bio","viewsari:biography web representation","fabio:WebPage","Gutenberg Web Version of Life of Pierino da Vinci (Volume 7)","viewsari:the_lives_1568_gutenberg_web_version_of_volume-7","","https://www.gutenberg.org/files/31845/31845-h/31845-h.htm#Page_39","39","7","manifestation"
"viewsari:the_lives_1568_volume-7_baccio-bandinelli-bio","viewsari:biography","fabio:Expression","Life of Baccio Bandinelli","viewsari:the_lives_1568_volume-7","viewsari:the_lives_1568_gutenberg_web_version_of_volume-7_baccio-bandinelli-bio","","53","7","expression"
"viewsari:the_lives_1568_gutenberg_web_version_of_volume-7_baccio-bandinelli-bio","viewsari:biography web representation","fabio:WebPage","Gutenberg Web Version of Life of Baccio Bandinelli (Volume 7)","viewsari:the_lives_1568_gutenberg_web_version_of_volume-7","","https://www.gutenberg.org/files/31845/31845-h/31845-h.htm#Page_53","53","7","manifestation"
"viewsari:the_lives_1568_volume-7_giuliano-bugiardini-bio","viewsari:biography","fabio:Expression","Life of Giuliano Bugiardini","viewsari:the_lives_1568_volume-7","viewsari:the_lives_1568_gutenberg_web_version_of_volume-7_giuliano-bugiardini-bio","","105","7","expression"
"viewsari:the_lives_1568_gutenberg_web_version_of_volume-7_giuliano-bugiardini-bio","viewsari:biography web representation","fabio:WebPage","Gutenberg Web Version of Life of Giuliano Bugiardini (Volume 7)","viewsari:the_lives_1568_gutenberg_web_version_of_volume-7","","https://www.gutenberg.org/files/31845/31845-h/31845-h.htm#Page_105","105","7","manifestation"
"viewsari:the_lives_1568_volume-7_cristofano-gherardi-bio","viewsari:biography","fabio:Expression","Life of Cristofano Gherardi, Called Doceno","viewsari:the_lives_1568_volume-7","viewsari:the_lives_1568_gutenberg_web_version_of_volume-7_cristofano-gherardi-bio","","115","7","expression"
"viewsari:the_lives_1568_gutenberg_web_version_of_volume-7_cristofano-gherardi-bio","viewsari:biography web representation","fabio:WebPage","Gutenberg Web Version of Life of Cristofano Gherardi, Called Doceno (Volume 7)","viewsari:the_lives_1568_gutenberg_web_version_of_volume-7","","https://www.gutenberg.org/files/31845/31845-h/31845-h.htm#Page_115","115","7","manifestation"
"viewsari:the_lives_1568_volume-7_jacopo-da-pontormo-bio","viewsari:biography","fabio:Expression","Life of Jacopo da Pontormo","viewsari:the_lives_1568_volume-7","viewsari:the_lives_1568_gutenberg_web_version_of_volume-7_jacopo-da-pontormo-bio","","145","7","expression"
"viewsari:the_lives_1568_gutenberg_web_version_of_volume-7_jacopo-da-pontormo-bio","viewsari:biography web representation","fabio:WebPage","Gutenberg Web Version of Life of Jacopo da Pontormo (Volume 7)","viewsari:the_lives_1568_gutenberg_web_version_of_volume-7","","https://www.gutenberg.org/files/31845/31845-h/31845-h.htm#Page_145","145","7","manifestation"
"viewsari:the_lives_1568_volume-7_simone-mosca-bio","viewsari:biography","fabio:Expression","Life of Simone Mosca","viewsari:the_lives_1568_volume-7","viewsari:the_lives_1568_gutenberg_web_version_of_volume-7_simone-mosca-bio","","183","7","expression"
"viewsari:the_lives_1568_gutenberg_web_version_of_volume-7_simone-mosca-bio","viewsari:biography web representation","fabio:WebPage","Gutenberg Web Version of Life of Simone Mosca (Volume 7)","viewsari:the_lives_1568_gutenberg_web_version_of_volume-7","","https://www.gutenberg.org/files/31845/31845-h/31845-h.htm#Page_183","183","7","manifestation"
"viewsari:the_lives_1568_volume-7_girolamo-and-bartolommeo-genga-bio","viewsari:biography","fabio:Expression","Life of Girolamo and Bartolommeo Genga, and Giovan Battista San Marino","viewsari:the_lives_1568_volume-7","viewsari:the_lives_1568_gutenberg_web_version_of_volume-7_girolamo-and-bartolommeo-genga-bio","","197","7","expression"
"viewsari:the_lives_1568_gutenberg_web_version_of_volume-7_girolamo-and-bartolommeo-genga-bio","viewsari:biography web representation","fabio:WebPage","Gutenberg Web Version of Life of Girolamo and Bartolommeo Genga, and Giovan Battista San Marino (Volume 7)","viewsari:the_lives_1568_gutenberg_web_version_of_volume-7","","https://www.gutenberg.org/files/31845/31845-h/31845-h.htm#Page_197","197","7","manifestation"
"viewsari:the_lives_1568_volume-7_michele-san-michele-bio","viewsari:biography","fabio:Expression","Life of Michele San Michele","viewsari:the_lives_1568_volume-7","viewsari:the_lives_1568_gutenberg_web_version_of_volume-7_michele-san-michele-bio","","215","7","expression"
"viewsari:the_lives_1568_gutenberg_web_version_of_volume-7_michele-san-michele-bio","viewsari:biography web representation","fabio:WebPage","Gutenberg Web Version of Life of Michele San Michele (Volume 7)","viewsari:the_lives_1568_gutenberg_web_version_of_volume-7","","https://www.gutenberg.org/files/31845/31845-h/31845-h.htm#Page_215","215","7","manifestation"
"viewsari:the_lives_1568_volume-7_il-sodoma-bio","viewsari:biography","fabio:Expression","Life of Giovanni Antonio Bazzi, Called Il Sodoma","viewsari:the_lives_1568_volume-7","viewsari:the_lives_1568_gutenberg_web_version_of_volume-7_il-sodoma-bio","","243","7","expression"
"viewsari:the_lives_1568_gutenberg_web_version_of_volume-7_il-sodoma-bio","viewsari:biography web representation","fabio:WebPage","Gutenberg Web Version of Life of Giovanni Antonio Bazzi, Called Il Sodoma (Volume 7)","viewsari:the_lives_1568_gutenberg_web_version_of_volume-7","","https://www.gutenberg.org/files/31845/31845-h/31845-h.htm#Page_243","243","7","manifestation"
"viewsari:the_lives_1568_volume-8_bastiano-da-san-gallo-bio","viewsari:biography","fabio:Expression","Life of Bastiano da San Gallo, Called Aristotile","viewsari:the_lives_1568_volume-8","viewsari:the_lives_1568_gutenberg_web_version_of_volume-8_bastiano-da-san-gallo-bio","","3","8","expression"
"viewsari:the_lives_1568_gutenberg_web_version_of_volume-8_bastiano-da-san-gallo-bio","viewsari:biography web representation","fabio:WebPage","Gutenberg Web Version of Life of Bastiano da San Gallo, Called Aristotile (Volume 8)","viewsari:the_lives_1568_gutenberg_web_version_of_volume-8","","https://www.gutenberg.org/files/31938/31938-h/31938-h.htm#Page_3","3","8","manifestation"
"viewsari:the_lives_1568_volume-8_benvenuto-garofalo-bio","viewsari:biography","fabio:Expression","Life of Benvenuto Garofalo and Girolamo da Carpi, and Other Lombards","viewsari:the_lives_1568_volume-8","viewsari:the_lives_1568_gutenberg_web_version_of_volume-8_benvenuto-garofalo-bio","","23","8","expression"
"viewsari:the_lives_1568_gutenberg_web_version_of_volume-8_benvenuto-garofalo-bio","viewsari:biography web representation","fabio:WebPage","Gutenberg Web Version of Life of Benvenuto Garofalo and Girolamo da Carpi, and Other Lombards (Volume 8)","viewsari:the_lives_1568_gutenberg_web_version_of_volume-8","","https://www.gutenberg.org/files/31938/31938-h/31938-h.htm#Page_23","23","8","manifestation"
"viewsari:the_lives_1568_volume-8_ridolfo-david-benedetto-ghirlandajo-bio","viewsari:biography","fabio:Expression","Life of Ridolfo, David, and Benedetto Ghirlandajo","viewsari:the_lives_1568_volume-8","viewsari:the_lives_1568_gutenberg_web_version_of_volume-8_ridolfo-david-benedetto-ghirlandajo-bio","","59","8","expression"
"viewsari:the_lives_1568_gutenberg_web_version_of_volume-8_ridolfo-david-benedetto-ghirlandajo-bio","viewsari:biography web representation","fabio:WebPage","Gutenberg Web Version of Life of Ridolfo, David, and Benedetto Ghirlandajo (Volume 8)","viewsari:the_lives_1568_gutenberg_web_version_of_volume-8","","https://www.gutenberg.org/files/31938/31938-h/31938-h.htm#Page_59","59","8","manifestation"
"viewsari:the_lives_1568_volume-8_giovanni-da-udine-bio","viewsari:biography","fabio:Expression","Life of Giovanni da Udine","viewsari:the_lives_1568_volume-8","viewsari:the_lives_1568_gutenberg_web_version_of_volume-8_giovanni-da-udine-bio","","73","8","expression"
"viewsari:the_lives_1568_gutenberg_web_version_of_volume-8_giovanni-da-udine-bio","viewsari:biography web representation","fabio:WebPage","Gutenberg Web Version of Life of Giovanni da Udine (Volume 8)","viewsari:the_lives_1568_gutenberg_web_version_of_volume-8","","https://www.gutenberg.org/files/31938/31938-h/31938-h.htm#Page_73","73","8","manifestation"
"viewsari:the_lives_1568_volume-8_battista-franco-bio","viewsari:biography","fabio:Expression","Life of Battista Franco","viewsari:the_lives_1568_volume-8","viewsari:the_lives_1568_gutenberg_web_version_of_volume-8_battista-franco-bio","","89","8","expression"
"viewsari:the_lives_1568_gutenberg_web_version_of_volume-8_battista-franco-bio","viewsari:biography web representation","fabio:WebPage","Gutenberg Web Version of Life of Battista Franco (Volume 8)","viewsari:the_lives_1568_gutenberg_web_version_of_volume-8","","https://www.gutenberg.org/files/31938/31938-h/31938-h.htm#Page_89","89","8","manifestation"
"viewsari:the_lives_1568_volume-8_giovan-francesco-rustici-bio","viewsari:biography","fabio:Expression","Life of Giovan Francesco Rustici","viewsari:the_lives_1568_volume-8","viewsari:the_lives_1568_gutenberg_web_version_of_volume-8_giovan-francesco-rustici-bio","","111","8","expression"
"viewsari:the_lives_1568_gutenberg_web_version_of_volume-8_giovan-francesco-rustici-bio","viewsari:biography web representation","fabio:WebPage","Gutenberg Web Version of Life of Giovan Francesco Rustici (Volume 8)","viewsari:the_lives_1568_gutenberg_web_version_of_volume-8","","https://www.gutenberg.org/files/31938/31938-h/31938-h.htm#Page_111","111","8","manifestation"
"viewsari:the_lives_1568_volume-8_fra-giovanni-agnolo-montorsoli-bio","viewsari:biography","fabio:Expression","Life of Fra Giovanni Agnolo Montorsoli","viewsari:the_lives_1568_volume-8","viewsari:the_lives_1568_gutenberg_web_version_of_volume-8_fra-giovanni-agnolo-montorsoli-bio","","133","8","expression"
"viewsari:the_lives_1568_gutenberg_web_version_of_volume-8_fra-giovanni-agnolo-montorsoli-bio","viewsari:biography web representation","fabio:WebPage","Gutenberg Web Version of Life of Fra Giovanni Agnolo Montorsoli (Volume 8)","viewsari:the_lives_1568_gutenberg_web_version_of_volume-8","","https://www.gutenberg.org/files/31938/31938-h/31938-h.htm#Page_133","133","8","manifestation"
"viewsari:the_lives_1568_volume-8_francesco-salviati-bio","viewsari:biography","fabio:Expression","Life of Francesco Salviati","viewsari:the_lives_1568_volume-8","viewsari:the_lives_1568_gutenberg_web_version_of_volume-8_francesco-salviati-bio","","161","8","expression"
"viewsari:the_lives_1568_gutenberg_web_version_of_volume-8_francesco-salviati-bio","viewsari:biography web representation","fabio:WebPage","Gutenberg Web Version of Life of Francesco Salviati (Volume 8)","viewsari:the_lives_1568_gutenberg_web_version_of_volume-8","","https://www.gutenberg.org/files/31938/31938-h/31938-h.htm#Page_161","161","8","manifestation"
"viewsari:the_lives_1568_volume-8_daniello-ricciarelli-bio","viewsari:biography","fabio:Expression","Life of Daniello Ricciarelli","viewsari:the_lives_1568_volume-8","viewsari:the_lives_1568_gutenberg_web_version_of_volume-8_daniello-ricciarelli-bio","","197","8","expression"
"viewsari:the_lives_1568_gutenberg_web_version_of_volume-8_daniello-ricciarelli-bio","viewsari:biography web representation","fabio:WebPage","Gutenberg Web Version of Life of Daniello Ricciarelli (Volume 8)","viewsari:the_lives_1568_gutenberg_web_version_of_volume-8","","https://www.gutenberg.org/files/31938/31938-h/31938-h.htm#Page_197","197","8","manifestation"
"viewsari:the_lives_1568_volume-8_taddeo-zucchero-bio","viewsari:biography","fabio:Expression","Life of Taddeo Zucchero","viewsari:the_lives_1568_volume-8","viewsari:the_lives_1568_gutenberg_web_version_of_volume-8_taddeo-zucchero-bio","","215","8","expression"
"viewsari:the_lives_1568_gutenberg_web_version_of_volume-8_taddeo-zucchero-bio","viewsari:biography web representation","fabio:WebPage","Gutenberg Web Version of Life of Taddeo Zucchero (Volume 8)","viewsari:the_lives_1568_gutenberg_web_version_of_volume-8","","https://www.gutenberg.org/files/31938/31938-h/31938-h.htm#Page_215","215","8","manifestation"
"viewsari:the_lives_1568_volume-9_michelangelo-bio","viewsari:biography","fabio:Expression","Life of Michelagnolo Buonarroti","viewsari:the_lives_1568_volume-9","viewsari:the_lives_1568_gutenberg_web_version_of_volume-9_michelangelo-bio","","1","9","expression"
"viewsari:the_lives_1568_gutenberg_web_version_of_volume-9_michelangelo-bio","viewsari:biography web representation","fabio:WebPage","Gutenberg Web Version of Life of Michelagnolo Buonarroti (Volume 9)","viewsari:the_lives_1568_gutenberg_web_version_of_volume-9","","https://www.gutenberg.org/files/32362/32362-h/32362-h.htm#Page_1","1","9","manifestation"
"viewsari:the_lives_1568_volume-9_francesco-primaticcio-bio","viewsari:biography","fabio:Expression","Life of Francesco Primaticcio","viewsari:the_lives_1568_volume-9","viewsari:the_lives_1568_gutenberg_web_version_of_volume-9_francesco-primaticcio-bio","","143","9","expression"
"viewsari:the_lives_1568_gutenberg_web_version_of_volume-9_francesco-primaticcio-bio","viewsari:biography web representation","fabio:WebPage","Gutenberg Web Version of Life of Francesco Primaticcio (Volume 9)","viewsari:the_lives_1568_gutenberg_web_version_of_volume-9","","https://www.gutenberg.org/files/32362/32362-h/32362-h.htm#Page_143","143","9","manifestation"
"viewsari:the_lives_1568_volume-9_titian-bio","viewsari:biography","fabio:Expression","Life of Tiziano da Cadore","viewsari:the_lives_1568_volume-9","viewsari:the_lives_1568_gutenberg_web_version_of_volume-9_titian-bio","","157","9","expression"
"viewsari:the_lives_1568_gutenberg_web_version_of_volume-9_titian-bio","viewsari:biography web representation","fabio:WebPage","Gutenberg Web Version of Life of Tiziano da Cadore (Volume 9)","viewsari:the_lives_1568_gutenberg_web_version_of_volume-9","","https://www.gutenberg.org/files/32362/32362-h/32362-h.htm#Page_157","157","9","manifestation"
"viewsari:the_lives_1568_volume-9_jacopo-sansovino-bio","viewsari:biography","fabio:Expression","Life of Jacopo Sansovino","viewsari:the_lives_1568_volume-9","viewsari:the_lives_1568_gutenberg_web_version_of_volume-9_jacopo-sansovino-bio","","185","9","expression"
"viewsari:the_lives_1568_gutenberg_web_version_of_volume-9_jacopo-sansovino-bio","viewsari:biography web representation","fabio:WebPage","Gutenberg Web Version of Life of Jacopo Sansovino (Volume 9)","viewsari:the_lives_1568_gutenberg_web_version_of_volume-9","","https://www.gutenberg.org/files/32362/32362-h/32362-h.htm#Page_185","185","9","manifestation"
"viewsari:the_lives_1568_volume-9_leone-lioni-bio","viewsari:biography","fabio:Expression","Life of Leone Lioni of Arezzo","viewsari:the_lives_1568_volume-9","viewsari:the_lives_1568_gutenberg_web_version_of_volume-9_leone-lioni-bio","","227","9","expression"
"viewsari:the_lives_1568_gutenberg_web_version_of_volume-9_leone-lioni-bio","viewsari:biography web representation","fabio:WebPage","Gutenberg Web Version of Life of Leone Lioni of Arezzo (Volume 9)","viewsari:the_lives_1568_gutenberg_web_version_of_volume-9","","https://www.gutenberg.org/files/32362/32362-h/32362-h.htm#Page_227","227","9","manifestation"
"viewsari:the_lives_1568_volume-9_don-giulio-clovio-bio","viewsari:biography","fabio:Expression","Life of Don Giulio Clovio","viewsari:the_lives_1568_volume-9","viewsari:the_lives_1568_gutenberg_web_version_of_volume-9_don-giulio-clovio-bio","","243","9","expression"
"viewsari:the_lives_1568_gutenberg_web_version_of_volume-9_don-giulio-clovio-bio","viewsari:biography web representation","fabio:WebPage","Gutenberg Web Version of Life of Don Giulio Clovio (Volume 9)","viewsari:the_lives_1568_gutenberg_web_version_of_volume-9","","https://www.gutenberg.org/files/32362/32362-h/32362-h.htm#Page_243","243","9","manifestation"
"viewsari:the_lives_1568_volume-9_divers-italian-craftsmen-bio","viewsari:biography","fabio:Expression","Divers Italian Craftsmen","viewsari:the_lives_1568_volume-9","viewsari:the_lives_1568_gutenberg_web_version_of_volume-9_divers-italian-craftsmen-bio","","255","9","expression"
"viewsari:the_lives_1568_gutenberg_web_version_of_volume-9_divers-italian-craftsmen-bio","viewsari:biography web representation","fabio:WebPage","Gutenberg Web Version of Divers Italian Craftsmen (Volume 9)","viewsari:the_lives_1568_gutenberg_web_version_of_volume-9","","https://www.gutenberg.org/files/32362/32362-h/32362-h.htm#Page_255","255","9","manifestation"
"viewsari:the_lives_1568_volume-9_divers-flemings-bio","viewsari:biography","fabio:Expression","Divers Flemings","viewsari:the_lives_1568_volume-9","viewsari:the_lives_1568_gutenberg_web_version_of_volume-9_divers-flemings-bio","","263","9","expression"
"viewsari:the_lives_1568_gutenberg_web_version_of_volume-9_divers-flemings-bio","viewsari:biography web representation","fabio:WebPage","Gutenberg Web Version of Divers Flemings (Volume 9)","viewsari:the_lives_1568_gutenberg_web_version_of_volume-9","","https://www.gutenberg.org/files/32362/32362-h/32362-h.htm#Page_263","263","9","manifestation"
"viewsari:the_lives_1568_volume-10_bronzino-bio","viewsari:biography","fabio:Expression","Life of Agnolo Bronzino","viewsari:the_lives_1568_volume-10","viewsari:the_lives_1568_gutenberg_web_version_of_volume-10_bronzino-bio","","1","10","expression"
"viewsari:the_lives_1568_gutenberg_web_version_of_volume-10_bronzino-bio","viewsari:biography web representation","fabio:WebPage","Gutenberg Web Version of Life of Agnolo Bronzino (Volume 10)","viewsari:the_lives_1568_gutenberg_web_version_of_volume-10","","https://www.gutenberg.org/files/33203/33203-h/33203-h.htm#Page_1","1","10","manifestation"
"viewsari:the_lives_1568_volume-10_academicians-design-bio","viewsari:biography","fabio:Expression","Of the Academicians of Design","viewsari:the_lives_1568_volume-10","viewsari:the_lives_1568_gutenberg_web_version_of_volume-10_academicians-design-bio","","3","10","expression"
"viewsari:the_lives_1568_gutenberg_web_version_of_volume-10_academicians-design-bio","viewsari:biography web representation","fabio:WebPage","Gutenberg Web Version of Of the Academicians of Design (Volume 10)","viewsari:the_lives_1568_gutenberg_web_version_of_volume-10","","https://www.gutenberg.org/files/33203/33203-h/33203-h.htm#Page_3","3","10","manifestation"
"viewsari:the_lives_1568_volume-10_festive-preparations-bio","viewsari:biography","fabio:Expression","Description of Festive Preparations","viewsari:the_lives_1568_volume-10","viewsari:the_lives_1568_gutenberg_web_version_of_volume-10_festive-preparations-bio","","37","10","expression"
"viewsari:the_lives_1568_gutenberg_web_version_of_volume-10_festive-preparations-bio","viewsari:biography web representation","fabio:WebPage","Gutenberg Web Version of Description of Festive Preparations (Volume 10)","viewsari:the_lives_1568_gutenberg_web_version_of_volume-10","","https://www.gutenberg.org/files/33203/33203-h/33203-h.htm#Page_37","37","10","manifestation"
"viewsari:the_lives_1568_volume-10_giorgio-vasari-bio","viewsari:biography","fabio:Expression","Life of Giorgio Vasari","viewsari:the_lives_1568_volume-10","viewsari:the_lives_1568_gutenberg_web_version_of_volume-10_giorgio-vasari-bio","","171","10","expression"
"viewsari:the_lives_1568_gutenberg_web_version_of_volume-10_giorgio-vasari-bio","viewsari:biography web representation","fabio:WebPage","Gutenberg Web Version of Life of Giorgio Vasari (Volume 10)","viewsari:the_lives_1568_gutenberg_web_version_of_volume-10","","https://www.gutenberg.org/files/33203/33203-h/33203-h.htm#Page_171","171","10","manifestation"
